<?xml version="1.0" encoding="UTF-8" standalone="no"?><gpx xmlns="http://www.topografix.com/GPX/1/1" xmlns:xsi="http://www.w3.org/2001/XMLSchema-instance" creator="Sports Tracker" version="1.1" xsi:schemaLocation="http://www.topografix.com/GPX/1/1 http://www.topografix.com/GPX/1/1/gpx.xsd"><metadata><name>J2 MIUT 2026</name><author><name>nicolaslenivet</name></author></metadata><wpt lat="32.824547" lon="-17.106136"><name>Begin</name><desc>Auto-generated</desc><type>Begin</type></wpt><wpt lat="32.82458" lon="-17.106844"><type>Left_turn</type></wpt><wpt lat="32.82317" lon="-17.106903"><type>Sharp_right_turn</type></wpt><wpt lat="32.81983" lon="-17.10897"><type>Slight_right_turn</type></wpt><wpt lat="32.817997" lon="-17.10891"><type>Left_turn</type></wpt><wpt lat="32.817993" lon="-17.108347"><name>Waypoint 1</name><desc>Auto-generated</desc><type>Waypoint</type></wpt><wpt lat="32.72969" lon="-16.968477"><name>Waypoint 2</name><desc>Auto-generated</desc><type>Waypoint</type></wpt><wpt lat="32.729237" lon="-16.967276"><type>Right_turn</type></wpt><wpt lat="32.726177" lon="-16.965513"><type>Sharp_left_turn</type></wpt><wpt lat="32.723873" lon="-16.964882"><type>Right_turn</type></wpt><wpt lat="32.722546" lon="-16.965853"><name>Gauche à l’emb.</name><type>Left_at_fork_turn</type></wpt><wpt lat="32.7225" lon="-16.965874"><type>Right_turn</type></wpt><wpt lat="32.72137" lon="-16.965973"><name>Gauche à l’emb.</name><type>Left_at_fork_turn</type></wpt><wpt lat="32.72043" lon="-16.965199"><type>Slight_right_turn</type></wpt><wpt lat="32.72035" lon="-16.96529"><type>Sharp_left_turn</type></wpt><wpt lat="32.720333" lon="-16.965237"><type>Right_turn</type></wpt><wpt lat="32.719772" lon="-16.96461"><type>Right_turn</type></wpt><wpt lat="32.716114" lon="-16.96583"><name>End</name><desc>Auto-generated</desc><type>End</type></wpt><rte><rtept lat="32.824547" lon="-17.106136"><ele>80.85</ele></rtept><rtept lat="32.824688" lon="-17.106613"><ele>83.77</ele></rtept><rtept lat="32.824696" lon="-17.106667"><ele>84.6</ele></rtept><rtept lat="32.824688" lon="-17.106712"><ele>85.46</ele></rtept><rtept lat="32.82458" lon="-17.106844"><ele>89.25</ele></rtept><rtept lat="32.824398" lon="-17.106619"><ele>88.79</ele></rtept><rtept lat="32.82427" lon="-17.106483"><ele>89.26</ele></rtept><rtept lat="32.824223" lon="-17.106453"><ele>89.46</ele></rtept><rtept lat="32.824116" lon="-17.106422"><ele>89.31</ele></rtept><rtept lat="32.82389" lon="-17.106379"><ele>88.95</ele></rtept><rtept lat="32.82376" lon="-17.106375"><ele>90.0</ele></rtept><rtept lat="32.82367" lon="-17.106407"><ele>91.52</ele></rtept><rtept lat="32.82361" lon="-17.106443"><ele>92.61</ele></rtept><rtept lat="32.82317" lon="-17.106903"><ele>102.46</ele></rtept><rtept lat="32.823326" lon="-17.10698"><ele>107.47</ele></rtept><rtept lat="32.82346" lon="-17.107199"><ele>109.04</ele></rtept><rtept lat="32.82342" lon="-17.107426"><ele>105.93</ele></rtept><rtept lat="32.823437" lon="-17.107552"><ele>102.15</ele></rtept><rtept lat="32.823418" lon="-17.107664"><ele>103.47</ele></rtept><rtept lat="32.82322" lon="-17.107864"><ele>116.08</ele></rtept><rtept lat="32.82306" lon="-17.10788"><ele>124.05</ele></rtept><rtept lat="32.822754" lon="-17.108149"><ele>140.1</ele></rtept><rtept lat="32.822388" lon="-17.108149"><ele>153.72</ele></rtept><rtept lat="32.8218" lon="-17.108524"><ele>173.13</ele></rtept><rtept lat="32.821644" lon="-17.108335"><ele>179.42</ele></rtept><rtept lat="32.821346" lon="-17.108711"><ele>193.82</ele></rtept><rtept lat="32.821255" lon="-17.10891"><ele>201.11</ele></rtept><rtept lat="32.8209" lon="-17.108927"><ele>215.72</ele></rtept><rtept lat="32.820747" lon="-17.108822"><ele>223.74</ele></rtept><rtept lat="32.82053" lon="-17.10913"><ele>238.32</ele></rtept><rtept lat="32.82038" lon="-17.109184"><ele>244.23</ele></rtept><rtept lat="32.820274" lon="-17.109161"><ele>248.99</ele></rtept><rtept lat="32.820015" lon="-17.109232"><ele>258.1</ele></rtept><rtept lat="32.81983" lon="-17.10897"><ele>260.36</ele></rtept><rtept lat="32.819756" lon="-17.108952"><ele>260.98</ele></rtept><rtept lat="32.81968" lon="-17.108952"><ele>261.3</ele></rtept><rtept lat="32.819637" lon="-17.10893"><ele>261.32</ele></rtept><rtept lat="32.81946" lon="-17.108791"><ele>263.21</ele></rtept><rtept lat="32.819347" lon="-17.108927"><ele>265.89</ele></rtept><rtept lat="32.819195" lon="-17.108948"><ele>268.35</ele></rtept><rtept lat="32.81906" lon="-17.10901"><ele>270.45</ele></rtept><rtept lat="32.818916" lon="-17.109022"><ele>272.77</ele></rtept><rtept lat="32.818764" lon="-17.109076"><ele>275.59</ele></rtept><rtept lat="32.81855" lon="-17.109114"><ele>279.27</ele></rtept><rtept lat="32.81819" lon="-17.10883"><ele>285.99</ele></rtept><rtept lat="32.817997" lon="-17.10891"><ele>287.68</ele></rtept><rtept lat="32.817886" lon="-17.108576"><ele>298.89</ele></rtept><rtept lat="32.81791" lon="-17.108484"><ele>302.06</ele></rtept><rtept lat="32.817993" lon="-17.108347"><ele>306.12</ele></rtept><rtept lat="32.817993" lon="-17.108347"><ele>306.15</ele></rtept><rtept lat="32.818012" lon="-17.108362"><ele>321.85367</ele></rtept><rtept lat="32.818203" lon="-17.107986"><ele>335.4</ele></rtept><rtept lat="32.818123" lon="-17.107912"><ele>339.0</ele></rtept><rtept lat="32.818012" lon="-17.107918"><ele>345.2</ele></rtept><rtept lat="32.817604" lon="-17.108023"><ele>361.4</ele></rtept><rtept lat="32.81758" lon="-17.107985"><ele>363.6</ele></rtept><rtept lat="32.817696" lon="-17.107904"><ele>367.8</ele></rtept><rtept lat="32.817707" lon="-17.107862"><ele>369.2</ele></rtept><rtept lat="32.817562" lon="-17.107807"><ele>375.2</ele></rtept><rtept lat="32.81748" lon="-17.107836"><ele>377.2</ele></rtept><rtept lat="32.81733" lon="-17.108027"><ele>382.6</ele></rtept><rtept lat="32.817257" lon="-17.10805"><ele>385.6</ele></rtept><rtept lat="32.817245" lon="-17.108032"><ele>386.6</ele></rtept><rtept lat="32.817287" lon="-17.10801"><ele>388.2</ele></rtept><rtept lat="32.81735" lon="-17.107868"><ele>392.2</ele></rtept><rtept lat="32.81748" lon="-17.107693"><ele>398.2</ele></rtept><rtept lat="32.81748" lon="-17.107645"><ele>399.0</ele></rtept><rtept lat="32.81744" lon="-17.107624"><ele>400.6</ele></rtept><rtept lat="32.81717" lon="-17.107752"><ele>412.8</ele></rtept><rtept lat="32.81689" lon="-17.107782"><ele>424.2</ele></rtept><rtept lat="32.816837" lon="-17.107832"><ele>426.4</ele></rtept><rtept lat="32.81683" lon="-17.10789"><ele>429.8</ele></rtept><rtept lat="32.816746" lon="-17.107918"><ele>433.2</ele></rtept><rtept lat="32.816864" lon="-17.107687"><ele>443.4</ele></rtept><rtept lat="32.816902" lon="-17.10754"><ele>448.0</ele></rtept><rtept lat="32.816837" lon="-17.107513"><ele>450.2</ele></rtept><rtept lat="32.81669" lon="-17.107613"><ele>456.0</ele></rtept><rtept lat="32.816776" lon="-17.107431"><ele>464.2</ele></rtept><rtept lat="32.816788" lon="-17.107311"><ele>467.2</ele></rtept><rtept lat="32.81662" lon="-17.107397"><ele>473.4</ele></rtept><rtept lat="32.816666" lon="-17.107155"><ele>482.4</ele></rtept><rtept lat="32.816624" lon="-17.107145"><ele>484.4</ele></rtept><rtept lat="32.8165" lon="-17.107222"><ele>489.4</ele></rtept><rtept lat="32.816498" lon="-17.107176"><ele>491.4</ele></rtept><rtept lat="32.81656" lon="-17.10707"><ele>495.6</ele></rtept><rtept lat="32.816452" lon="-17.107124"><ele>500.0</ele></rtept><rtept lat="32.81643" lon="-17.107096"><ele>502.0</ele></rtept><rtept lat="32.81652" lon="-17.106768"><ele>511.8</ele></rtept><rtept lat="32.816612" lon="-17.10669"><ele>517.2</ele></rtept><rtept lat="32.81644" lon="-17.106682"><ele>521.8</ele></rtept><rtept lat="32.816425" lon="-17.106665"><ele>522.4</ele></rtept><rtept lat="32.816456" lon="-17.106623"><ele>525.2</ele></rtept><rtept lat="32.816536" lon="-17.106592"><ele>528.4</ele></rtept><rtept lat="32.816536" lon="-17.106543"><ele>530.4</ele></rtept><rtept lat="32.816364" lon="-17.106512"><ele>535.8</ele></rtept><rtept lat="32.816307" lon="-17.106462"><ele>539.0</ele></rtept><rtept lat="32.81617" lon="-17.10648"><ele>544.2</ele></rtept><rtept lat="32.81605" lon="-17.106583"><ele>549.8</ele></rtept><rtept lat="32.816032" lon="-17.106556"><ele>551.2</ele></rtept><rtept lat="32.816074" lon="-17.106428"><ele>555.8</ele></rtept><rtept lat="32.816074" lon="-17.106295"><ele>559.8</ele></rtept><rtept lat="32.816128" lon="-17.10621"><ele>562.2</ele></rtept><rtept lat="32.81612" lon="-17.10616"><ele>563.8</ele></rtept><rtept lat="32.81605" lon="-17.106157"><ele>566.2</ele></rtept><rtept lat="32.81577" lon="-17.106379"><ele>576.2</ele></rtept><rtept lat="32.815784" lon="-17.106075"><ele>588.6</ele></rtept><rtept lat="32.815716" lon="-17.106043"><ele>593.6</ele></rtept><rtept lat="32.815807" lon="-17.105936"><ele>598.8</ele></rtept><rtept lat="32.815834" lon="-17.105858"><ele>601.6</ele></rtept><rtept lat="32.815777" lon="-17.105852"><ele>603.6</ele></rtept><rtept lat="32.81558" lon="-17.105932"><ele>609.8</ele></rtept><rtept lat="32.815666" lon="-17.10571"><ele>618.2</ele></rtept><rtept lat="32.815765" lon="-17.10559"><ele>624.8</ele></rtept><rtept lat="32.81573" lon="-17.105515"><ele>628.2</ele></rtept><rtept lat="32.815594" lon="-17.105413"><ele>633.0</ele></rtept><rtept lat="32.81555" lon="-17.105543"><ele>638.2</ele></rtept><rtept lat="32.815487" lon="-17.10554"><ele>640.4</ele></rtept><rtept lat="32.81538" lon="-17.105595"><ele>645.6</ele></rtept><rtept lat="32.815273" lon="-17.105753"><ele>652.4</ele></rtept><rtept lat="32.815086" lon="-17.105667"><ele>660.0</ele></rtept><rtept lat="32.815166" lon="-17.10561"><ele>667.4</ele></rtept><rtept lat="32.815178" lon="-17.105558"><ele>668.8</ele></rtept><rtept lat="32.81502" lon="-17.105536"><ele>673.2</ele></rtept><rtept lat="32.81497" lon="-17.105474"><ele>674.8</ele></rtept><rtept lat="32.81479" lon="-17.10539"><ele>680.4</ele></rtept><rtept lat="32.814568" lon="-17.105488"><ele>687.2</ele></rtept><rtept lat="32.814404" lon="-17.105679"><ele>694.0</ele></rtept><rtept lat="32.81436" lon="-17.1055"><ele>699.8</ele></rtept><rtept lat="32.814255" lon="-17.105408"><ele>704.0</ele></rtept><rtept lat="32.81426" lon="-17.10564"><ele>709.8</ele></rtept><rtept lat="32.814217" lon="-17.105682"><ele>711.4</ele></rtept><rtept lat="32.814003" lon="-17.10576"><ele>717.6</ele></rtept><rtept lat="32.814075" lon="-17.105616"><ele>722.8</ele></rtept><rtept lat="32.813995" lon="-17.105532"><ele>727.2</ele></rtept><rtept lat="32.813873" lon="-17.105726"><ele>734.8</ele></rtept><rtept lat="32.813766" lon="-17.105818"><ele>739.2</ele></rtept><rtept lat="32.813705" lon="-17.105824"><ele>740.8</ele></rtept><rtept lat="32.813572" lon="-17.105762"><ele>744.0</ele></rtept><rtept lat="32.813473" lon="-17.105652"><ele>748.2</ele></rtept><rtept lat="32.813343" lon="-17.10567"><ele>751.4</ele></rtept><rtept lat="32.81324" lon="-17.105642"><ele>754.2</ele></rtept><rtept lat="32.81301" lon="-17.105726"><ele>763.0</ele></rtept><rtept lat="32.81283" lon="-17.105692"><ele>768.8</ele></rtept><rtept lat="32.812702" lon="-17.105618"><ele>773.6</ele></rtept><rtept lat="32.812504" lon="-17.105686"><ele>783.2</ele></rtept><rtept lat="32.812412" lon="-17.105679"><ele>786.2</ele></rtept><rtept lat="32.812164" lon="-17.105791"><ele>795.8</ele></rtept><rtept lat="32.812126" lon="-17.10577"><ele>798.2</ele></rtept><rtept lat="32.812157" lon="-17.10573"><ele>800.2</ele></rtept><rtept lat="32.812153" lon="-17.105679"><ele>802.0</ele></rtept><rtept lat="32.812027" lon="-17.105623"><ele>805.2</ele></rtept><rtept lat="32.811813" lon="-17.10559"><ele>808.2</ele></rtept><rtept lat="32.811405" lon="-17.105255"><ele>811.8</ele></rtept><rtept lat="32.81104" lon="-17.105183"><ele>817.6</ele></rtept><rtept lat="32.810997" lon="-17.105118"><ele>820.2</ele></rtept><rtept lat="32.81093" lon="-17.105108"><ele>823.0</ele></rtept><rtept lat="32.81094" lon="-17.105038"><ele>825.6</ele></rtept><rtept lat="32.810997" lon="-17.104998"><ele>828.4</ele></rtept><rtept lat="32.811054" lon="-17.10497"><ele>830.6</ele></rtept><rtept lat="32.81115" lon="-17.104994"><ele>834.2</ele></rtept><rtept lat="32.811176" lon="-17.104944"><ele>835.8</ele></rtept><rtept lat="32.811165" lon="-17.1049"><ele>837.2</ele></rtept><rtept lat="32.810997" lon="-17.104801"><ele>841.4</ele></rtept><rtept lat="32.810837" lon="-17.1048"><ele>848.4</ele></rtept><rtept lat="32.810802" lon="-17.10473"><ele>852.4</ele></rtept><rtept lat="32.81061" lon="-17.10478"><ele>859.8</ele></rtept><rtept lat="32.810528" lon="-17.104755"><ele>862.0</ele></rtept><rtept lat="32.810406" lon="-17.104868"><ele>867.4</ele></rtept><rtept lat="32.81019" lon="-17.104954"><ele>874.6</ele></rtept><rtept lat="32.810192" lon="-17.10488"><ele>877.8</ele></rtept><rtept lat="32.810345" lon="-17.104708"><ele>884.2</ele></rtept><rtept lat="32.810005" lon="-17.104563"><ele>895.6</ele></rtept><rtept lat="32.809963" lon="-17.104534"><ele>898.0</ele></rtept><rtept lat="32.80995" lon="-17.104464"><ele>900.6</ele></rtept><rtept lat="32.809925" lon="-17.104492"><ele>903.0</ele></rtept><rtept lat="32.80991" lon="-17.104757"><ele>909.6</ele></rtept><rtept lat="32.809723" lon="-17.104753"><ele>916.8</ele></rtept><rtept lat="32.809624" lon="-17.104841"><ele>920.4</ele></rtept><rtept lat="32.809444" lon="-17.104908"><ele>927.4</ele></rtept><rtept lat="32.80936" lon="-17.104984"><ele>931.0</ele></rtept><rtept lat="32.80918" lon="-17.104893"><ele>937.6</ele></rtept><rtept lat="32.80909" lon="-17.104736"><ele>944.0</ele></rtept><rtept lat="32.80884" lon="-17.104776"><ele>951.4</ele></rtept><rtept lat="32.808735" lon="-17.104748"><ele>954.6</ele></rtept><rtept lat="32.80846" lon="-17.104818"><ele>962.8</ele></rtept><rtept lat="32.808327" lon="-17.10481"><ele>968.4</ele></rtept><rtept lat="32.808224" lon="-17.104761"><ele>973.2</ele></rtept><rtept lat="32.808002" lon="-17.10461"><ele>983.6</ele></rtept><rtept lat="32.808006" lon="-17.104563"><ele>986.2</ele></rtept><rtept lat="32.80812" lon="-17.10451"><ele>991.8</ele></rtept><rtept lat="32.808292" lon="-17.104515"><ele>997.8</ele></rtept><rtept lat="32.808414" lon="-17.104462"><ele>1000.4</ele></rtept><rtept lat="32.80858" lon="-17.104265"><ele>1003.6</ele></rtept><rtept lat="32.80853" lon="-17.104141"><ele>1005.8</ele></rtept><rtept lat="32.80853" lon="-17.104048"><ele>1007.0</ele></rtept><rtept lat="32.80844" lon="-17.103977"><ele>1008.8</ele></rtept><rtept lat="32.80831" lon="-17.10398"><ele>1011.0</ele></rtept><rtept lat="32.808144" lon="-17.103863"><ele>1014.4</ele></rtept><rtept lat="32.807785" lon="-17.103727"><ele>1018.4</ele></rtept><rtept lat="32.80771" lon="-17.1036"><ele>1021.6</ele></rtept><rtept lat="32.80748" lon="-17.103395"><ele>1027.6</ele></rtept><rtept lat="32.80739" lon="-17.103271"><ele>1028.6</ele></rtept><rtept lat="32.807327" lon="-17.103048"><ele>1029.6</ele></rtept><rtept lat="32.8071" lon="-17.102987"><ele>1031.8</ele></rtept><rtept lat="32.807076" lon="-17.10287"><ele>1033.4</ele></rtept><rtept lat="32.80703" lon="-17.102837"><ele>1035.4</ele></rtept><rtept lat="32.807034" lon="-17.102777"><ele>1036.8</ele></rtept><rtept lat="32.80694" lon="-17.10268"><ele>1040.0</ele></rtept><rtept lat="32.80682" lon="-17.102642"><ele>1043.0</ele></rtept><rtept lat="32.806618" lon="-17.102503"><ele>1048.4</ele></rtept><rtept lat="32.80658" lon="-17.102419"><ele>1049.4</ele></rtept><rtept lat="32.806175" lon="-17.102083"><ele>1055.8</ele></rtept><rtept lat="32.80573" lon="-17.101904"><ele>1063.0</ele></rtept><rtept lat="32.80536" lon="-17.10183"><ele>1069.8</ele></rtept><rtept lat="32.80528" lon="-17.101715"><ele>1071.4</ele></rtept><rtept lat="32.80518" lon="-17.101723"><ele>1073.8</ele></rtept><rtept lat="32.80506" lon="-17.101627"><ele>1077.6</ele></rtept><rtept lat="32.804874" lon="-17.10158"><ele>1083.4</ele></rtept><rtept lat="32.804348" lon="-17.101238"><ele>1102.2</ele></rtept><rtept lat="32.803932" lon="-17.10116"><ele>1113.0</ele></rtept><rtept lat="32.803738" lon="-17.100964"><ele>1117.8</ele></rtept><rtept lat="32.803314" lon="-17.10088"><ele>1127.4</ele></rtept><rtept lat="32.803154" lon="-17.100817"><ele>1132.2</ele></rtept><rtept lat="32.802914" lon="-17.100796"><ele>1139.8</ele></rtept><rtept lat="32.80266" lon="-17.100283"><ele>1147.8</ele></rtept><rtept lat="32.80259" lon="-17.10007"><ele>1150.0</ele></rtept><rtept lat="32.802483" lon="-17.099924"><ele>1151.4</ele></rtept><rtept lat="32.802372" lon="-17.09997"><ele>1155.4</ele></rtept><rtept lat="32.802288" lon="-17.100056"><ele>1158.6</ele></rtept><rtept lat="32.802013" lon="-17.100538"><ele>1172.2</ele></rtept><rtept lat="32.80194" lon="-17.100586"><ele>1174.8</ele></rtept><rtept lat="32.80158" lon="-17.100561"><ele>1186.2</ele></rtept><rtept lat="32.801464" lon="-17.100582"><ele>1189.8</ele></rtept><rtept lat="32.801037" lon="-17.100464"><ele>1204.4</ele></rtept><rtept lat="32.800774" lon="-17.100449"><ele>1213.4</ele></rtept><rtept lat="32.80019" lon="-17.100628"><ele>1232.6</ele></rtept><rtept lat="32.800026" lon="-17.100761"><ele>1237.4</ele></rtept><rtept lat="32.800003" lon="-17.100857"><ele>1239.0</ele></rtept><rtept lat="32.799927" lon="-17.100958"><ele>1242.0</ele></rtept><rtept lat="32.7995" lon="-17.101215"><ele>1255.0</ele></rtept><rtept lat="32.799023" lon="-17.101746"><ele>1279.4</ele></rtept><rtept lat="32.798946" lon="-17.101885"><ele>1284.4</ele></rtept><rtept lat="32.79883" lon="-17.101974"><ele>1290.4</ele></rtept><rtept lat="32.798656" lon="-17.10173"><ele>1295.6</ele></rtept><rtept lat="32.798584" lon="-17.101551"><ele>1300.4</ele></rtept><rtept lat="32.798183" lon="-17.101328"><ele>1303.8</ele></rtept><rtept lat="32.798023" lon="-17.101154"><ele>1304.8</ele></rtept><rtept lat="32.79784" lon="-17.101057"><ele>1306.8</ele></rtept><rtept lat="32.797733" lon="-17.100952"><ele>1308.0</ele></rtept><rtept lat="32.79709" lon="-17.100613"><ele>1316.4</ele></rtept><rtept lat="32.79688" lon="-17.100447"><ele>1319.6</ele></rtept><rtept lat="32.796516" lon="-17.100285"><ele>1325.2</ele></rtept><rtept lat="32.79624" lon="-17.10006"><ele>1332.2</ele></rtept><rtept lat="32.796043" lon="-17.099957"><ele>1337.4</ele></rtept><rtept lat="32.795815" lon="-17.099724"><ele>1342.0</ele></rtept><rtept lat="32.795635" lon="-17.099638"><ele>1347.4</ele></rtept><rtept lat="32.79534" lon="-17.099415"><ele>1356.4</ele></rtept><rtept lat="32.795006" lon="-17.09907"><ele>1365.2</ele></rtept><rtept lat="32.79482" lon="-17.098936"><ele>1370.6</ele></rtept><rtept lat="32.794533" lon="-17.098658"><ele>1379.4</ele></rtept><rtept lat="32.794037" lon="-17.098373"><ele>1391.4</ele></rtept><rtept lat="32.793694" lon="-17.098246"><ele>1400.2</ele></rtept><rtept lat="32.79336" lon="-17.098242"><ele>1409.2</ele></rtept><rtept lat="32.793076" lon="-17.098188"><ele>1415.4</ele></rtept><rtept lat="32.792847" lon="-17.098217"><ele>1420.8</ele></rtept><rtept lat="32.792606" lon="-17.098312"><ele>1426.6</ele></rtept><rtept lat="32.792046" lon="-17.098352"><ele>1433.4</ele></rtept><rtept lat="32.791134" lon="-17.098297"><ele>1451.0</ele></rtept><rtept lat="32.790764" lon="-17.098152"><ele>1455.2</ele></rtept><rtept lat="32.79056" lon="-17.098112"><ele>1458.0</ele></rtept><rtept lat="32.789898" lon="-17.098152"><ele>1463.2</ele></rtept><rtept lat="32.789494" lon="-17.098286"><ele>1464.0</ele></rtept><rtept lat="32.789227" lon="-17.098305"><ele>1464.4</ele></rtept><rtept lat="32.788868" lon="-17.098427"><ele>1463.6</ele></rtept><rtept lat="32.788498" lon="-17.098488"><ele>1464.0</ele></rtept><rtept lat="32.788223" lon="-17.098587"><ele>1465.2</ele></rtept><rtept lat="32.78815" lon="-17.098663"><ele>1466.4</ele></rtept><rtept lat="32.78815" lon="-17.098907"><ele>1467.2</ele></rtept><rtept lat="32.788074" lon="-17.0991"><ele>1465.4</ele></rtept><rtept lat="32.787838" lon="-17.099272"><ele>1462.0</ele></rtept><rtept lat="32.787704" lon="-17.09952"><ele>1458.2</ele></rtept><rtept lat="32.787537" lon="-17.099627"><ele>1455.0</ele></rtept><rtept lat="32.78743" lon="-17.099655"><ele>1453.0</ele></rtept><rtept lat="32.787037" lon="-17.09962"><ele>1444.6</ele></rtept><rtept lat="32.786587" lon="-17.099632"><ele>1436.4</ele></rtept><rtept lat="32.786236" lon="-17.099463"><ele>1432.4</ele></rtept><rtept lat="32.785465" lon="-17.098934"><ele>1423.2</ele></rtept><rtept lat="32.785057" lon="-17.098791"><ele>1421.8</ele></rtept><rtept lat="32.78393" lon="-17.098885"><ele>1417.2</ele></rtept><rtept lat="32.78364" lon="-17.098742"><ele>1416.0</ele></rtept><rtept lat="32.783318" lon="-17.098667"><ele>1415.6</ele></rtept><rtept lat="32.78305" lon="-17.098743"><ele>1414.4</ele></rtept><rtept lat="32.782635" lon="-17.098988"><ele>1413.0</ele></rtept><rtept lat="32.782593" lon="-17.098967"><ele>1413.0</ele></rtept><rtept lat="32.782486" lon="-17.098747"><ele>1414.0</ele></rtept><rtept lat="32.782192" lon="-17.098352"><ele>1417.4</ele></rtept><rtept lat="32.782074" lon="-17.098133"><ele>1420.2</ele></rtept><rtept lat="32.782074" lon="-17.097967"><ele>1422.0</ele></rtept><rtept lat="32.782204" lon="-17.097748"><ele>1424.6</ele></rtept><rtept lat="32.782215" lon="-17.09761"><ele>1426.6</ele></rtept><rtept lat="32.782143" lon="-17.097536"><ele>1427.8</ele></rtept><rtept lat="32.781944" lon="-17.09748"><ele>1430.4</ele></rtept><rtept lat="32.78182" lon="-17.097385"><ele>1432.6</ele></rtept><rtept lat="32.781452" lon="-17.09639"><ele>1443.4</ele></rtept><rtept lat="32.78125" lon="-17.0961"><ele>1446.4</ele></rtept><rtept lat="32.781044" lon="-17.095728"><ele>1448.4</ele></rtept><rtept lat="32.78067" lon="-17.094896"><ele>1451.2</ele></rtept><rtept lat="32.78033" lon="-17.094418"><ele>1453.8</ele></rtept><rtept lat="32.779896" lon="-17.093935"><ele>1457.2</ele></rtept><rtept lat="32.7795" lon="-17.093433"><ele>1460.8</ele></rtept><rtept lat="32.77931" lon="-17.093254"><ele>1461.4</ele></rtept><rtept lat="32.779007" lon="-17.093084"><ele>1462.6</ele></rtept><rtept lat="32.778534" lon="-17.092731"><ele>1464.2</ele></rtept><rtept lat="32.778156" lon="-17.092667"><ele>1465.6</ele></rtept><rtept lat="32.77764" lon="-17.092407"><ele>1469.8</ele></rtept><rtept lat="32.777306" lon="-17.09233"><ele>1470.6</ele></rtept><rtept lat="32.7772" lon="-17.092236"><ele>1470.4</ele></rtept><rtept lat="32.776943" lon="-17.091658"><ele>1469.8</ele></rtept><rtept lat="32.776684" lon="-17.091183"><ele>1471.8</ele></rtept><rtept lat="32.776497" lon="-17.090927"><ele>1473.4</ele></rtept><rtept lat="32.776302" lon="-17.090574"><ele>1476.0</ele></rtept><rtept lat="32.775993" lon="-17.090197"><ele>1477.4</ele></rtept><rtept lat="32.775883" lon="-17.08992"><ele>1478.2</ele></rtept><rtept lat="32.775272" lon="-17.088728"><ele>1484.0</ele></rtept><rtept lat="32.774937" lon="-17.088142"><ele>1488.8</ele></rtept><rtept lat="32.774746" lon="-17.087479"><ele>1495.6</ele></rtept><rtept lat="32.774384" lon="-17.08679"><ele>1498.2</ele></rtept><rtept lat="32.774258" lon="-17.08622"><ele>1499.4</ele></rtept><rtept lat="32.774097" lon="-17.085754"><ele>1499.2</ele></rtept><rtept lat="32.77342" lon="-17.0843"><ele>1505.4</ele></rtept><rtept lat="32.773243" lon="-17.084085"><ele>1505.6</ele></rtept><rtept lat="32.772884" lon="-17.083847"><ele>1508.8</ele></rtept><rtept lat="32.772793" lon="-17.083748"><ele>1510.4</ele></rtept><rtept lat="32.77257" lon="-17.083668"><ele>1513.6</ele></rtept><rtept lat="32.772358" lon="-17.083542"><ele>1516.6</ele></rtept><rtept lat="32.77223" lon="-17.083378"><ele>1518.2</ele></rtept><rtept lat="32.772114" lon="-17.082916"><ele>1520.4</ele></rtept><rtept lat="32.77201" lon="-17.08268"><ele>1523.4</ele></rtept><rtept lat="32.77211" lon="-17.082237"><ele>1526.2</ele></rtept><rtept lat="32.772083" lon="-17.081657"><ele>1529.2</ele></rtept><rtept lat="32.771744" lon="-17.080666"><ele>1535.8</ele></rtept><rtept lat="32.771614" lon="-17.080425"><ele>1538.8</ele></rtept><rtept lat="32.771175" lon="-17.079369"><ele>1547.0</ele></rtept><rtept lat="32.771294" lon="-17.078928"><ele>1551.6</ele></rtept><rtept lat="32.77119" lon="-17.078629"><ele>1554.2</ele></rtept><rtept lat="32.77154" lon="-17.078255"><ele>1560.8</ele></rtept><rtept lat="32.771626" lon="-17.077868"><ele>1565.6</ele></rtept><rtept lat="32.771782" lon="-17.077433"><ele>1571.4</ele></rtept><rtept lat="32.771816" lon="-17.07725"><ele>1574.2</ele></rtept><rtept lat="32.771935" lon="-17.077072"><ele>1578.6</ele></rtept><rtept lat="32.77183" lon="-17.077032"><ele>1580.4</ele></rtept><rtept lat="32.77181" lon="-17.076946"><ele>1581.0</ele></rtept><rtept lat="32.77167" lon="-17.076752"><ele>1579.0</ele></rtept><rtept lat="32.77128" lon="-17.07627"><ele>1578.2</ele></rtept><rtept lat="32.77107" lon="-17.076088"><ele>1579.0</ele></rtept><rtept lat="32.77064" lon="-17.075932"><ele>1579.4</ele></rtept><rtept lat="32.770508" lon="-17.075844"><ele>1578.8</ele></rtept><rtept lat="32.770344" lon="-17.075827"><ele>1578.8</ele></rtept><rtept lat="32.77034" lon="-17.075785"><ele>1578.8</ele></rtept><rtept lat="32.770416" lon="-17.075897"><ele>1579.6</ele></rtept><rtept lat="32.770348" lon="-17.075977"><ele>1579.2</ele></rtept><rtept lat="32.770256" lon="-17.075947"><ele>1577.6</ele></rtept><rtept lat="32.770073" lon="-17.075731"><ele>1577.0</ele></rtept><rtept lat="32.76988" lon="-17.075327"><ele>1579.4</ele></rtept><rtept lat="32.769855" lon="-17.075064"><ele>1580.6</ele></rtept><rtept lat="32.76995" lon="-17.074488"><ele>1582.0</ele></rtept><rtept lat="32.76988" lon="-17.074282"><ele>1582.0</ele></rtept><rtept lat="32.769737" lon="-17.074045"><ele>1584.4</ele></rtept><rtept lat="32.76973" lon="-17.073786"><ele>1586.6</ele></rtept><rtept lat="32.769627" lon="-17.073378"><ele>1587.4</ele></rtept><rtept lat="32.769264" lon="-17.072758"><ele>1587.0</ele></rtept><rtept lat="32.769135" lon="-17.072369"><ele>1586.8</ele></rtept><rtept lat="32.76916" lon="-17.072096"><ele>1585.6</ele></rtept><rtept lat="32.76919" lon="-17.07202"><ele>1585.8</ele></rtept><rtept lat="32.769283" lon="-17.071932"><ele>1586.4</ele></rtept><rtept lat="32.769276" lon="-17.071827"><ele>1586.2</ele></rtept><rtept lat="32.76934" lon="-17.071737"><ele>1586.2</ele></rtept><rtept lat="32.769314" lon="-17.07155"><ele>1585.8</ele></rtept><rtept lat="32.769367" lon="-17.071438"><ele>1585.6</ele></rtept><rtept lat="32.769318" lon="-17.071346"><ele>1585.2</ele></rtept><rtept lat="32.769226" lon="-17.071276"><ele>1584.6</ele></rtept><rtept lat="32.769264" lon="-17.070791"><ele>1585.0</ele></rtept><rtept lat="32.769146" lon="-17.07053"><ele>1586.0</ele></rtept><rtept lat="32.768906" lon="-17.070349"><ele>1588.4</ele></rtept><rtept lat="32.768635" lon="-17.07004"><ele>1590.0</ele></rtept><rtept lat="32.768448" lon="-17.06988"><ele>1590.0</ele></rtept><rtept lat="32.76829" lon="-17.06981"><ele>1590.8</ele></rtept><rtept lat="32.76821" lon="-17.069712"><ele>1592.0</ele></rtept><rtept lat="32.767944" lon="-17.069653"><ele>1594.6</ele></rtept><rtept lat="32.76787" lon="-17.069595"><ele>1595.0</ele></rtept><rtept lat="32.767773" lon="-17.069382"><ele>1596.6</ele></rtept><rtept lat="32.767582" lon="-17.069162"><ele>1596.2</ele></rtept><rtept lat="32.76749" lon="-17.068987"><ele>1595.2</ele></rtept><rtept lat="32.767307" lon="-17.068897"><ele>1594.0</ele></rtept><rtept lat="32.767075" lon="-17.06884"><ele>1591.6</ele></rtept><rtept lat="32.76704" lon="-17.068453"><ele>1589.4</ele></rtept><rtept lat="32.767006" lon="-17.068405"><ele>1588.8</ele></rtept><rtept lat="32.76692" lon="-17.068422"><ele>1588.0</ele></rtept><rtept lat="32.766685" lon="-17.068682"><ele>1586.4</ele></rtept><rtept lat="32.766563" lon="-17.068724"><ele>1585.6</ele></rtept><rtept lat="32.766537" lon="-17.068674"><ele>1585.2</ele></rtept><rtept lat="32.76654" lon="-17.068611"><ele>1584.4</ele></rtept><rtept lat="32.76675" lon="-17.068253"><ele>1582.8</ele></rtept><rtept lat="32.766663" lon="-17.068245"><ele>1581.4</ele></rtept><rtept lat="32.76649" lon="-17.068317"><ele>1579.6</ele></rtept><rtept lat="32.76663" lon="-17.068111"><ele>1578.2</ele></rtept><rtept lat="32.766636" lon="-17.068005"><ele>1577.4</ele></rtept><rtept lat="32.76642" lon="-17.067902"><ele>1575.4</ele></rtept><rtept lat="32.766247" lon="-17.0676"><ele>1574.2</ele></rtept><rtept lat="32.76587" lon="-17.067312"><ele>1573.2</ele></rtept><rtept lat="32.76561" lon="-17.066908"><ele>1573.2</ele></rtept><rtept lat="32.76559" lon="-17.066734"><ele>1573.8</ele></rtept><rtept lat="32.76549" lon="-17.066633"><ele>1573.8</ele></rtept><rtept lat="32.76543" lon="-17.066347"><ele>1573.4</ele></rtept><rtept lat="32.765392" lon="-17.066282"><ele>1573.0</ele></rtept><rtept lat="32.765297" lon="-17.06622"><ele>1572.4</ele></rtept><rtept lat="32.76529" lon="-17.066101"><ele>1573.4</ele></rtept><rtept lat="32.76532" lon="-17.065922"><ele>1573.8</ele></rtept><rtept lat="32.765297" lon="-17.065807"><ele>1573.4</ele></rtept><rtept lat="32.764946" lon="-17.06551"><ele>1576.0</ele></rtept><rtept lat="32.764835" lon="-17.06533"><ele>1577.8</ele></rtept><rtept lat="32.764656" lon="-17.0652"><ele>1579.4</ele></rtept><rtept lat="32.764484" lon="-17.065151"><ele>1580.6</ele></rtept><rtept lat="32.76428" lon="-17.064955"><ele>1581.4</ele></rtept><rtept lat="32.76425" lon="-17.06481"><ele>1581.8</ele></rtept><rtept lat="32.76431" lon="-17.064507"><ele>1583.0</ele></rtept><rtept lat="32.764202" lon="-17.06432"><ele>1584.0</ele></rtept><rtept lat="32.7642" lon="-17.064056"><ele>1584.6</ele></rtept><rtept lat="32.764122" lon="-17.063898"><ele>1584.0</ele></rtept><rtept lat="32.763847" lon="-17.063547"><ele>1583.4</ele></rtept><rtept lat="32.763626" lon="-17.06317"><ele>1585.6</ele></rtept><rtept lat="32.763374" lon="-17.06324"><ele>1585.2</ele></rtept><rtept lat="32.763283" lon="-17.063202"><ele>1584.2</ele></rtept><rtept lat="32.763226" lon="-17.063023"><ele>1583.6</ele></rtept><rtept lat="32.76306" lon="-17.06299"><ele>1582.8</ele></rtept><rtept lat="32.762695" lon="-17.062626"><ele>1579.8</ele></rtept><rtept lat="32.762394" lon="-17.062227"><ele>1577.2</ele></rtept><rtept lat="32.762363" lon="-17.062082"><ele>1576.4</ele></rtept><rtept lat="32.762314" lon="-17.062052"><ele>1576.0</ele></rtept><rtept lat="32.762093" lon="-17.062037"><ele>1573.0</ele></rtept><rtept lat="32.762173" lon="-17.061922"><ele>1571.0</ele></rtept><rtept lat="32.761818" lon="-17.062073"><ele>1567.4</ele></rtept><rtept lat="32.761745" lon="-17.062065"><ele>1566.8</ele></rtept><rtept lat="32.761925" lon="-17.061768"><ele>1564.8</ele></rtept><rtept lat="32.761894" lon="-17.061731"><ele>1563.8</ele></rtept><rtept lat="32.761784" lon="-17.061764"><ele>1563.0</ele></rtept><rtept lat="32.76177" lon="-17.061718"><ele>1562.8</ele></rtept><rtept lat="32.7619" lon="-17.061512"><ele>1561.4</ele></rtept><rtept lat="32.761925" lon="-17.061394"><ele>1560.6</ele></rtept><rtept lat="32.761868" lon="-17.06134"><ele>1560.0</ele></rtept><rtept lat="32.761723" lon="-17.061367"><ele>1558.8</ele></rtept><rtept lat="32.761623" lon="-17.061262"><ele>1558.8</ele></rtept><rtept lat="32.761543" lon="-17.061058"><ele>1558.2</ele></rtept><rtept lat="32.761543" lon="-17.06086"><ele>1557.2</ele></rtept><rtept lat="32.76135" lon="-17.060677"><ele>1557.4</ele></rtept><rtept lat="32.761375" lon="-17.060614"><ele>1558.0</ele></rtept><rtept lat="32.76136" lon="-17.060566"><ele>1558.2</ele></rtept><rtept lat="32.76069" lon="-17.060207"><ele>1563.4</ele></rtept><rtept lat="32.76037" lon="-17.060246"><ele>1564.0</ele></rtept><rtept lat="32.76022" lon="-17.060326"><ele>1564.2</ele></rtept><rtept lat="32.759583" lon="-17.060297"><ele>1564.0</ele></rtept><rtept lat="32.759293" lon="-17.060171"><ele>1564.8</ele></rtept><rtept lat="32.759224" lon="-17.060001"><ele>1564.6</ele></rtept><rtept lat="32.759033" lon="-17.059978"><ele>1562.4</ele></rtept><rtept lat="32.75865" lon="-17.060019"><ele>1558.2</ele></rtept><rtept lat="32.758484" lon="-17.059927"><ele>1555.6</ele></rtept><rtept lat="32.75844" lon="-17.059813"><ele>1554.6</ele></rtept><rtept lat="32.75836" lon="-17.059732"><ele>1553.2</ele></rtept><rtept lat="32.7583" lon="-17.059572"><ele>1551.2</ele></rtept><rtept lat="32.75803" lon="-17.059446"><ele>1550.6</ele></rtept><rtept lat="32.75796" lon="-17.059353"><ele>1551.4</ele></rtept><rtept lat="32.757977" lon="-17.059288"><ele>1552.0</ele></rtept><rtept lat="32.758144" lon="-17.059277"><ele>1552.2</ele></rtept><rtept lat="32.758556" lon="-17.059153"><ele>1549.0</ele></rtept><rtept lat="32.758682" lon="-17.059052"><ele>1547.0</ele></rtept><rtept lat="32.75896" lon="-17.058926"><ele>1542.6</ele></rtept><rtept lat="32.759197" lon="-17.05889"><ele>1538.2</ele></rtept><rtept lat="32.759315" lon="-17.05882"><ele>1535.6</ele></rtept><rtept lat="32.75947" lon="-17.058834"><ele>1533.0</ele></rtept><rtept lat="32.75951" lon="-17.058792"><ele>1532.2</ele></rtept><rtept lat="32.75971" lon="-17.058733"><ele>1529.0</ele></rtept><rtept lat="32.75987" lon="-17.058744"><ele>1526.4</ele></rtept><rtept lat="32.76003" lon="-17.058678"><ele>1524.2</ele></rtept><rtept lat="32.76009" lon="-17.058588"><ele>1521.8</ele></rtept><rtept lat="32.760468" lon="-17.058598"><ele>1513.0</ele></rtept><rtept lat="32.760464" lon="-17.058552"><ele>1511.6</ele></rtept><rtept lat="32.76032" lon="-17.058357"><ele>1506.6</ele></rtept><rtept lat="32.760185" lon="-17.058023"><ele>1499.0</ele></rtept><rtept lat="32.760216" lon="-17.05797"><ele>1496.2</ele></rtept><rtept lat="32.76029" lon="-17.057983"><ele>1493.6</ele></rtept><rtept lat="32.76029" lon="-17.057926"><ele>1490.8</ele></rtept><rtept lat="32.76035" lon="-17.05789"><ele>1487.0</ele></rtept><rtept lat="32.76046" lon="-17.057917"><ele>1481.0</ele></rtept><rtept lat="32.76073" lon="-17.058125"><ele>1474.8</ele></rtept><rtept lat="32.76091" lon="-17.058477"><ele>1471.0</ele></rtept><rtept lat="32.761047" lon="-17.058622"><ele>1468.6</ele></rtept><rtept lat="32.761143" lon="-17.058823"><ele>1465.6</ele></rtept><rtept lat="32.761253" lon="-17.058918"><ele>1464.0</ele></rtept><rtept lat="32.761364" lon="-17.059076"><ele>1463.0</ele></rtept><rtept lat="32.761536" lon="-17.059153"><ele>1460.4</ele></rtept><rtept lat="32.761795" lon="-17.059114"><ele>1461.4</ele></rtept><rtept lat="32.762016" lon="-17.059177"><ele>1461.0</ele></rtept><rtept lat="32.76235" lon="-17.059052"><ele>1460.2</ele></rtept><rtept lat="32.762398" lon="-17.059141"><ele>1461.2</ele></rtept><rtept lat="32.762363" lon="-17.059334"><ele>1460.0</ele></rtept><rtept lat="32.762417" lon="-17.059488"><ele>1458.0</ele></rtept><rtept lat="32.762573" lon="-17.05967"><ele>1456.6</ele></rtept><rtept lat="32.76283" lon="-17.059748"><ele>1454.6</ele></rtept><rtept lat="32.762947" lon="-17.059732"><ele>1452.2</ele></rtept><rtept lat="32.763123" lon="-17.059587"><ele>1451.2</ele></rtept><rtept lat="32.763515" lon="-17.059553"><ele>1445.8</ele></rtept><rtept lat="32.763756" lon="-17.059465"><ele>1445.0</ele></rtept><rtept lat="32.76406" lon="-17.059217"><ele>1442.0</ele></rtept><rtept lat="32.764206" lon="-17.05921"><ele>1439.8</ele></rtept><rtept lat="32.764187" lon="-17.05917"><ele>1437.2</ele></rtept><rtept lat="32.764214" lon="-17.059128"><ele>1435.0</ele></rtept><rtept lat="32.764183" lon="-17.05907"><ele>1432.6</ele></rtept><rtept lat="32.764225" lon="-17.058926"><ele>1426.0</ele></rtept><rtept lat="32.764595" lon="-17.058804"><ele>1415.0</ele></rtept><rtept lat="32.76472" lon="-17.058874"><ele>1412.0</ele></rtept><rtept lat="32.764847" lon="-17.059072"><ele>1403.8</ele></rtept><rtept lat="32.764904" lon="-17.05908"><ele>1399.0</ele></rtept><rtept lat="32.76502" lon="-17.0592"><ele>1390.4</ele></rtept><rtept lat="32.76516" lon="-17.059229"><ele>1381.8</ele></rtept><rtept lat="32.76518" lon="-17.059307"><ele>1376.8</ele></rtept><rtept lat="32.76534" lon="-17.059286"><ele>1369.0</ele></rtept><rtept lat="32.765587" lon="-17.059126"><ele>1361.6</ele></rtept><rtept lat="32.765774" lon="-17.058847"><ele>1352.2</ele></rtept><rtept lat="32.765854" lon="-17.058832"><ele>1346.6</ele></rtept><rtept lat="32.765877" lon="-17.05888"><ele>1343.6</ele></rtept><rtept lat="32.766018" lon="-17.058798"><ele>1336.2</ele></rtept><rtept lat="32.766083" lon="-17.058807"><ele>1333.4</ele></rtept><rtept lat="32.76619" lon="-17.058725"><ele>1328.0</ele></rtept><rtept lat="32.766266" lon="-17.058708"><ele>1324.2</ele></rtept><rtept lat="32.76632" lon="-17.058739"><ele>1320.8</ele></rtept><rtept lat="32.766632" lon="-17.058487"><ele>1306.4</ele></rtept><rtept lat="32.76684" lon="-17.058535"><ele>1294.2</ele></rtept><rtept lat="32.76694" lon="-17.058496"><ele>1288.0</ele></rtept><rtept lat="32.767075" lon="-17.058668"><ele>1277.6</ele></rtept><rtept lat="32.767166" lon="-17.058653"><ele>1273.6</ele></rtept><rtept lat="32.767357" lon="-17.058517"><ele>1266.6</ele></rtept><rtept lat="32.76748" lon="-17.058529"><ele>1260.8</ele></rtept><rtept lat="32.767574" lon="-17.058489"><ele>1257.8</ele></rtept><rtept lat="32.767803" lon="-17.058252"><ele>1246.4</ele></rtept><rtept lat="32.76794" lon="-17.05817"><ele>1240.4</ele></rtept><rtept lat="32.76797" lon="-17.058096"><ele>1237.2</ele></rtept><rtept lat="32.768085" lon="-17.058073"><ele>1234.6</ele></rtept><rtept lat="32.76821" lon="-17.057972"><ele>1232.2</ele></rtept><rtept lat="32.768448" lon="-17.057697"><ele>1223.6</ele></rtept><rtept lat="32.768555" lon="-17.057465"><ele>1218.8</ele></rtept><rtept lat="32.768864" lon="-17.057287"><ele>1212.2</ele></rtept><rtept lat="32.768974" lon="-17.057259"><ele>1209.4</ele></rtept><rtept lat="32.76913" lon="-17.057098"><ele>1206.0</ele></rtept><rtept lat="32.769257" lon="-17.057016"><ele>1204.4</ele></rtept><rtept lat="32.76956" lon="-17.05692"><ele>1198.0</ele></rtept><rtept lat="32.76967" lon="-17.056723"><ele>1193.2</ele></rtept><rtept lat="32.769703" lon="-17.056559"><ele>1191.0</ele></rtept><rtept lat="32.769676" lon="-17.056452"><ele>1189.0</ele></rtept><rtept lat="32.7697" lon="-17.05635"><ele>1187.4</ele></rtept><rtept lat="32.76961" lon="-17.056112"><ele>1184.0</ele></rtept><rtept lat="32.769665" lon="-17.055426"><ele>1177.4</ele></rtept><rtept lat="32.76965" lon="-17.055298"><ele>1177.2</ele></rtept><rtept lat="32.769585" lon="-17.055222"><ele>1177.2</ele></rtept><rtept lat="32.769375" lon="-17.055187"><ele>1177.2</ele></rtept><rtept lat="32.769234" lon="-17.055225"><ele>1177.0</ele></rtept><rtept lat="32.76895" lon="-17.055475"><ele>1177.0</ele></rtept><rtept lat="32.768604" lon="-17.055996"><ele>1177.0</ele></rtept><rtept lat="32.768333" lon="-17.056158"><ele>1176.4</ele></rtept><rtept lat="32.768173" lon="-17.056152"><ele>1176.4</ele></rtept><rtept lat="32.767773" lon="-17.056337"><ele>1176.2</ele></rtept><rtept lat="32.767624" lon="-17.05655"><ele>1176.2</ele></rtept><rtept lat="32.76761" lon="-17.056652"><ele>1176.6</ele></rtept><rtept lat="32.767525" lon="-17.056763"><ele>1176.8</ele></rtept><rtept lat="32.767353" lon="-17.056828"><ele>1176.2</ele></rtept><rtept lat="32.766876" lon="-17.056763"><ele>1176.0</ele></rtept><rtept lat="32.76673" lon="-17.05663"><ele>1176.0</ele></rtept><rtept lat="32.766693" lon="-17.056362"><ele>1175.8</ele></rtept><rtept lat="32.766502" lon="-17.055946"><ele>1176.0</ele></rtept><rtept lat="32.766468" lon="-17.055733"><ele>1175.8</ele></rtept><rtept lat="32.76637" lon="-17.055548"><ele>1175.8</ele></rtept><rtept lat="32.766273" lon="-17.055275"><ele>1176.2</ele></rtept><rtept lat="32.766273" lon="-17.055176"><ele>1176.0</ele></rtept><rtept lat="32.766357" lon="-17.054842"><ele>1175.6</ele></rtept><rtept lat="32.766457" lon="-17.054592"><ele>1175.4</ele></rtept><rtept lat="32.766457" lon="-17.054438"><ele>1175.4</ele></rtept><rtept lat="32.766388" lon="-17.05438"><ele>1175.4</ele></rtept><rtept lat="32.766186" lon="-17.054335"><ele>1175.4</ele></rtept><rtept lat="32.765873" lon="-17.054596"><ele>1175.0</ele></rtept><rtept lat="32.765694" lon="-17.054693"><ele>1175.2</ele></rtept><rtept lat="32.76558" lon="-17.05469"><ele>1175.2</ele></rtept><rtept lat="32.765533" lon="-17.054728"><ele>1175.0</ele></rtept><rtept lat="32.7655" lon="-17.054834"><ele>1175.0</ele></rtept><rtept lat="32.765495" lon="-17.054993"><ele>1175.0</ele></rtept><rtept lat="32.765415" lon="-17.055185"><ele>1174.6</ele></rtept><rtept lat="32.76536" lon="-17.055511"><ele>1174.4</ele></rtept><rtept lat="32.765274" lon="-17.055616"><ele>1174.2</ele></rtept><rtept lat="32.765167" lon="-17.055605"><ele>1174.4</ele></rtept><rtept lat="32.765057" lon="-17.055529"><ele>1174.2</ele></rtept><rtept lat="32.7649" lon="-17.05557"><ele>1174.2</ele></rtept><rtept lat="32.764828" lon="-17.055552"><ele>1174.2</ele></rtept><rtept lat="32.764736" lon="-17.055477"><ele>1174.2</ele></rtept><rtept lat="32.764584" lon="-17.055222"><ele>1174.0</ele></rtept><rtept lat="32.764412" lon="-17.055178"><ele>1174.0</ele></rtept><rtept lat="32.764046" lon="-17.055399"><ele>1174.2</ele></rtept><rtept lat="32.763966" lon="-17.05567"><ele>1173.8</ele></rtept><rtept lat="32.76357" lon="-17.05608"><ele>1173.6</ele></rtept><rtept lat="32.76349" lon="-17.056309"><ele>1173.4</ele></rtept><rtept lat="32.763454" lon="-17.056332"><ele>1173.2</ele></rtept><rtept lat="32.763382" lon="-17.056307"><ele>1173.2</ele></rtept><rtept lat="32.763252" lon="-17.056107"><ele>1173.0</ele></rtept><rtept lat="32.763103" lon="-17.056004"><ele>1173.2</ele></rtept><rtept lat="32.76287" lon="-17.055956"><ele>1173.2</ele></rtept><rtept lat="32.762627" lon="-17.055975"><ele>1173.0</ele></rtept><rtept lat="32.762592" lon="-17.05595"><ele>1173.0</ele></rtept><rtept lat="32.762657" lon="-17.055761"><ele>1172.8</ele></rtept><rtept lat="32.762634" lon="-17.055607"><ele>1173.0</ele></rtept><rtept lat="32.762768" lon="-17.055449"><ele>1172.6</ele></rtept><rtept lat="32.762886" lon="-17.055202"><ele>1172.8</ele></rtept><rtept lat="32.762856" lon="-17.05493"><ele>1172.6</ele></rtept><rtept lat="32.763" lon="-17.05474"><ele>1172.4</ele></rtept><rtept lat="32.76307" lon="-17.054493"><ele>1172.4</ele></rtept><rtept lat="32.763073" lon="-17.054386"><ele>1172.4</ele></rtept><rtept lat="32.762985" lon="-17.054289"><ele>1172.4</ele></rtept><rtept lat="32.763004" lon="-17.054173"><ele>1172.2</ele></rtept><rtept lat="32.763134" lon="-17.05404"><ele>1172.0</ele></rtept><rtept lat="32.76328" lon="-17.053654"><ele>1172.0</ele></rtept><rtept lat="32.763573" lon="-17.053297"><ele>1171.8</ele></rtept><rtept lat="32.763615" lon="-17.053171"><ele>1171.6</ele></rtept><rtept lat="32.7636" lon="-17.052973"><ele>1171.4</ele></rtept><rtept lat="32.76363" lon="-17.052773"><ele>1171.4</ele></rtept><rtept lat="32.763885" lon="-17.052298"><ele>1171.2</ele></rtept><rtept lat="32.76394" lon="-17.051846"><ele>1171.0</ele></rtept><rtept lat="32.764" lon="-17.05169"><ele>1170.8</ele></rtept><rtept lat="32.76408" lon="-17.051598"><ele>1170.8</ele></rtept><rtept lat="32.764072" lon="-17.051432"><ele>1170.6</ele></rtept><rtept lat="32.764004" lon="-17.051188"><ele>1170.6</ele></rtept><rtept lat="32.764023" lon="-17.050814"><ele>1170.4</ele></rtept><rtept lat="32.76399" lon="-17.050644"><ele>1169.2</ele></rtept><rtept lat="32.763992" lon="-17.050568"><ele>1167.0</ele></rtept><rtept lat="32.764084" lon="-17.050434"><ele>1164.2</ele></rtept><rtept lat="32.76414" lon="-17.050055"><ele>1157.6</ele></rtept><rtept lat="32.764297" lon="-17.049683"><ele>1148.0</ele></rtept><rtept lat="32.764385" lon="-17.049564"><ele>1143.8</ele></rtept><rtept lat="32.76449" lon="-17.049337"><ele>1134.6</ele></rtept><rtept lat="32.764565" lon="-17.04893"><ele>1135.4</ele></rtept><rtept lat="32.76467" lon="-17.048548"><ele>1136.4</ele></rtept><rtept lat="32.76491" lon="-17.048159"><ele>1121.2</ele></rtept><rtept lat="32.764885" lon="-17.04805"><ele>1115.0</ele></rtept><rtept lat="32.764896" lon="-17.04778"><ele>1102.4</ele></rtept><rtept lat="32.764984" lon="-17.047468"><ele>1093.0</ele></rtept><rtept lat="32.76508" lon="-17.047262"><ele>1086.8</ele></rtept><rtept lat="32.76509" lon="-17.047194"><ele>1084.2</ele></rtept><rtept lat="32.76504" lon="-17.046907"><ele>1072.4</ele></rtept><rtept lat="32.765076" lon="-17.046753"><ele>1067.4</ele></rtept><rtept lat="32.765175" lon="-17.046545"><ele>1058.4</ele></rtept><rtept lat="32.765156" lon="-17.045988"><ele>1029.6</ele></rtept><rtept lat="32.76521" lon="-17.045849"><ele>1021.8</ele></rtept><rtept lat="32.765083" lon="-17.045511"><ele>1005.2</ele></rtept><rtept lat="32.765083" lon="-17.045267"><ele>996.8</ele></rtept><rtept lat="32.76513" lon="-17.045057"><ele>986.6</ele></rtept><rtept lat="32.765083" lon="-17.044855"><ele>975.4</ele></rtept><rtept lat="32.765156" lon="-17.044537"><ele>958.6</ele></rtept><rtept lat="32.764973" lon="-17.044662"><ele>954.8</ele></rtept><rtept lat="32.764896" lon="-17.044752"><ele>954.4</ele></rtept><rtept lat="32.764645" lon="-17.045258"><ele>955.0</ele></rtept><rtept lat="32.764526" lon="-17.045328"><ele>955.2</ele></rtept><rtept lat="32.764324" lon="-17.045307"><ele>954.6</ele></rtept><rtept lat="32.764145" lon="-17.04554"><ele>954.4</ele></rtept><rtept lat="32.76409" lon="-17.045706"><ele>954.4</ele></rtept><rtept lat="32.763973" lon="-17.045847"><ele>954.2</ele></rtept><rtept lat="32.763866" lon="-17.046053"><ele>954.0</ele></rtept><rtept lat="32.76384" lon="-17.046211"><ele>953.8</ele></rtept><rtept lat="32.763855" lon="-17.046406"><ele>953.8</ele></rtept><rtept lat="32.763683" lon="-17.046555"><ele>953.6</ele></rtept><rtept lat="32.763535" lon="-17.0468"><ele>954.0</ele></rtept><rtept lat="32.763416" lon="-17.047264"><ele>954.2</ele></rtept><rtept lat="32.76323" lon="-17.047764"><ele>954.8</ele></rtept><rtept lat="32.763092" lon="-17.04784"><ele>955.0</ele></rtept><rtept lat="32.762985" lon="-17.04782"><ele>955.0</ele></rtept><rtept lat="32.76285" lon="-17.04786"><ele>954.8</ele></rtept><rtept lat="32.7627" lon="-17.047958"><ele>954.6</ele></rtept><rtept lat="32.762547" lon="-17.047964"><ele>954.8</ele></rtept><rtept lat="32.7624" lon="-17.048096"><ele>955.4</ele></rtept><rtept lat="32.76236" lon="-17.048231"><ele>956.2</ele></rtept><rtept lat="32.76227" lon="-17.04827"><ele>957.4</ele></rtept><rtept lat="32.762054" lon="-17.048233"><ele>958.8</ele></rtept><rtept lat="32.762" lon="-17.048246"><ele>959.0</ele></rtept><rtept lat="32.761955" lon="-17.048307"><ele>959.8</ele></rtept><rtept lat="32.76189" lon="-17.048307"><ele>960.2</ele></rtept><rtept lat="32.761623" lon="-17.04814"><ele>960.8</ele></rtept><rtept lat="32.761734" lon="-17.048084"><ele>957.6</ele></rtept><rtept lat="32.761806" lon="-17.047953"><ele>953.6</ele></rtept><rtept lat="32.76203" lon="-17.047863"><ele>951.4</ele></rtept><rtept lat="32.76214" lon="-17.04758"><ele>948.4</ele></rtept><rtept lat="32.76239" lon="-17.047218"><ele>940.8</ele></rtept><rtept lat="32.762886" lon="-17.047094"><ele>937.4</ele></rtept><rtept lat="32.76305" lon="-17.04698"><ele>936.0</ele></rtept><rtept lat="32.763107" lon="-17.046713"><ele>938.0</ele></rtept><rtept lat="32.763084" lon="-17.04662"><ele>939.2</ele></rtept><rtept lat="32.762955" lon="-17.046448"><ele>941.0</ele></rtept><rtept lat="32.76291" lon="-17.046337"><ele>940.0</ele></rtept><rtept lat="32.76294" lon="-17.046026"><ele>934.2</ele></rtept><rtept lat="32.762985" lon="-17.04582"><ele>929.8</ele></rtept><rtept lat="32.763233" lon="-17.045591"><ele>923.2</ele></rtept><rtept lat="32.763424" lon="-17.045242"><ele>909.0</ele></rtept><rtept lat="32.76342" lon="-17.045105"><ele>906.0</ele></rtept><rtept lat="32.76339" lon="-17.045008"><ele>903.8</ele></rtept><rtept lat="32.763313" lon="-17.044827"><ele>899.2</ele></rtept><rtept lat="32.763206" lon="-17.044676"><ele>893.0</ele></rtept><rtept lat="32.76313" lon="-17.04412"><ele>878.6</ele></rtept><rtept lat="32.762783" lon="-17.043612"><ele>864.4</ele></rtept><rtept lat="32.762653" lon="-17.043104"><ele>856.2</ele></rtept><rtept lat="32.762558" lon="-17.042934"><ele>853.4</ele></rtept><rtept lat="32.762676" lon="-17.042786"><ele>849.0</ele></rtept><rtept lat="32.762733" lon="-17.042627"><ele>845.8</ele></rtept><rtept lat="32.762676" lon="-17.042198"><ele>837.6</ele></rtept><rtept lat="32.76269" lon="-17.042028"><ele>834.2</ele></rtept><rtept lat="32.76276" lon="-17.041805"><ele>829.6</ele></rtept><rtept lat="32.762726" lon="-17.041605"><ele>824.0</ele></rtept><rtept lat="32.76275" lon="-17.04139"><ele>818.8</ele></rtept><rtept lat="32.762737" lon="-17.04123"><ele>814.0</ele></rtept><rtept lat="32.762714" lon="-17.041107"><ele>810.6</ele></rtept><rtept lat="32.76261" lon="-17.040884"><ele>804.6</ele></rtept><rtept lat="32.762684" lon="-17.040604"><ele>796.6</ele></rtept><rtept lat="32.762676" lon="-17.040516"><ele>794.4</ele></rtept><rtept lat="32.762543" lon="-17.040277"><ele>787.6</ele></rtept><rtept lat="32.762573" lon="-17.040157"><ele>783.6</ele></rtept><rtept lat="32.76249" lon="-17.040018"><ele>779.0</ele></rtept><rtept lat="32.76247" lon="-17.039867"><ele>776.2</ele></rtept><rtept lat="32.76251" lon="-17.039722"><ele>772.4</ele></rtept><rtept lat="32.7625" lon="-17.039568"><ele>769.0</ele></rtept><rtept lat="32.762447" lon="-17.039389"><ele>764.0</ele></rtept><rtept lat="32.76242" lon="-17.039103"><ele>756.0</ele></rtept><rtept lat="32.762466" lon="-17.038944"><ele>751.8</ele></rtept><rtept lat="32.762547" lon="-17.03884"><ele>748.8</ele></rtept><rtept lat="32.76256" lon="-17.038738"><ele>746.6</ele></rtept><rtept lat="32.76254" lon="-17.03869"><ele>745.0</ele></rtept><rtept lat="32.762337" lon="-17.038687"><ele>742.0</ele></rtept><rtept lat="32.762234" lon="-17.038462"><ele>736.6</ele></rtept><rtept lat="32.762287" lon="-17.03827"><ele>732.0</ele></rtept><rtept lat="32.762608" lon="-17.037884"><ele>720.6</ele></rtept><rtept lat="32.76294" lon="-17.037266"><ele>701.6</ele></rtept><rtept lat="32.763004" lon="-17.037083"><ele>696.4</ele></rtept><rtept lat="32.76298" lon="-17.036882"><ele>691.4</ele></rtept><rtept lat="32.763134" lon="-17.036678"><ele>685.8</ele></rtept><rtept lat="32.76306" lon="-17.036543"><ele>681.8</ele></rtept><rtept lat="32.76309" lon="-17.036434"><ele>679.0</ele></rtept><rtept lat="32.76298" lon="-17.036345"><ele>675.8</ele></rtept><rtept lat="32.762787" lon="-17.036264"><ele>672.0</ele></rtept><rtept lat="32.762775" lon="-17.03616"><ele>669.0</ele></rtept><rtept lat="32.76322" lon="-17.03585"><ele>656.4</ele></rtept><rtept lat="32.763313" lon="-17.03588"><ele>653.0</ele></rtept><rtept lat="32.76334" lon="-17.035986"><ele>650.4</ele></rtept><rtept lat="32.763416" lon="-17.035995"><ele>647.8</ele></rtept><rtept lat="32.763615" lon="-17.035828"><ele>643.2</ele></rtept><rtept lat="32.763752" lon="-17.035658"><ele>639.2</ele></rtept><rtept lat="32.763924" lon="-17.03563"><ele>635.0</ele></rtept><rtept lat="32.7641" lon="-17.035376"><ele>629.6</ele></rtept><rtept lat="32.76427" lon="-17.035269"><ele>625.4</ele></rtept><rtept lat="32.764515" lon="-17.035337"><ele>619.8</ele></rtept><rtept lat="32.76501" lon="-17.035088"><ele>611.6</ele></rtept><rtept lat="32.765118" lon="-17.03507"><ele>609.2</ele></rtept><rtept lat="32.76529" lon="-17.035122"><ele>604.6</ele></rtept><rtept lat="32.765438" lon="-17.03502"><ele>600.0</ele></rtept><rtept lat="32.76556" lon="-17.034977"><ele>596.8</ele></rtept><rtept lat="32.765648" lon="-17.034992"><ele>594.6</ele></rtept><rtept lat="32.765755" lon="-17.03507"><ele>591.2</ele></rtept><rtept lat="32.765484" lon="-17.034716"><ele>588.0</ele></rtept><rtept lat="32.765743" lon="-17.034792"><ele>581.8</ele></rtept><rtept lat="32.766068" lon="-17.03473"><ele>574.6</ele></rtept><rtept lat="32.7663" lon="-17.034767"><ele>570.4</ele></rtept><rtept lat="32.766407" lon="-17.034706"><ele>568.0</ele></rtept><rtept lat="32.766804" lon="-17.034147"><ele>555.2</ele></rtept><rtept lat="32.766777" lon="-17.0341"><ele>553.8</ele></rtept><rtept lat="32.766613" lon="-17.034067"><ele>551.8</ele></rtept><rtept lat="32.766502" lon="-17.033962"><ele>551.8</ele></rtept><rtept lat="32.766346" lon="-17.033484"><ele>551.8</ele></rtept><rtept lat="32.76629" lon="-17.033396"><ele>551.6</ele></rtept><rtept lat="32.76619" lon="-17.033382"><ele>551.4</ele></rtept><rtept lat="32.765892" lon="-17.03351"><ele>549.4</ele></rtept><rtept lat="32.76531" lon="-17.033314"><ele>546.2</ele></rtept><rtept lat="32.76472" lon="-17.033377"><ele>546.6</ele></rtept><rtept lat="32.764553" lon="-17.033342"><ele>547.8</ele></rtept><rtept lat="32.76453" lon="-17.033314"><ele>549.0</ele></rtept><rtept lat="32.764538" lon="-17.033234"><ele>551.0</ele></rtept><rtept lat="32.764698" lon="-17.033161"><ele>553.4</ele></rtept><rtept lat="32.76476" lon="-17.033098"><ele>553.6</ele></rtept><rtept lat="32.764824" lon="-17.032778"><ele>556.0</ele></rtept><rtept lat="32.765022" lon="-17.032429"><ele>553.0</ele></rtept><rtept lat="32.76499" lon="-17.032337"><ele>552.2</ele></rtept><rtept lat="32.76487" lon="-17.032215"><ele>551.8</ele></rtept><rtept lat="32.76501" lon="-17.032148"><ele>551.4</ele></rtept><rtept lat="32.76509" lon="-17.032051"><ele>550.4</ele></rtept><rtept lat="32.765087" lon="-17.031979"><ele>549.6</ele></rtept><rtept lat="32.765015" lon="-17.031883"><ele>548.6</ele></rtept><rtept lat="32.76496" lon="-17.03171"><ele>548.4</ele></rtept><rtept lat="32.76497" lon="-17.031538"><ele>548.8</ele></rtept><rtept lat="32.765106" lon="-17.031488"><ele>548.8</ele></rtept><rtept lat="32.765408" lon="-17.031576"><ele>545.2</ele></rtept><rtept lat="32.765926" lon="-17.031433"><ele>535.2</ele></rtept><rtept lat="32.766422" lon="-17.031507"><ele>520.6</ele></rtept><rtept lat="32.766624" lon="-17.03145"><ele>514.8</ele></rtept><rtept lat="32.766987" lon="-17.03155"><ele>505.2</ele></rtept><rtept lat="32.767265" lon="-17.031538"><ele>497.8</ele></rtept><rtept lat="32.767338" lon="-17.031418"><ele>496.2</ele></rtept><rtept lat="32.767326" lon="-17.031284"><ele>493.2</ele></rtept><rtept lat="32.767185" lon="-17.031149"><ele>489.2</ele></rtept><rtept lat="32.766964" lon="-17.031042"><ele>486.2</ele></rtept><rtept lat="32.766865" lon="-17.030945"><ele>485.4</ele></rtept><rtept lat="32.766838" lon="-17.030872"><ele>484.2</ele></rtept><rtept lat="32.766876" lon="-17.030678"><ele>479.2</ele></rtept><rtept lat="32.76707" lon="-17.030582"><ele>471.2</ele></rtept><rtept lat="32.767284" lon="-17.030405"><ele>463.2</ele></rtept><rtept lat="32.7674" lon="-17.03041"><ele>460.6</ele></rtept><rtept lat="32.767494" lon="-17.030342"><ele>458.0</ele></rtept><rtept lat="32.767853" lon="-17.030437"><ele>452.2</ele></rtept><rtept lat="32.767963" lon="-17.030424"><ele>450.2</ele></rtept><rtept lat="32.768017" lon="-17.030365"><ele>448.8</ele></rtept><rtept lat="32.768047" lon="-17.030436"><ele>447.0</ele></rtept><rtept lat="32.768173" lon="-17.030369"><ele>441.0</ele></rtept><rtept lat="32.768257" lon="-17.030203"><ele>437.8</ele></rtept><rtept lat="32.76819" lon="-17.03018"><ele>441.0</ele></rtept><rtept lat="32.768192" lon="-17.030128"><ele>442.8</ele></rtept><rtept lat="32.768326" lon="-17.02999"><ele>443.8</ele></rtept><rtept lat="32.768425" lon="-17.029753"><ele>443.2</ele></rtept><rtept lat="32.76887" lon="-17.029165"><ele>438.4</ele></rtept><rtept lat="32.769012" lon="-17.029058"><ele>435.2</ele></rtept><rtept lat="32.769264" lon="-17.02908"><ele>433.4</ele></rtept><rtept lat="32.769306" lon="-17.029043"><ele>433.0</ele></rtept><rtept lat="32.76931" lon="-17.028996"><ele>432.6</ele></rtept><rtept lat="32.76921" lon="-17.028782"><ele>436.6</ele></rtept><rtept lat="32.769142" lon="-17.028421"><ele>447.4</ele></rtept><rtept lat="32.769012" lon="-17.028257"><ele>451.0</ele></rtept><rtept lat="32.76886" lon="-17.02794"><ele>456.4</ele></rtept><rtept lat="32.7688" lon="-17.027533"><ele>462.4</ele></rtept><rtept lat="32.768623" lon="-17.027279"><ele>469.2</ele></rtept><rtept lat="32.768444" lon="-17.027252"><ele>473.8</ele></rtept><rtept lat="32.768494" lon="-17.027163"><ele>478.8</ele></rtept><rtept lat="32.7687" lon="-17.027063"><ele>484.8</ele></rtept><rtept lat="32.768864" lon="-17.027111"><ele>489.4</ele></rtept><rtept lat="32.76891" lon="-17.027098"><ele>491.0</ele></rtept><rtept lat="32.768826" lon="-17.026928"><ele>495.4</ele></rtept><rtept lat="32.76871" lon="-17.026829"><ele>499.8</ele></rtept><rtept lat="32.768562" lon="-17.026773"><ele>504.4</ele></rtept><rtept lat="32.768414" lon="-17.026794"><ele>509.2</ele></rtept><rtept lat="32.767902" lon="-17.027006"><ele>515.2</ele></rtept><rtept lat="32.767727" lon="-17.02704"><ele>517.4</ele></rtept><rtept lat="32.766884" lon="-17.02675"><ele>529.0</ele></rtept><rtept lat="32.76665" lon="-17.0267"><ele>532.2</ele></rtept><rtept lat="32.766285" lon="-17.026688"><ele>536.8</ele></rtept><rtept lat="32.766056" lon="-17.026583"><ele>540.2</ele></rtept><rtept lat="32.765953" lon="-17.026587"><ele>541.8</ele></rtept><rtept lat="32.76576" lon="-17.026657"><ele>544.6</ele></rtept><rtept lat="32.76572" lon="-17.026634"><ele>545.0</ele></rtept><rtept lat="32.765724" lon="-17.026577"><ele>545.8</ele></rtept><rtept lat="32.765797" lon="-17.026503"><ele>547.4</ele></rtept><rtept lat="32.7662" lon="-17.026388"><ele>554.6</ele></rtept><rtept lat="32.766464" lon="-17.026157"><ele>558.4</ele></rtept><rtept lat="32.766766" lon="-17.026117"><ele>562.0</ele></rtept><rtept lat="32.76702" lon="-17.025883"><ele>565.8</ele></rtept><rtept lat="32.76728" lon="-17.025858"><ele>568.4</ele></rtept><rtept lat="32.767483" lon="-17.025957"><ele>571.6</ele></rtept><rtept lat="32.76768" lon="-17.02615"><ele>575.4</ele></rtept><rtept lat="32.76788" lon="-17.02599"><ele>577.8</ele></rtept><rtept lat="32.76819" lon="-17.025848"><ele>581.2</ele></rtept><rtept lat="32.768456" lon="-17.02584"><ele>585.2</ele></rtept><rtept lat="32.76853" lon="-17.025793"><ele>586.6</ele></rtept><rtept lat="32.76856" lon="-17.025717"><ele>587.4</ele></rtept><rtept lat="32.768536" lon="-17.025574"><ele>588.6</ele></rtept><rtept lat="32.768272" lon="-17.02506"><ele>587.0</ele></rtept><rtept lat="32.768192" lon="-17.024845"><ele>585.8</ele></rtept><rtept lat="32.76817" lon="-17.024658"><ele>585.4</ele></rtept><rtept lat="32.768185" lon="-17.024387"><ele>585.4</ele></rtept><rtept lat="32.76815" lon="-17.024025"><ele>586.2</ele></rtept><rtept lat="32.768158" lon="-17.023691"><ele>586.8</ele></rtept><rtept lat="32.768105" lon="-17.023617"><ele>586.6</ele></rtept><rtept lat="32.767963" lon="-17.023586"><ele>586.6</ele></rtept><rtept lat="32.767544" lon="-17.02368"><ele>591.2</ele></rtept><rtept lat="32.767246" lon="-17.023687"><ele>596.2</ele></rtept><rtept lat="32.767033" lon="-17.023758"><ele>600.0</ele></rtept><rtept lat="32.76687" lon="-17.023748"><ele>602.4</ele></rtept><rtept lat="32.76679" lon="-17.023691"><ele>603.4</ele></rtept><rtept lat="32.766727" lon="-17.02358"><ele>604.4</ele></rtept><rtept lat="32.76671" lon="-17.023407"><ele>605.2</ele></rtept><rtept lat="32.766804" lon="-17.02293"><ele>604.2</ele></rtept><rtept lat="32.76672" lon="-17.02251"><ele>598.6</ele></rtept><rtept lat="32.766598" lon="-17.022337"><ele>594.8</ele></rtept><rtept lat="32.76617" lon="-17.02221"><ele>588.0</ele></rtept><rtept lat="32.76607" lon="-17.022043"><ele>585.6</ele></rtept><rtept lat="32.76615" lon="-17.021217"><ele>576.6</ele></rtept><rtept lat="32.76621" lon="-17.02107"><ele>575.2</ele></rtept><rtept lat="32.766335" lon="-17.020975"><ele>573.8</ele></rtept><rtept lat="32.766453" lon="-17.02102"><ele>572.6</ele></rtept><rtept lat="32.76661" lon="-17.021221"><ele>574.0</ele></rtept><rtept lat="32.766884" lon="-17.021156"><ele>578.0</ele></rtept><rtept lat="32.766968" lon="-17.021194"><ele>579.2</ele></rtept><rtept lat="32.767113" lon="-17.021353"><ele>581.4</ele></rtept><rtept lat="32.767193" lon="-17.02137"><ele>582.2</ele></rtept><rtept lat="32.76724" lon="-17.021343"><ele>582.6</ele></rtept><rtept lat="32.767242" lon="-17.021303"><ele>582.8</ele></rtept><rtept lat="32.767002" lon="-17.02101"><ele>588.8</ele></rtept><rtept lat="32.766804" lon="-17.020903"><ele>595.6</ele></rtept><rtept lat="32.76673" lon="-17.020792"><ele>600.2</ele></rtept><rtept lat="32.766647" lon="-17.020748"><ele>603.0</ele></rtept><rtept lat="32.76649" lon="-17.020517"><ele>606.0</ele></rtept><rtept lat="32.76632" lon="-17.020348"><ele>608.6</ele></rtept><rtept lat="32.76617" lon="-17.020231"><ele>611.6</ele></rtept><rtept lat="32.766094" lon="-17.02024"><ele>613.6</ele></rtept><rtept lat="32.76594" lon="-17.020142"><ele>618.8</ele></rtept><rtept lat="32.765785" lon="-17.019983"><ele>622.4</ele></rtept><rtept lat="32.76561" lon="-17.019917"><ele>626.6</ele></rtept><rtept lat="32.765404" lon="-17.019773"><ele>630.8</ele></rtept><rtept lat="32.765152" lon="-17.019514"><ele>639.2</ele></rtept><rtept lat="32.76483" lon="-17.01942"><ele>648.2</ele></rtept><rtept lat="32.764618" lon="-17.019293"><ele>655.0</ele></rtept><rtept lat="32.76445" lon="-17.019243"><ele>657.6</ele></rtept><rtept lat="32.764233" lon="-17.0193"><ele>663.6</ele></rtept><rtept lat="32.764057" lon="-17.01928"><ele>668.6</ele></rtept><rtept lat="32.764023" lon="-17.019201"><ele>669.8</ele></rtept><rtept lat="32.764027" lon="-17.019093"><ele>671.4</ele></rtept><rtept lat="32.76393" lon="-17.018682"><ele>677.2</ele></rtept><rtept lat="32.763844" lon="-17.018625"><ele>679.0</ele></rtept><rtept lat="32.763657" lon="-17.018608"><ele>683.2</ele></rtept><rtept lat="32.76357" lon="-17.018496"><ele>686.6</ele></rtept><rtept lat="32.76361" lon="-17.018305"><ele>690.4</ele></rtept><rtept lat="32.763535" lon="-17.018248"><ele>694.0</ele></rtept><rtept lat="32.763393" lon="-17.018255"><ele>697.2</ele></rtept><rtept lat="32.76333" lon="-17.018167"><ele>699.4</ele></rtept><rtept lat="32.76341" lon="-17.017986"><ele>703.6</ele></rtept><rtept lat="32.763374" lon="-17.017805"><ele>706.8</ele></rtept><rtept lat="32.763336" lon="-17.017797"><ele>708.0</ele></rtept><rtept lat="32.763126" lon="-17.01791"><ele>713.2</ele></rtept><rtept lat="32.76296" lon="-17.017893"><ele>716.4</ele></rtept><rtept lat="32.762875" lon="-17.017918"><ele>717.4</ele></rtept><rtept lat="32.76274" lon="-17.018047"><ele>719.6</ele></rtept><rtept lat="32.76235" lon="-17.01905"><ele>732.2</ele></rtept><rtept lat="32.76177" lon="-17.01998"><ele>743.4</ele></rtept><rtept lat="32.76167" lon="-17.020037"><ele>746.4</ele></rtept><rtept lat="32.76155" lon="-17.020233"><ele>747.6</ele></rtept><rtept lat="32.761528" lon="-17.020386"><ele>746.8</ele></rtept><rtept lat="32.76161" lon="-17.020742"><ele>744.2</ele></rtept><rtept lat="32.76154" lon="-17.02065"><ele>749.2</ele></rtept><rtept lat="32.761387" lon="-17.020628"><ele>755.4</ele></rtept><rtept lat="32.760696" lon="-17.020853"><ele>785.2</ele></rtept><rtept lat="32.76035" lon="-17.021265"><ele>803.6</ele></rtept><rtept lat="32.76029" lon="-17.0213"><ele>805.6</ele></rtept><rtept lat="32.760204" lon="-17.021235"><ele>809.0</ele></rtept><rtept lat="32.760056" lon="-17.021017"><ele>812.6</ele></rtept><rtept lat="32.759804" lon="-17.020885"><ele>814.2</ele></rtept><rtept lat="32.75968" lon="-17.020868"><ele>816.2</ele></rtept><rtept lat="32.759594" lon="-17.020893"><ele>818.4</ele></rtept><rtept lat="32.759487" lon="-17.02073"><ele>825.2</ele></rtept><rtept lat="32.75923" lon="-17.020742"><ele>829.8</ele></rtept><rtept lat="32.75918" lon="-17.020617"><ele>832.2</ele></rtept><rtept lat="32.75895" lon="-17.020433"><ele>836.8</ele></rtept><rtept lat="32.75874" lon="-17.020416"><ele>840.4</ele></rtept><rtept lat="32.758717" lon="-17.020346"><ele>840.2</ele></rtept><rtept lat="32.758755" lon="-17.02013"><ele>841.6</ele></rtept><rtept lat="32.75869" lon="-17.020082"><ele>843.2</ele></rtept><rtept lat="32.758537" lon="-17.019817"><ele>851.6</ele></rtept><rtept lat="32.758545" lon="-17.019512"><ele>851.0</ele></rtept><rtept lat="32.758583" lon="-17.019423"><ele>848.8</ele></rtept><rtept lat="32.758583" lon="-17.0193"><ele>850.0</ele></rtept><rtept lat="32.758423" lon="-17.018974"><ele>858.2</ele></rtept><rtept lat="32.75839" lon="-17.018824"><ele>861.4</ele></rtept><rtept lat="32.758293" lon="-17.018732"><ele>863.8</ele></rtept><rtept lat="32.758244" lon="-17.018627"><ele>864.6</ele></rtept><rtept lat="32.75808" lon="-17.018467"><ele>866.2</ele></rtept><rtept lat="32.757965" lon="-17.018408"><ele>867.2</ele></rtept><rtept lat="32.757893" lon="-17.018293"><ele>868.4</ele></rtept><rtept lat="32.75783" lon="-17.018105"><ele>869.8</ele></rtept><rtept lat="32.75781" lon="-17.017693"><ele>876.4</ele></rtept><rtept lat="32.75775" lon="-17.017582"><ele>877.6</ele></rtept><rtept lat="32.757675" lon="-17.01755"><ele>878.2</ele></rtept><rtept lat="32.75762" lon="-17.017576"><ele>879.4</ele></rtept><rtept lat="32.757416" lon="-17.017862"><ele>883.4</ele></rtept><rtept lat="32.757202" lon="-17.01806"><ele>887.4</ele></rtept><rtept lat="32.756794" lon="-17.017984"><ele>895.2</ele></rtept><rtept lat="32.756676" lon="-17.018047"><ele>896.4</ele></rtept><rtept lat="32.75654" lon="-17.018402"><ele>896.8</ele></rtept><rtept lat="32.7566" lon="-17.018545"><ele>897.2</ele></rtept><rtept lat="32.756805" lon="-17.018772"><ele>898.4</ele></rtept><rtept lat="32.75684" lon="-17.019127"><ele>899.0</ele></rtept><rtept lat="32.756874" lon="-17.019232"><ele>899.6</ele></rtept><rtept lat="32.75684" lon="-17.019312"><ele>899.6</ele></rtept><rtept lat="32.756695" lon="-17.019192"><ele>904.8</ele></rtept><rtept lat="32.756153" lon="-17.019037"><ele>919.4</ele></rtept><rtept lat="32.755936" lon="-17.018904"><ele>924.0</ele></rtept><rtept lat="32.755737" lon="-17.018848"><ele>928.8</ele></rtept><rtept lat="32.75564" lon="-17.01876"><ele>930.0</ele></rtept><rtept lat="32.755417" lon="-17.018442"><ele>935.8</ele></rtept><rtept lat="32.755104" lon="-17.018236"><ele>944.2</ele></rtept><rtept lat="32.754864" lon="-17.01814"><ele>951.6</ele></rtept><rtept lat="32.75468" lon="-17.018177"><ele>960.4</ele></rtept><rtept lat="32.754387" lon="-17.018106"><ele>975.0</ele></rtept><rtept lat="32.7543" lon="-17.018183"><ele>980.2</ele></rtept><rtept lat="32.754322" lon="-17.018465"><ele>989.0</ele></rtept><rtept lat="32.7545" lon="-17.018723"><ele>995.4</ele></rtept><rtept lat="32.75452" lon="-17.018818"><ele>996.6</ele></rtept><rtept lat="32.754494" lon="-17.018837"><ele>998.0</ele></rtept><rtept lat="32.75419" lon="-17.018541"><ele>998.8</ele></rtept><rtept lat="32.75395" lon="-17.018087"><ele>1001.6</ele></rtept><rtept lat="32.753887" lon="-17.017904"><ele>1004.8</ele></rtept><rtept lat="32.753883" lon="-17.01756"><ele>1012.4</ele></rtept><rtept lat="32.75376" lon="-17.017113"><ele>1020.2</ele></rtept><rtept lat="32.75369" lon="-17.01704"><ele>1021.8</ele></rtept><rtept lat="32.75355" lon="-17.016994"><ele>1025.6</ele></rtept><rtept lat="32.753513" lon="-17.017017"><ele>1027.2</ele></rtept><rtept lat="32.75353" lon="-17.017101"><ele>1029.0</ele></rtept><rtept lat="32.753506" lon="-17.017097"><ele>1031.6</ele></rtept><rtept lat="32.753353" lon="-17.016972"><ele>1037.2</ele></rtept><rtept lat="32.75305" lon="-17.016453"><ele>1046.4</ele></rtept><rtept lat="32.75284" lon="-17.016224"><ele>1050.2</ele></rtept><rtept lat="32.752758" lon="-17.016031"><ele>1054.2</ele></rtept><rtept lat="32.752533" lon="-17.015324"><ele>1074.0</ele></rtept><rtept lat="32.752563" lon="-17.014812"><ele>1087.6</ele></rtept><rtept lat="32.752598" lon="-17.014662"><ele>1093.0</ele></rtept><rtept lat="32.752567" lon="-17.014332"><ele>1100.0</ele></rtept><rtept lat="32.75253" lon="-17.014236"><ele>1106.0</ele></rtept><rtept lat="32.752487" lon="-17.013927"><ele>1115.2</ele></rtept><rtept lat="32.752563" lon="-17.013634"><ele>1120.2</ele></rtept><rtept lat="32.75244" lon="-17.013428"><ele>1130.2</ele></rtept><rtept lat="32.752533" lon="-17.013203"><ele>1137.0</ele></rtept><rtept lat="32.75269" lon="-17.013033"><ele>1141.2</ele></rtept><rtept lat="32.75267" lon="-17.012674"><ele>1148.8</ele></rtept><rtept lat="32.752766" lon="-17.012405"><ele>1152.4</ele></rtept><rtept lat="32.752846" lon="-17.012314"><ele>1151.4</ele></rtept><rtept lat="32.75312" lon="-17.01222"><ele>1149.2</ele></rtept><rtept lat="32.753166" lon="-17.012173"><ele>1148.4</ele></rtept><rtept lat="32.753193" lon="-17.012053"><ele>1146.8</ele></rtept><rtept lat="32.75314" lon="-17.011757"><ele>1154.8</ele></rtept><rtept lat="32.753204" lon="-17.011602"><ele>1159.0</ele></rtept><rtept lat="32.753086" lon="-17.0116"><ele>1162.8</ele></rtept><rtept lat="32.75298" lon="-17.011723"><ele>1168.2</ele></rtept><rtept lat="32.753002" lon="-17.012062"><ele>1173.4</ele></rtept><rtept lat="32.752953" lon="-17.012133"><ele>1173.6</ele></rtept><rtept lat="32.75279" lon="-17.011984"><ele>1182.0</ele></rtept><rtept lat="32.752808" lon="-17.011942"><ele>1184.6</ele></rtept><rtept lat="32.752747" lon="-17.011917"><ele>1187.2</ele></rtept><rtept lat="32.752758" lon="-17.011871"><ele>1189.6</ele></rtept><rtept lat="32.752853" lon="-17.011835"><ele>1195.0</ele></rtept><rtept lat="32.752792" lon="-17.011707"><ele>1200.8</ele></rtept><rtept lat="32.752743" lon="-17.011707"><ele>1202.0</ele></rtept><rtept lat="32.752583" lon="-17.011847"><ele>1206.6</ele></rtept><rtept lat="32.75261" lon="-17.011723"><ele>1212.6</ele></rtept><rtept lat="32.752563" lon="-17.011635"><ele>1215.6</ele></rtept><rtept lat="32.752594" lon="-17.011543"><ele>1218.2</ele></rtept><rtept lat="32.752506" lon="-17.011538"><ele>1222.6</ele></rtept><rtept lat="32.75232" lon="-17.01167"><ele>1229.8</ele></rtept><rtept lat="32.752346" lon="-17.01146"><ele>1234.4</ele></rtept><rtept lat="32.752415" lon="-17.011297"><ele>1238.0</ele></rtept><rtept lat="32.7524" lon="-17.011274"><ele>1239.4</ele></rtept><rtept lat="32.752304" lon="-17.01127"><ele>1243.0</ele></rtept><rtept lat="32.75212" lon="-17.011423"><ele>1247.4</ele></rtept><rtept lat="32.752094" lon="-17.01142"><ele>1248.4</ele></rtept><rtept lat="32.75209" lon="-17.011383"><ele>1249.6</ele></rtept><rtept lat="32.752113" lon="-17.011295"><ele>1250.8</ele></rtept><rtept lat="32.75226" lon="-17.011187"><ele>1252.6</ele></rtept><rtept lat="32.752342" lon="-17.011023"><ele>1256.2</ele></rtept><rtept lat="32.75244" lon="-17.01097"><ele>1259.4</ele></rtept><rtept lat="32.752426" lon="-17.010925"><ele>1262.2</ele></rtept><rtept lat="32.7525" lon="-17.010796"><ele>1271.4</ele></rtept><rtept lat="32.752514" lon="-17.010693"><ele>1275.2</ele></rtept><rtept lat="32.752632" lon="-17.010492"><ele>1282.0</ele></rtept><rtept lat="32.752617" lon="-17.009506"><ele>1279.2</ele></rtept><rtept lat="32.752678" lon="-17.009197"><ele>1279.8</ele></rtept><rtept lat="32.752663" lon="-17.008904"><ele>1281.0</ele></rtept><rtept lat="32.752613" lon="-17.008715"><ele>1283.2</ele></rtept><rtept lat="32.752674" lon="-17.008488"><ele>1285.2</ele></rtept><rtept lat="32.752666" lon="-17.008232"><ele>1285.4</ele></rtept><rtept lat="32.752724" lon="-17.008144"><ele>1285.8</ele></rtept><rtept lat="32.752808" lon="-17.007849"><ele>1287.0</ele></rtept><rtept lat="32.75291" lon="-17.007677"><ele>1287.2</ele></rtept><rtept lat="32.753433" lon="-17.006456"><ele>1282.2</ele></rtept><rtept lat="32.7535" lon="-17.006372"><ele>1282.8</ele></rtept><rtept lat="32.753693" lon="-17.006296"><ele>1287.2</ele></rtept><rtept lat="32.75407" lon="-17.005735"><ele>1283.2</ele></rtept><rtept lat="32.75445" lon="-17.005348"><ele>1276.4</ele></rtept><rtept lat="32.754494" lon="-17.005253"><ele>1275.4</ele></rtept><rtept lat="32.754505" lon="-17.005096"><ele>1276.4</ele></rtept><rtept lat="32.75464" lon="-17.004889"><ele>1277.6</ele></rtept><rtept lat="32.75475" lon="-17.00448"><ele>1275.2</ele></rtept><rtept lat="32.75495" lon="-17.004017"><ele>1276.6</ele></rtept><rtept lat="32.754967" lon="-17.003855"><ele>1279.6</ele></rtept><rtept lat="32.755047" lon="-17.00374"><ele>1285.4</ele></rtept><rtept lat="32.75506" lon="-17.00362"><ele>1290.8</ele></rtept><rtept lat="32.755405" lon="-17.003551"><ele>1295.8</ele></rtept><rtept lat="32.755447" lon="-17.003473"><ele>1297.4</ele></rtept><rtept lat="32.755463" lon="-17.003302"><ele>1304.2</ele></rtept><rtept lat="32.755516" lon="-17.003225"><ele>1305.8</ele></rtept><rtept lat="32.75552" lon="-17.003138"><ele>1308.8</ele></rtept><rtept lat="32.75558" lon="-17.003078"><ele>1310.4</ele></rtept><rtept lat="32.75572" lon="-17.003052"><ele>1312.8</ele></rtept><rtept lat="32.755814" lon="-17.002977"><ele>1317.0</ele></rtept><rtept lat="32.75613" lon="-17.002974"><ele>1322.0</ele></rtept><rtept lat="32.756264" lon="-17.002884"><ele>1325.2</ele></rtept><rtept lat="32.756435" lon="-17.002842"><ele>1331.4</ele></rtept><rtept lat="32.75647" lon="-17.002777"><ele>1333.4</ele></rtept><rtept lat="32.75643" lon="-17.002726"><ele>1336.6</ele></rtept><rtept lat="32.756264" lon="-17.00273"><ele>1342.0</ele></rtept><rtept lat="32.75617" lon="-17.00267"><ele>1346.2</ele></rtept><rtept lat="32.75606" lon="-17.002668"><ele>1348.2</ele></rtept><rtept lat="32.75588" lon="-17.002583"><ele>1349.4</ele></rtept><rtept lat="32.755753" lon="-17.002583"><ele>1352.2</ele></rtept><rtept lat="32.75544" lon="-17.002493"><ele>1356.0</ele></rtept><rtept lat="32.75542" lon="-17.002426"><ele>1356.8</ele></rtept><rtept lat="32.75545" lon="-17.001932"><ele>1363.6</ele></rtept><rtept lat="32.755596" lon="-17.00152"><ele>1373.4</ele></rtept><rtept lat="32.755547" lon="-17.001259"><ele>1378.2</ele></rtept><rtept lat="32.75545" lon="-17.00099"><ele>1379.4</ele></rtept><rtept lat="32.755356" lon="-17.000921"><ele>1379.8</ele></rtept><rtept lat="32.75526" lon="-17.000908"><ele>1380.6</ele></rtept><rtept lat="32.75523" lon="-17.000744"><ele>1381.0</ele></rtept><rtept lat="32.75512" lon="-17.00053"><ele>1377.2</ele></rtept><rtept lat="32.755077" lon="-17.000332"><ele>1381.4</ele></rtept><rtept lat="32.754986" lon="-17.000292"><ele>1383.2</ele></rtept><rtept lat="32.754868" lon="-17.00029"><ele>1386.0</ele></rtept><rtept lat="32.75475" lon="-17.000227"><ele>1389.4</ele></rtept><rtept lat="32.75471" lon="-17.00016"><ele>1391.4</ele></rtept><rtept lat="32.754627" lon="-16.999912"><ele>1396.4</ele></rtept><rtept lat="32.754677" lon="-16.999743"><ele>1399.6</ele></rtept><rtept lat="32.754623" lon="-16.999105"><ele>1405.0</ele></rtept><rtept lat="32.75446" lon="-16.998758"><ele>1404.4</ele></rtept><rtept lat="32.75429" lon="-16.998585"><ele>1408.2</ele></rtept><rtept lat="32.754295" lon="-16.998457"><ele>1409.4</ele></rtept><rtept lat="32.754517" lon="-16.998077"><ele>1404.2</ele></rtept><rtept lat="32.754566" lon="-16.997799"><ele>1404.2</ele></rtept><rtept lat="32.754517" lon="-16.997593"><ele>1403.2</ele></rtept><rtept lat="32.75434" lon="-16.997307"><ele>1402.6</ele></rtept><rtept lat="32.75431" lon="-16.997158"><ele>1405.0</ele></rtept><rtept lat="32.754246" lon="-16.997128"><ele>1405.8</ele></rtept><rtept lat="32.754032" lon="-16.997137"><ele>1405.4</ele></rtept><rtept lat="32.753937" lon="-16.99704"><ele>1403.8</ele></rtept><rtept lat="32.75394" lon="-16.996872"><ele>1404.8</ele></rtept><rtept lat="32.753853" lon="-16.996483"><ele>1402.4</ele></rtept><rtept lat="32.753872" lon="-16.996397"><ele>1403.2</ele></rtept><rtept lat="32.75381" lon="-16.99592"><ele>1406.8</ele></rtept><rtept lat="32.75376" lon="-16.995758"><ele>1406.8</ele></rtept><rtept lat="32.753593" lon="-16.995445"><ele>1408.2</ele></rtept><rtept lat="32.753586" lon="-16.995277"><ele>1408.6</ele></rtept><rtept lat="32.753685" lon="-16.995102"><ele>1409.8</ele></rtept><rtept lat="32.753704" lon="-16.99482"><ele>1408.0</ele></rtept><rtept lat="32.753757" lon="-16.994675"><ele>1408.6</ele></rtept><rtept lat="32.75373" lon="-16.994469"><ele>1409.2</ele></rtept><rtept lat="32.753597" lon="-16.994276"><ele>1411.0</ele></rtept><rtept lat="32.753487" lon="-16.994028"><ele>1413.0</ele></rtept><rtept lat="32.753494" lon="-16.993912"><ele>1413.2</ele></rtept><rtept lat="32.753605" lon="-16.993797"><ele>1412.6</ele></rtept><rtept lat="32.75358" lon="-16.993393"><ele>1415.4</ele></rtept><rtept lat="32.75351" lon="-16.993082"><ele>1418.2</ele></rtept><rtept lat="32.753345" lon="-16.99274"><ele>1423.2</ele></rtept><rtept lat="32.753345" lon="-16.992096"><ele>1434.2</ele></rtept><rtept lat="32.753304" lon="-16.991905"><ele>1439.6</ele></rtept><rtept lat="32.753277" lon="-16.991833"><ele>1441.4</ele></rtept><rtept lat="32.753143" lon="-16.99171"><ele>1447.8</ele></rtept><rtept lat="32.75334" lon="-16.991722"><ele>1454.8</ele></rtept><rtept lat="32.753357" lon="-16.991682"><ele>1456.4</ele></rtept><rtept lat="32.753326" lon="-16.991589"><ele>1458.6</ele></rtept><rtept lat="32.753384" lon="-16.99147"><ele>1462.6</ele></rtept><rtept lat="32.75321" lon="-16.990925"><ele>1465.6</ele></rtept><rtept lat="32.753223" lon="-16.99081"><ele>1469.2</ele></rtept><rtept lat="32.753304" lon="-16.990664"><ele>1472.0</ele></rtept><rtept lat="32.75324" lon="-16.990543"><ele>1474.8</ele></rtept><rtept lat="32.75327" lon="-16.99045"><ele>1477.8</ele></rtept><rtept lat="32.75311" lon="-16.990232"><ele>1483.8</ele></rtept><rtept lat="32.753033" lon="-16.990217"><ele>1487.8</ele></rtept><rtept lat="32.75305" lon="-16.990105"><ele>1492.0</ele></rtept><rtept lat="32.753006" lon="-16.990026"><ele>1497.6</ele></rtept><rtept lat="32.753036" lon="-16.989891"><ele>1502.8</ele></rtept><rtept lat="32.752983" lon="-16.989822"><ele>1507.2</ele></rtept><rtept lat="32.753147" lon="-16.989626"><ele>1515.2</ele></rtept><rtept lat="32.753036" lon="-16.989548"><ele>1520.0</ele></rtept><rtept lat="32.753036" lon="-16.989508"><ele>1521.8</ele></rtept><rtept lat="32.752804" lon="-16.989502"><ele>1526.4</ele></rtept><rtept lat="32.752712" lon="-16.98947"><ele>1527.8</ele></rtept><rtept lat="32.75266" lon="-16.989388"><ele>1529.6</ele></rtept><rtept lat="32.75268" lon="-16.989101"><ele>1533.2</ele></rtept><rtept lat="32.752758" lon="-16.98904"><ele>1536.2</ele></rtept><rtept lat="32.75281" lon="-16.988882"><ele>1540.8</ele></rtept><rtept lat="32.75289" lon="-16.988926"><ele>1544.0</ele></rtept><rtept lat="32.752926" lon="-16.988882"><ele>1546.2</ele></rtept><rtept lat="32.75292" lon="-16.988638"><ele>1550.8</ele></rtept><rtept lat="32.75301" lon="-16.98827"><ele>1559.6</ele></rtept><rtept lat="32.752995" lon="-16.988058"><ele>1563.4</ele></rtept><rtept lat="32.753044" lon="-16.987816"><ele>1568.8</ele></rtept><rtept lat="32.753033" lon="-16.987682"><ele>1571.4</ele></rtept><rtept lat="32.7529" lon="-16.987276"><ele>1577.8</ele></rtept><rtept lat="32.75285" lon="-16.987173"><ele>1577.2</ele></rtept><rtept lat="32.75273" lon="-16.987047"><ele>1575.4</ele></rtept><rtept lat="32.752464" lon="-16.986898"><ele>1572.2</ele></rtept><rtept lat="32.75242" lon="-16.986765"><ele>1568.4</ele></rtept><rtept lat="32.75233" lon="-16.98679"><ele>1565.2</ele></rtept><rtept lat="32.75229" lon="-16.986734"><ele>1562.8</ele></rtept><rtept lat="32.752235" lon="-16.986755"><ele>1559.6</ele></rtept><rtept lat="32.752216" lon="-16.98665"><ele>1555.2</ele></rtept><rtept lat="32.75226" lon="-16.986546"><ele>1550.2</ele></rtept><rtept lat="32.75218" lon="-16.986343"><ele>1543.2</ele></rtept><rtept lat="32.752068" lon="-16.986248"><ele>1537.4</ele></rtept><rtept lat="32.752045" lon="-16.986246"><ele>1536.2</ele></rtept><rtept lat="32.752018" lon="-16.98637"><ele>1532.8</ele></rtept><rtept lat="32.7519" lon="-16.986616"><ele>1526.4</ele></rtept><rtept lat="32.751812" lon="-16.9867"><ele>1523.8</ele></rtept><rtept lat="32.751766" lon="-16.986382"><ele>1512.4</ele></rtept><rtept lat="32.751686" lon="-16.986305"><ele>1508.8</ele></rtept><rtept lat="32.751507" lon="-16.986258"><ele>1502.2</ele></rtept><rtept lat="32.75144" lon="-16.986322"><ele>1499.2</ele></rtept><rtept lat="32.751484" lon="-16.986395"><ele>1494.6</ele></rtept><rtept lat="32.751457" lon="-16.986427"><ele>1492.0</ele></rtept><rtept lat="32.751495" lon="-16.986523"><ele>1487.2</ele></rtept><rtept lat="32.75148" lon="-16.986588"><ele>1485.0</ele></rtept><rtept lat="32.75145" lon="-16.98666"><ele>1482.6</ele></rtept><rtept lat="32.751377" lon="-16.986692"><ele>1477.6</ele></rtept><rtept lat="32.75136" lon="-16.986792"><ele>1473.4</ele></rtept><rtept lat="32.751316" lon="-16.986797"><ele>1470.0</ele></rtept><rtept lat="32.75133" lon="-16.986975"><ele>1462.2</ele></rtept><rtept lat="32.751274" lon="-16.987293"><ele>1449.0</ele></rtept><rtept lat="32.75112" lon="-16.987467"><ele>1439.2</ele></rtept><rtept lat="32.750984" lon="-16.987518"><ele>1435.2</ele></rtept><rtept lat="32.75088" lon="-16.98742"><ele>1430.8</ele></rtept><rtept lat="32.750954" lon="-16.987333"><ele>1425.2</ele></rtept><rtept lat="32.75097" lon="-16.987246"><ele>1420.6</ele></rtept><rtept lat="32.75094" lon="-16.987215"><ele>1416.0</ele></rtept><rtept lat="32.750877" lon="-16.987244"><ele>1412.6</ele></rtept><rtept lat="32.75088" lon="-16.987215"><ele>1409.6</ele></rtept><rtept lat="32.75096" lon="-16.987074"><ele>1405.6</ele></rtept><rtept lat="32.750923" lon="-16.986877"><ele>1398.8</ele></rtept><rtept lat="32.75084" lon="-16.986692"><ele>1394.2</ele></rtept><rtept lat="32.75065" lon="-16.986671"><ele>1386.6</ele></rtept><rtept lat="32.750637" lon="-16.98673"><ele>1384.4</ele></rtept><rtept lat="32.750572" lon="-16.98674"><ele>1379.8</ele></rtept><rtept lat="32.75033" lon="-16.986092"><ele>1364.2</ele></rtept><rtept lat="32.749886" lon="-16.98555"><ele>1348.8</ele></rtept><rtept lat="32.749645" lon="-16.985357"><ele>1342.0</ele></rtept><rtept lat="32.749092" lon="-16.985058"><ele>1336.0</ele></rtept><rtept lat="32.7489" lon="-16.984858"><ele>1334.8</ele></rtept><rtept lat="32.748814" lon="-16.984804"><ele>1334.8</ele></rtept><rtept lat="32.748722" lon="-16.984882"><ele>1334.4</ele></rtept><rtept lat="32.748493" lon="-16.98522"><ele>1332.2</ele></rtept><rtept lat="32.748276" lon="-16.985134"><ele>1334.4</ele></rtept><rtept lat="32.74822" lon="-16.985157"><ele>1335.0</ele></rtept><rtept lat="32.748074" lon="-16.985308"><ele>1336.4</ele></rtept><rtept lat="32.747868" lon="-16.985613"><ele>1343.0</ele></rtept><rtept lat="32.747566" lon="-16.985819"><ele>1349.2</ele></rtept><rtept lat="32.74749" lon="-16.985777"><ele>1349.4</ele></rtept><rtept lat="32.74737" lon="-16.985544"><ele>1352.2</ele></rtept><rtept lat="32.7473" lon="-16.98547"><ele>1353.6</ele></rtept><rtept lat="32.74715" lon="-16.98542"><ele>1354.0</ele></rtept><rtept lat="32.747097" lon="-16.98543"><ele>1354.4</ele></rtept><rtept lat="32.74701" lon="-16.985518"><ele>1354.0</ele></rtept><rtept lat="32.74691" lon="-16.98549"><ele>1353.8</ele></rtept><rtept lat="32.746826" lon="-16.985268"><ele>1350.2</ele></rtept><rtept lat="32.746613" lon="-16.984941"><ele>1356.8</ele></rtept><rtept lat="32.74643" lon="-16.984873"><ele>1362.2</ele></rtept><rtept lat="32.746365" lon="-16.984884"><ele>1364.4</ele></rtept><rtept lat="32.745956" lon="-16.985172"><ele>1367.6</ele></rtept><rtept lat="32.745567" lon="-16.984985"><ele>1372.8</ele></rtept><rtept lat="32.745445" lon="-16.984735"><ele>1376.6</ele></rtept><rtept lat="32.745373" lon="-16.98467"><ele>1377.4</ele></rtept><rtept lat="32.745293" lon="-16.984657"><ele>1377.8</ele></rtept><rtept lat="32.74513" lon="-16.984682"><ele>1378.4</ele></rtept><rtept lat="32.74486" lon="-16.984797"><ele>1381.8</ele></rtept><rtept lat="32.744728" lon="-16.984802"><ele>1384.2</ele></rtept><rtept lat="32.74457" lon="-16.984959"><ele>1389.8</ele></rtept><rtept lat="32.744442" lon="-16.985022"><ele>1393.6</ele></rtept><rtept lat="32.744316" lon="-16.985048"><ele>1395.0</ele></rtept><rtept lat="32.744186" lon="-16.985025"><ele>1397.8</ele></rtept><rtept lat="32.744083" lon="-16.985067"><ele>1399.4</ele></rtept><rtept lat="32.743896" lon="-16.985302"><ele>1402.2</ele></rtept><rtept lat="32.743633" lon="-16.98548"><ele>1410.8</ele></rtept><rtept lat="32.74362" lon="-16.98563"><ele>1415.4</ele></rtept><rtept lat="32.74358" lon="-16.985687"><ele>1418.4</ele></rtept><rtept lat="32.743412" lon="-16.985548"><ele>1422.2</ele></rtept><rtept lat="32.743305" lon="-16.9854"><ele>1424.8</ele></rtept><rtept lat="32.74326" lon="-16.985277"><ele>1424.6</ele></rtept><rtept lat="32.74318" lon="-16.98524"><ele>1423.2</ele></rtept><rtept lat="32.742764" lon="-16.985521"><ele>1403.2</ele></rtept><rtept lat="32.742645" lon="-16.985563"><ele>1400.0</ele></rtept><rtept lat="32.742386" lon="-16.985537"><ele>1400.8</ele></rtept><rtept lat="32.742046" lon="-16.985592"><ele>1400.2</ele></rtept><rtept lat="32.741863" lon="-16.985662"><ele>1399.8</ele></rtept><rtept lat="32.741634" lon="-16.985857"><ele>1401.8</ele></rtept><rtept lat="32.741337" lon="-16.985989"><ele>1412.2</ele></rtept><rtept lat="32.741333" lon="-16.985867"><ele>1416.6</ele></rtept><rtept lat="32.7412" lon="-16.985834"><ele>1426.2</ele></rtept><rtept lat="32.74122" lon="-16.985737"><ele>1430.0</ele></rtept><rtept lat="32.741165" lon="-16.985712"><ele>1433.0</ele></rtept><rtept lat="32.7411" lon="-16.985731"><ele>1437.0</ele></rtept><rtept lat="32.74098" lon="-16.985662"><ele>1439.6</ele></rtept><rtept lat="32.740765" lon="-16.985615"><ele>1438.6</ele></rtept><rtept lat="32.740646" lon="-16.985445"><ele>1437.0</ele></rtept><rtept lat="32.74048" lon="-16.98551"><ele>1445.4</ele></rtept><rtept lat="32.74043" lon="-16.985563"><ele>1448.4</ele></rtept><rtept lat="32.740227" lon="-16.985548"><ele>1451.4</ele></rtept><rtept lat="32.740166" lon="-16.98558"><ele>1453.2</ele></rtept><rtept lat="32.74018" lon="-16.985764"><ele>1457.0</ele></rtept><rtept lat="32.74015" lon="-16.985844"><ele>1458.4</ele></rtept><rtept lat="32.74009" lon="-16.985884"><ele>1460.4</ele></rtept><rtept lat="32.739986" lon="-16.985891"><ele>1463.8</ele></rtept><rtept lat="32.739944" lon="-16.985956"><ele>1465.8</ele></rtept><rtept lat="32.739887" lon="-16.985735"><ele>1473.4</ele></rtept><rtept lat="32.739845" lon="-16.985706"><ele>1474.6</ele></rtept><rtept lat="32.739662" lon="-16.985813"><ele>1485.6</ele></rtept><rtept lat="32.739594" lon="-16.985794"><ele>1490.4</ele></rtept><rtept lat="32.739567" lon="-16.985737"><ele>1493.4</ele></rtept><rtept lat="32.73951" lon="-16.985735"><ele>1496.4</ele></rtept><rtept lat="32.739502" lon="-16.985558"><ele>1503.2</ele></rtept><rtept lat="32.739464" lon="-16.985542"><ele>1505.8</ele></rtept><rtept lat="32.739494" lon="-16.98548"><ele>1512.8</ele></rtept><rtept lat="32.739456" lon="-16.985449"><ele>1514.0</ele></rtept><rtept lat="32.739475" lon="-16.985403"><ele>1515.8</ele></rtept><rtept lat="32.739395" lon="-16.985382"><ele>1519.2</ele></rtept><rtept lat="32.73937" lon="-16.985415"><ele>1522.0</ele></rtept><rtept lat="32.7394" lon="-16.985308"><ele>1528.6</ele></rtept><rtept lat="32.73931" lon="-16.985283"><ele>1537.2</ele></rtept><rtept lat="32.739395" lon="-16.985182"><ele>1543.4</ele></rtept><rtept lat="32.739292" lon="-16.985151"><ele>1547.4</ele></rtept><rtept lat="32.73925" lon="-16.985165"><ele>1548.8</ele></rtept><rtept lat="32.739204" lon="-16.985277"><ele>1554.6</ele></rtept><rtept lat="32.739075" lon="-16.985388"><ele>1557.0</ele></rtept><rtept lat="32.73905" lon="-16.985558"><ele>1558.4</ele></rtept><rtept lat="32.73909" lon="-16.985653"><ele>1564.8</ele></rtept><rtept lat="32.739056" lon="-16.985807"><ele>1565.8</ele></rtept><rtept lat="32.738922" lon="-16.985975"><ele>1564.6</ele></rtept><rtept lat="32.738697" lon="-16.985872"><ele>1566.8</ele></rtept><rtept lat="32.738194" lon="-16.985842"><ele>1563.8</ele></rtept><rtept lat="32.737743" lon="-16.985937"><ele>1553.6</ele></rtept><rtept lat="32.73766" lon="-16.985876"><ele>1549.8</ele></rtept><rtept lat="32.73755" lon="-16.98585"><ele>1545.0</ele></rtept><rtept lat="32.737366" lon="-16.985634"><ele>1537.6</ele></rtept><rtept lat="32.737137" lon="-16.985638"><ele>1533.6</ele></rtept><rtept lat="32.737076" lon="-16.985607"><ele>1531.2</ele></rtept><rtept lat="32.73684" lon="-16.985357"><ele>1523.4</ele></rtept><rtept lat="32.736385" lon="-16.985039"><ele>1508.8</ele></rtept><rtept lat="32.736263" lon="-16.984861"><ele>1500.6</ele></rtept><rtept lat="32.736347" lon="-16.984768"><ele>1495.6</ele></rtept><rtept lat="32.736286" lon="-16.984674"><ele>1490.8</ele></rtept><rtept lat="32.736374" lon="-16.984594"><ele>1486.8</ele></rtept><rtept lat="32.736324" lon="-16.984512"><ele>1484.4</ele></rtept><rtept lat="32.736244" lon="-16.98447"><ele>1482.2</ele></rtept><rtept lat="32.73611" lon="-16.984438"><ele>1477.4</ele></rtept><rtept lat="32.735996" lon="-16.98445"><ele>1474.8</ele></rtept><rtept lat="32.73609" lon="-16.984303"><ele>1469.0</ele></rtept><rtept lat="32.73588" lon="-16.984274"><ele>1462.2</ele></rtept><rtept lat="32.73577" lon="-16.984415"><ele>1457.6</ele></rtept><rtept lat="32.735588" lon="-16.984282"><ele>1454.8</ele></rtept><rtept lat="32.735325" lon="-16.984005"><ele>1448.6</ele></rtept><rtept lat="32.735126" lon="-16.98398"><ele>1445.0</ele></rtept><rtept lat="32.73483" lon="-16.983852"><ele>1441.4</ele></rtept><rtept lat="32.734707" lon="-16.983837"><ele>1441.2</ele></rtept><rtept lat="32.73453" lon="-16.983692"><ele>1435.8</ele></rtept><rtept lat="32.734333" lon="-16.98376"><ele>1426.6</ele></rtept><rtept lat="32.7343" lon="-16.983667"><ele>1419.4</ele></rtept><rtept lat="32.734127" lon="-16.983803"><ele>1410.2</ele></rtept><rtept lat="32.734035" lon="-16.984005"><ele>1405.0</ele></rtept><rtept lat="32.733982" lon="-16.983997"><ele>1402.2</ele></rtept><rtept lat="32.73396" lon="-16.984068"><ele>1397.6</ele></rtept><rtept lat="32.733772" lon="-16.98421"><ele>1392.0</ele></rtept><rtept lat="32.733356" lon="-16.984278"><ele>1389.6</ele></rtept><rtept lat="32.733124" lon="-16.984116"><ele>1380.0</ele></rtept><rtept lat="32.73282" lon="-16.983997"><ele>1369.8</ele></rtept><rtept lat="32.732655" lon="-16.98423"><ele>1357.2</ele></rtept><rtept lat="32.73266" lon="-16.98437"><ele>1353.8</ele></rtept><rtept lat="32.7326" lon="-16.984758"><ele>1345.2</ele></rtept><rtept lat="32.73247" lon="-16.984875"><ele>1337.8</ele></rtept><rtept lat="32.732307" lon="-16.985146"><ele>1328.0</ele></rtept><rtept lat="32.732227" lon="-16.985207"><ele>1327.8</ele></rtept><rtept lat="32.731884" lon="-16.98534"><ele>1322.4</ele></rtept><rtept lat="32.731564" lon="-16.985527"><ele>1314.8</ele></rtept><rtept lat="32.731457" lon="-16.985542"><ele>1312.2</ele></rtept><rtept lat="32.73121" lon="-16.98544"><ele>1308.2</ele></rtept><rtept lat="32.73107" lon="-16.985435"><ele>1307.4</ele></rtept><rtept lat="32.73098" lon="-16.98538"><ele>1307.6</ele></rtept><rtept lat="32.73092" lon="-16.985382"><ele>1307.0</ele></rtept><rtept lat="32.730988" lon="-16.985344"><ele>1305.2</ele></rtept><rtept lat="32.73152" lon="-16.985302"><ele>1300.0</ele></rtept><rtept lat="32.73174" lon="-16.985048"><ele>1296.4</ele></rtept><rtept lat="32.731888" lon="-16.984993"><ele>1295.4</ele></rtept><rtept lat="32.73202" lon="-16.984894"><ele>1294.0</ele></rtept><rtept lat="32.732044" lon="-16.984749"><ele>1292.8</ele></rtept><rtept lat="32.73214" lon="-16.98457"><ele>1288.8</ele></rtept><rtept lat="32.73209" lon="-16.984407"><ele>1286.4</ele></rtept><rtept lat="32.732094" lon="-16.984255"><ele>1285.6</ele></rtept><rtept lat="32.732235" lon="-16.984148"><ele>1285.0</ele></rtept><rtept lat="32.73231" lon="-16.984001"><ele>1283.6</ele></rtept><rtept lat="32.732197" lon="-16.983547"><ele>1278.4</ele></rtept><rtept lat="32.732224" lon="-16.98346"><ele>1276.8</ele></rtept><rtept lat="32.732357" lon="-16.983368"><ele>1272.6</ele></rtept><rtept lat="32.732265" lon="-16.983335"><ele>1268.8</ele></rtept><rtept lat="32.73271" lon="-16.983017"><ele>1256.4</ele></rtept><rtept lat="32.732716" lon="-16.982817"><ele>1253.6</ele></rtept><rtept lat="32.732754" lon="-16.982658"><ele>1255.2</ele></rtept><rtept lat="32.732697" lon="-16.982466"><ele>1256.6</ele></rtept><rtept lat="32.732815" lon="-16.982243"><ele>1253.8</ele></rtept><rtept lat="32.732952" lon="-16.982138"><ele>1249.6</ele></rtept><rtept lat="32.733353" lon="-16.982101"><ele>1238.4</ele></rtept><rtept lat="32.73338" lon="-16.982018"><ele>1237.0</ele></rtept><rtept lat="32.733368" lon="-16.981958"><ele>1238.0</ele></rtept><rtept lat="32.733437" lon="-16.981833"><ele>1240.6</ele></rtept><rtept lat="32.733334" lon="-16.98161"><ele>1244.4</ele></rtept><rtept lat="32.733288" lon="-16.981344"><ele>1245.6</ele></rtept><rtept lat="32.733204" lon="-16.981092"><ele>1246.4</ele></rtept><rtept lat="32.73332" lon="-16.98084"><ele>1243.6</ele></rtept><rtept lat="32.73342" lon="-16.980322"><ele>1236.2</ele></rtept><rtept lat="32.73363" lon="-16.980268"><ele>1228.4</ele></rtept><rtept lat="32.733337" lon="-16.980055"><ele>1220.6</ele></rtept><rtept lat="32.733463" lon="-16.980001"><ele>1216.6</ele></rtept><rtept lat="32.733604" lon="-16.980007"><ele>1212.2</ele></rtept><rtept lat="32.733612" lon="-16.979939"><ele>1208.8</ele></rtept><rtept lat="32.733326" lon="-16.979813"><ele>1200.8</ele></rtept><rtept lat="32.733196" lon="-16.979828"><ele>1196.2</ele></rtept><rtept lat="32.733204" lon="-16.979797"><ele>1194.6</ele></rtept><rtept lat="32.733154" lon="-16.979845"><ele>1191.2</ele></rtept><rtept lat="32.733177" lon="-16.979757"><ele>1186.4</ele></rtept><rtept lat="32.733257" lon="-16.97974"><ele>1183.4</ele></rtept><rtept lat="32.73309" lon="-16.979656"><ele>1174.4</ele></rtept><rtept lat="32.733112" lon="-16.97962"><ele>1171.8</ele></rtept><rtept lat="32.73295" lon="-16.97947"><ele>1165.6</ele></rtept><rtept lat="32.732857" lon="-16.97928"><ele>1158.8</ele></rtept><rtept lat="32.73286" lon="-16.979256"><ele>1156.8</ele></rtept><rtept lat="32.732906" lon="-16.979279"><ele>1153.8</ele></rtept><rtept lat="32.73288" lon="-16.979206"><ele>1150.8</ele></rtept><rtept lat="32.732986" lon="-16.97932"><ele>1145.4</ele></rtept><rtept lat="32.733" lon="-16.979298"><ele>1144.0</ele></rtept><rtept lat="32.732964" lon="-16.979122"><ele>1140.0</ele></rtept><rtept lat="32.733086" lon="-16.979227"><ele>1134.6</ele></rtept><rtept lat="32.733078" lon="-16.979027"><ele>1129.4</ele></rtept><rtept lat="32.733173" lon="-16.97916"><ele>1124.4</ele></rtept><rtept lat="32.733196" lon="-16.979143"><ele>1123.2</ele></rtept><rtept lat="32.733192" lon="-16.978977"><ele>1118.8</ele></rtept><rtept lat="32.73329" lon="-16.97909"><ele>1113.6</ele></rtept><rtept lat="32.733295" lon="-16.978954"><ele>1110.2</ele></rtept><rtept lat="32.733334" lon="-16.978868"><ele>1107.2</ele></rtept><rtept lat="32.733368" lon="-16.978954"><ele>1104.2</ele></rtept><rtept lat="32.733395" lon="-16.978952"><ele>1102.8</ele></rtept><rtept lat="32.733448" lon="-16.978807"><ele>1098.4</ele></rtept><rtept lat="32.73347" lon="-16.978794"><ele>1096.8</ele></rtept><rtept lat="32.73351" lon="-16.97887"><ele>1093.8</ele></rtept><rtept lat="32.73353" lon="-16.97885"><ele>1091.4</ele></rtept><rtept lat="32.733513" lon="-16.978718"><ele>1088.4</ele></rtept><rtept lat="32.733307" lon="-16.978504"><ele>1084.6</ele></rtept><rtept lat="32.733253" lon="-16.978237"><ele>1079.8</ele></rtept><rtept lat="32.73331" lon="-16.978254"><ele>1077.8</ele></rtept><rtept lat="32.733463" lon="-16.978481"><ele>1072.0</ele></rtept><rtept lat="32.733585" lon="-16.978533"><ele>1069.2</ele></rtept><rtept lat="32.733643" lon="-16.978598"><ele>1066.8</ele></rtept><rtept lat="32.733658" lon="-16.978497"><ele>1063.4</ele></rtept><rtept lat="32.733562" lon="-16.978415"><ele>1059.0</ele></rtept><rtept lat="32.733734" lon="-16.978449"><ele>1053.6</ele></rtept><rtept lat="32.7337" lon="-16.97838"><ele>1050.6</ele></rtept><rtept lat="32.733746" lon="-16.978325"><ele>1047.0</ele></rtept><rtept lat="32.733616" lon="-16.978212"><ele>1043.6</ele></rtept><rtept lat="32.733463" lon="-16.977919"><ele>1037.8</ele></rtept><rtept lat="32.733116" lon="-16.977802"><ele>1032.0</ele></rtept><rtept lat="32.732872" lon="-16.977558"><ele>1024.8</ele></rtept><rtept lat="32.732857" lon="-16.977531"><ele>1023.4</ele></rtept><rtept lat="32.732887" lon="-16.977518"><ele>1021.6</ele></rtept><rtept lat="32.733112" lon="-16.977503"><ele>1015.2</ele></rtept><rtept lat="32.733124" lon="-16.977468"><ele>1013.6</ele></rtept><rtept lat="32.732937" lon="-16.977358"><ele>1010.0</ele></rtept><rtept lat="32.732845" lon="-16.977264"><ele>1007.6</ele></rtept><rtept lat="32.73274" lon="-16.977083"><ele>1004.6</ele></rtept><rtept lat="32.732708" lon="-16.976917"><ele>1002.2</ele></rtept><rtept lat="32.73274" lon="-16.97676"><ele>999.6</ele></rtept><rtept lat="32.732803" lon="-16.976673"><ele>997.0</ele></rtept><rtept lat="32.73289" lon="-16.976902"><ele>989.2</ele></rtept><rtept lat="32.73295" lon="-16.976664"><ele>985.2</ele></rtept><rtept lat="32.732937" lon="-16.976547"><ele>983.8</ele></rtept><rtept lat="32.732822" lon="-16.976295"><ele>979.6</ele></rtept><rtept lat="32.732937" lon="-16.976406"><ele>976.0</ele></rtept><rtept lat="32.73312" lon="-16.976473"><ele>973.0</ele></rtept><rtept lat="32.73316" lon="-16.976675"><ele>970.8</ele></rtept><rtept lat="32.733192" lon="-16.976686"><ele>969.2</ele></rtept><rtept lat="32.733227" lon="-16.976458"><ele>965.6</ele></rtept><rtept lat="32.733067" lon="-16.976185"><ele>960.6</ele></rtept><rtept lat="32.732998" lon="-16.976013"><ele>957.6</ele></rtept><rtept lat="32.733276" lon="-16.976248"><ele>950.8</ele></rtept><rtept lat="32.733536" lon="-16.976309"><ele>946.2</ele></rtept><rtept lat="32.73355" lon="-16.976532"><ele>943.2</ele></rtept><rtept lat="32.733727" lon="-16.976273"><ele>935.0</ele></rtept><rtept lat="32.733746" lon="-16.976212"><ele>933.6</ele></rtept><rtept lat="32.7337" lon="-16.976105"><ele>931.0</ele></rtept><rtept lat="32.733505" lon="-16.975983"><ele>926.8</ele></rtept><rtept lat="32.733437" lon="-16.9759"><ele>925.4</ele></rtept><rtept lat="32.733376" lon="-16.975763"><ele>923.2</ele></rtept><rtept lat="32.73337" lon="-16.975653"><ele>921.0</ele></rtept><rtept lat="32.733395" lon="-16.975641"><ele>919.8</ele></rtept><rtept lat="32.733585" lon="-16.97579"><ele>914.4</ele></rtept><rtept lat="32.733753" lon="-16.975786"><ele>909.8</ele></rtept><rtept lat="32.734013" lon="-16.97591"><ele>902.8</ele></rtept><rtept lat="32.734238" lon="-16.975895"><ele>898.8</ele></rtept><rtept lat="32.73418" lon="-16.975817"><ele>896.6</ele></rtept><rtept lat="32.734066" lon="-16.975761"><ele>894.0</ele></rtept><rtept lat="32.734066" lon="-16.975718"><ele>892.2</ele></rtept><rtept lat="32.73428" lon="-16.975672"><ele>887.2</ele></rtept><rtept lat="32.734413" lon="-16.975807"><ele>881.8</ele></rtept><rtept lat="32.73435" lon="-16.975557"><ele>875.0</ele></rtept><rtept lat="32.734406" lon="-16.975582"><ele>872.2</ele></rtept><rtept lat="32.734493" lon="-16.975695"><ele>869.0</ele></rtept><rtept lat="32.734467" lon="-16.975561"><ele>865.4</ele></rtept><rtept lat="32.73434" lon="-16.97544"><ele>862.2</ele></rtept><rtept lat="32.734318" lon="-16.975368"><ele>859.4</ele></rtept><rtept lat="32.73446" lon="-16.975428"><ele>854.4</ele></rtept><rtept lat="32.734493" lon="-16.975409"><ele>852.2</ele></rtept><rtept lat="32.73432" lon="-16.975191"><ele>844.4</ele></rtept><rtept lat="32.734146" lon="-16.975183"><ele>838.6</ele></rtept><rtept lat="32.733967" lon="-16.975128"><ele>833.8</ele></rtept><rtept lat="32.73393" lon="-16.97503"><ele>832.4</ele></rtept><rtept lat="32.733936" lon="-16.974762"><ele>829.4</ele></rtept><rtept lat="32.733757" lon="-16.974623"><ele>823.8</ele></rtept><rtept lat="32.733807" lon="-16.974518"><ele>819.0</ele></rtept><rtept lat="32.734005" lon="-16.974318"><ele>807.4</ele></rtept><rtept lat="32.733986" lon="-16.974218"><ele>802.8</ele></rtept><rtept lat="32.734043" lon="-16.974182"><ele>800.8</ele></rtept><rtept lat="32.73396" lon="-16.974096"><ele>796.6</ele></rtept><rtept lat="32.734043" lon="-16.974022"><ele>793.2</ele></rtept><rtept lat="32.734028" lon="-16.973965"><ele>790.2</ele></rtept><rtept lat="32.734104" lon="-16.973778"><ele>783.8</ele></rtept><rtept lat="32.73411" lon="-16.97356"><ele>778.0</ele></rtept><rtept lat="32.73425" lon="-16.97327"><ele>769.8</ele></rtept><rtept lat="32.734303" lon="-16.973063"><ele>766.2</ele></rtept><rtept lat="32.734264" lon="-16.973013"><ele>764.8</ele></rtept><rtept lat="32.73416" lon="-16.973038"><ele>762.0</ele></rtept><rtept lat="32.734043" lon="-16.972897"><ele>759.2</ele></rtept><rtept lat="32.733944" lon="-16.972834"><ele>756.8</ele></rtept><rtept lat="32.73377" lon="-16.972794"><ele>752.2</ele></rtept><rtept lat="32.733646" lon="-16.97286"><ele>748.4</ele></rtept><rtept lat="32.733574" lon="-16.973072"><ele>742.6</ele></rtept><rtept lat="32.733486" lon="-16.973217"><ele>738.0</ele></rtept><rtept lat="32.733326" lon="-16.973288"><ele>732.6</ele></rtept><rtept lat="32.73299" lon="-16.973238"><ele>725.2</ele></rtept><rtept lat="32.732754" lon="-16.973146"><ele>721.4</ele></rtept><rtept lat="32.732758" lon="-16.973066"><ele>720.0</ele></rtept><rtept lat="32.7331" lon="-16.972927"><ele>714.4</ele></rtept><rtept lat="32.73316" lon="-16.972837"><ele>712.6</ele></rtept><rtept lat="32.733154" lon="-16.972775"><ele>711.2</ele></rtept><rtept lat="32.732796" lon="-16.97234"><ele>702.8</ele></rtept><rtept lat="32.73269" lon="-16.972307"><ele>701.6</ele></rtept><rtept lat="32.73219" lon="-16.972338"><ele>698.2</ele></rtept><rtept lat="32.73212" lon="-16.97231"><ele>697.2</ele></rtept><rtept lat="32.732037" lon="-16.9722"><ele>694.4</ele></rtept><rtept lat="32.73198" lon="-16.971956"><ele>688.8</ele></rtept><rtept lat="32.731853" lon="-16.971813"><ele>683.6</ele></rtept><rtept lat="32.731693" lon="-16.971497"><ele>675.6</ele></rtept><rtept lat="32.731766" lon="-16.97105"><ele>669.2</ele></rtept><rtept lat="32.731712" lon="-16.9705"><ele>662.6</ele></rtept><rtept lat="32.73166" lon="-16.970457"><ele>662.2</ele></rtept><rtept lat="32.731426" lon="-16.970442"><ele>660.4</ele></rtept><rtept lat="32.731327" lon="-16.970398"><ele>659.2</ele></rtept><rtept lat="32.7312" lon="-16.97031"><ele>657.2</ele></rtept><rtept lat="32.731075" lon="-16.970104"><ele>653.6</ele></rtept><rtept lat="32.73083" lon="-16.970196"><ele>650.4</ele></rtept><rtept lat="32.730614" lon="-16.970146"><ele>648.2</ele></rtept><rtept lat="32.730537" lon="-16.97006"><ele>647.2</ele></rtept><rtept lat="32.730476" lon="-16.969908"><ele>644.2</ele></rtept><rtept lat="32.730545" lon="-16.969822"><ele>640.2</ele></rtept><rtept lat="32.730354" lon="-16.969652"><ele>633.8</ele></rtept><rtept lat="32.730286" lon="-16.969482"><ele>628.4</ele></rtept><rtept lat="32.730198" lon="-16.969414"><ele>623.8</ele></rtept><rtept lat="32.730328" lon="-16.969353"><ele>618.0</ele></rtept><rtept lat="32.730206" lon="-16.96931"><ele>614.8</ele></rtept><rtept lat="32.729927" lon="-16.969336"><ele>607.2</ele></rtept><rtept lat="32.729824" lon="-16.969288"><ele>602.6</ele></rtept><rtept lat="32.73013" lon="-16.968962"><ele>589.2</ele></rtept><rtept lat="32.730072" lon="-16.968903"><ele>586.0</ele></rtept><rtept lat="32.729874" lon="-16.968824"><ele>579.2</ele></rtept><rtept lat="32.729927" lon="-16.968742"><ele>574.8</ele></rtept><rtept lat="32.729736" lon="-16.968695"><ele>567.8</ele></rtept><rtept lat="32.72968" lon="-16.968634"><ele>565.8</ele></rtept><rtept lat="32.72969" lon="-16.968477"><ele>561.6</ele></rtept><rtept lat="32.72978" lon="-16.96851"><ele>549.99</ele></rtept><rtept lat="32.72979" lon="-16.968462"><ele>546.89</ele></rtept><rtept lat="32.729877" lon="-16.968266"><ele>539.8</ele></rtept><rtept lat="32.729897" lon="-16.968199"><ele>539.49</ele></rtept><rtept lat="32.729694" lon="-16.968048"><ele>540.76</ele></rtept><rtept lat="32.729717" lon="-16.967916"><ele>541.62</ele></rtept><rtept lat="32.729717" lon="-16.967888"><ele>541.68</ele></rtept><rtept lat="32.729694" lon="-16.967838"><ele>542.02</ele></rtept><rtept lat="32.72965" lon="-16.967802"><ele>542.64</ele></rtept><rtept lat="32.729572" lon="-16.96776"><ele>543.34</ele></rtept><rtept lat="32.729427" lon="-16.967741"><ele>545.07</ele></rtept><rtept lat="32.72939" lon="-16.967714"><ele>545.44</ele></rtept><rtept lat="32.729362" lon="-16.967669"><ele>545.52</ele></rtept><rtept lat="32.72935" lon="-16.967617"><ele>545.51</ele></rtept><rtept lat="32.72935" lon="-16.967503"><ele>546.75</ele></rtept><rtept lat="32.729332" lon="-16.967419"><ele>548.35</ele></rtept><rtept lat="32.72934" lon="-16.967373"><ele>548.38</ele></rtept><rtept lat="32.729286" lon="-16.967365"><ele>546.58</ele></rtept><rtept lat="32.729218" lon="-16.967323"><ele>543.55</ele></rtept><rtept lat="32.729237" lon="-16.967276"><ele>543.99</ele></rtept><rtept lat="32.728836" lon="-16.967178"><ele>534.21</ele></rtept><rtept lat="32.728695" lon="-16.967127"><ele>532.14</ele></rtept><rtept lat="32.728397" lon="-16.966925"><ele>533.74</ele></rtept><rtept lat="32.728027" lon="-16.966661"><ele>539.87</ele></rtept><rtept lat="32.727943" lon="-16.966581"><ele>541.64</ele></rtept><rtept lat="32.72788" lon="-16.966497"><ele>543.01</ele></rtept><rtept lat="32.727837" lon="-16.966412"><ele>544.29</ele></rtept><rtept lat="32.72781" lon="-16.966333"><ele>545.56</ele></rtept><rtept lat="32.727753" lon="-16.965979"><ele>549.16</ele></rtept><rtept lat="32.72773" lon="-16.965883"><ele>547.15</ele></rtept><rtept lat="32.727673" lon="-16.965784"><ele>546.17</ele></rtept><rtept lat="32.72759" lon="-16.965712"><ele>545.32</ele></rtept><rtept lat="32.727493" lon="-16.965673"><ele>544.53</ele></rtept><rtept lat="32.72744" lon="-16.96567"><ele>544.14</ele></rtept><rtept lat="32.72734" lon="-16.965693"><ele>543.27</ele></rtept><rtept lat="32.727253" lon="-16.965748"><ele>544.9</ele></rtept><rtept lat="32.727055" lon="-16.965906"><ele>547.91</ele></rtept><rtept lat="32.727024" lon="-16.965921"><ele>548.48</ele></rtept><rtept lat="32.726955" lon="-16.965933"><ele>550.19</ele></rtept><rtept lat="32.72691" lon="-16.965925"><ele>551.84</ele></rtept><rtept lat="32.726833" lon="-16.965883"><ele>555.88</ele></rtept><rtept lat="32.726524" lon="-16.965591"><ele>574.34</ele></rtept><rtept lat="32.726402" lon="-16.965534"><ele>579.73</ele></rtept><rtept lat="32.72634" lon="-16.965519"><ele>581.69</ele></rtept><rtept lat="32.726288" lon="-16.965511"><ele>582.8</ele></rtept><rtept lat="32.726177" lon="-16.965513"><ele>584.85</ele></rtept><rtept lat="32.72626" lon="-16.965427"><ele>584.36</ele></rtept><rtept lat="32.726368" lon="-16.965425"><ele>582.25</ele></rtept><rtept lat="32.72654" lon="-16.96551"><ele>579.67</ele></rtept><rtept lat="32.72665" lon="-16.965597"><ele>581.17</ele></rtept><rtept lat="32.726654" lon="-16.965586"><ele>581.32</ele></rtept><rtept lat="32.72656" lon="-16.96548"><ele>583.33</ele></rtept><rtept lat="32.726475" lon="-16.965424"><ele>584.09</ele></rtept><rtept lat="32.726288" lon="-16.96535"><ele>586.74</ele></rtept><rtept lat="32.726234" lon="-16.965315"><ele>587.91</ele></rtept><rtept lat="32.72615" lon="-16.965239"><ele>590.61</ele></rtept><rtept lat="32.726017" lon="-16.96518"><ele>595.07</ele></rtept><rtept lat="32.72589" lon="-16.965078"><ele>599.21</ele></rtept><rtept lat="32.725662" lon="-16.964796"><ele>611.52</ele></rtept><rtept lat="32.725582" lon="-16.96464"><ele>619.32</ele></rtept><rtept lat="32.72548" lon="-16.964664"><ele>627.06</ele></rtept><rtept lat="32.725426" lon="-16.964643"><ele>629.69</ele></rtept><rtept lat="32.725464" lon="-16.964848"><ele>631.92</ele></rtept><rtept lat="32.725464" lon="-16.964863"><ele>632.35</ele></rtept><rtept lat="32.725456" lon="-16.964872"><ele>632.73</ele></rtept><rtept lat="32.725445" lon="-16.964869"><ele>633.18</ele></rtept><rtept lat="32.725426" lon="-16.964804"><ele>635.17</ele></rtept><rtept lat="32.725346" lon="-16.964607"><ele>640.69</ele></rtept><rtept lat="32.725292" lon="-16.964508"><ele>642.64</ele></rtept><rtept lat="32.725296" lon="-16.964617"><ele>644.14</ele></rtept><rtept lat="32.725246" lon="-16.964552"><ele>645.06</ele></rtept><rtept lat="32.7252" lon="-16.964544"><ele>645.64</ele></rtept><rtept lat="32.725132" lon="-16.96445"><ele>647.2</ele></rtept><rtept lat="32.725075" lon="-16.964514"><ele>649.06</ele></rtept><rtept lat="32.725067" lon="-16.964556"><ele>649.72</ele></rtept><rtept lat="32.725204" lon="-16.964846"><ele>650.27</ele></rtept><rtept lat="32.72522" lon="-16.964998"><ele>647.47</ele></rtept><rtept lat="32.725197" lon="-16.96515"><ele>642.97</ele></rtept><rtept lat="32.725094" lon="-16.965185"><ele>647.95</ele></rtept><rtept lat="32.724945" lon="-16.965197"><ele>653.56</ele></rtept><rtept lat="32.724735" lon="-16.96519"><ele>658.5</ele></rtept><rtept lat="32.72455" lon="-16.965092"><ele>661.22</ele></rtept><rtept lat="32.724255" lon="-16.96501"><ele>657.76</ele></rtept><rtept lat="32.724087" lon="-16.964949"><ele>656.03</ele></rtept><rtept lat="32.723946" lon="-16.964888"><ele>655.79</ele></rtept><rtept lat="32.723873" lon="-16.964882"><ele>656.59</ele></rtept><rtept lat="32.72386" lon="-16.964909"><ele>656.19</ele></rtept><rtept lat="32.723595" lon="-16.965118"><ele>657.99</ele></rtept><rtept lat="32.723354" lon="-16.965218"><ele>659.0</ele></rtept><rtept lat="32.722866" lon="-16.965378"><ele>663.87</ele></rtept><rtept lat="32.722733" lon="-16.965446"><ele>664.82</ele></rtept><rtept lat="32.722683" lon="-16.965496"><ele>664.53</ele></rtept><rtept lat="32.72265" lon="-16.965578"><ele>664.07</ele></rtept><rtept lat="32.722607" lon="-16.96572"><ele>663.21</ele></rtept><rtept lat="32.722546" lon="-16.965853"><ele>661.88</ele></rtept><rtept lat="32.7225" lon="-16.965874"><ele>662.05</ele></rtept><rtept lat="32.722485" lon="-16.96594"><ele>661.16</ele></rtept><rtept lat="32.72243" lon="-16.966057"><ele>660.02</ele></rtept><rtept lat="32.722343" lon="-16.966148"><ele>659.73</ele></rtept><rtept lat="32.722282" lon="-16.966187"><ele>660.12</ele></rtept><rtept lat="32.72216" lon="-16.966227"><ele>661.18</ele></rtept><rtept lat="32.72209" lon="-16.966225"><ele>661.78</ele></rtept><rtept lat="32.721912" lon="-16.966171"><ele>663.97</ele></rtept><rtept lat="32.721462" lon="-16.966002"><ele>657.71</ele></rtept><rtept lat="32.72137" lon="-16.965973"><ele>656.12</ele></rtept><rtept lat="32.721306" lon="-16.965889"><ele>654.06</ele></rtept><rtept lat="32.721107" lon="-16.965763"><ele>649.27</ele></rtept><rtept lat="32.721024" lon="-16.96568"><ele>646.82</ele></rtept><rtept lat="32.72069" lon="-16.965168"><ele>641.88</ele></rtept><rtept lat="32.720654" lon="-16.965137"><ele>641.46</ele></rtept><rtept lat="32.720608" lon="-16.965134"><ele>640.99</ele></rtept><rtept lat="32.720505" lon="-16.965164"><ele>638.58</ele></rtept><rtept lat="32.72043" lon="-16.965199"><ele>636.36</ele></rtept><rtept lat="32.72035" lon="-16.96529"><ele>633.31</ele></rtept><rtept lat="32.720333" lon="-16.965237"><ele>634.0</ele></rtept><rtept lat="32.7202" lon="-16.96533"><ele>629.62</ele></rtept><rtept lat="32.72012" lon="-16.96538"><ele>627.31</ele></rtept><rtept lat="32.720074" lon="-16.965399"><ele>626.49</ele></rtept><rtept lat="32.719887" lon="-16.964773"><ele>622.46</ele></rtept><rtept lat="32.719765" lon="-16.964657"><ele>616.74</ele></rtept><rtept lat="32.719772" lon="-16.96461"><ele>616.76</ele></rtept><rtept lat="32.71971" lon="-16.964575"><ele>615.15</ele></rtept><rtept lat="32.719643" lon="-16.96449"><ele>614.78</ele></rtept><rtept lat="32.71962" lon="-16.964428"><ele>615.24</ele></rtept><rtept lat="32.719604" lon="-16.964277"><ele>614.92</ele></rtept><rtept lat="32.71958" lon="-16.964186"><ele>613.94</ele></rtept><rtept lat="32.719543" lon="-16.964134"><ele>613.4</ele></rtept><rtept lat="32.719505" lon="-16.964119"><ele>613.28</ele></rtept><rtept lat="32.719467" lon="-16.96412"><ele>613.15</ele></rtept><rtept lat="32.719433" lon="-16.964132"><ele>612.92</ele></rtept><rtept lat="32.71938" lon="-16.964188"><ele>611.78</ele></rtept><rtept lat="32.719296" lon="-16.964426"><ele>606.49</ele></rtept><rtept lat="32.719257" lon="-16.964499"><ele>604.58</ele></rtept><rtept lat="32.719204" lon="-16.964565"><ele>603.14</ele></rtept><rtept lat="32.71881" lon="-16.964949"><ele>602.67</ele></rtept><rtept lat="32.718773" lon="-16.96498"><ele>602.99</ele></rtept><rtept lat="32.71872" lon="-16.96499"><ele>603.47</ele></rtept><rtept lat="32.718674" lon="-16.96499"><ele>604.12</ele></rtept><rtept lat="32.718624" lon="-16.964964"><ele>605.29</ele></rtept><rtept lat="32.718582" lon="-16.964897"><ele>606.69</ele></rtept><rtept lat="32.71856" lon="-16.964828"><ele>607.44</ele></rtept><rtept lat="32.718513" lon="-16.964567"><ele>610.92</ele></rtept><rtept lat="32.718464" lon="-16.96441"><ele>612.5</ele></rtept><rtept lat="32.71841" lon="-16.964317"><ele>613.19</ele></rtept><rtept lat="32.71818" lon="-16.963968"><ele>614.58</ele></rtept><rtept lat="32.718113" lon="-16.963808"><ele>615.2</ele></rtept><rtept lat="32.717976" lon="-16.963297"><ele>615.98</ele></rtept><rtept lat="32.717968" lon="-16.963219"><ele>616.18</ele></rtept><rtept lat="32.717976" lon="-16.9629"><ele>618.91</ele></rtept><rtept lat="32.717957" lon="-16.962841"><ele>619.82</ele></rtept><rtept lat="32.717888" lon="-16.962765"><ele>621.24</ele></rtept><rtept lat="32.717827" lon="-16.962755"><ele>622.16</ele></rtept><rtept lat="32.717503" lon="-16.962786"><ele>620.65</ele></rtept><rtept lat="32.71743" lon="-16.962807"><ele>619.82</ele></rtept><rtept lat="32.71739" lon="-16.962835"><ele>618.83</ele></rtept><rtept lat="32.717358" lon="-16.96288"><ele>615.71</ele></rtept><rtept lat="32.717335" lon="-16.962938"><ele>612.11</ele></rtept><rtept lat="32.717327" lon="-16.963003"><ele>610.86</ele></rtept><rtept lat="32.717377" lon="-16.96331"><ele>604.98</ele></rtept><rtept lat="32.71738" lon="-16.963383"><ele>603.95</ele></rtept><rtept lat="32.717373" lon="-16.963469"><ele>603.17</ele></rtept><rtept lat="32.717335" lon="-16.963556"><ele>602.72</ele></rtept><rtept lat="32.71728" lon="-16.963638"><ele>602.63</ele></rtept><rtept lat="32.717068" lon="-16.96389"><ele>600.38</ele></rtept><rtept lat="32.716908" lon="-16.964045"><ele>601.56</ele></rtept><rtept lat="32.71675" lon="-16.964218"><ele>602.71</ele></rtept><rtept lat="32.716587" lon="-16.964481"><ele>600.48</ele></rtept><rtept lat="32.716507" lon="-16.964544"><ele>600.7</ele></rtept><rtept lat="32.716305" lon="-16.964664"><ele>597.89</ele></rtept><rtept lat="32.716255" lon="-16.96472"><ele>596.66</ele></rtept><rtept lat="32.71607" lon="-16.96506"><ele>591.92</ele></rtept><rtept lat="32.71569" lon="-16.965643"><ele>575.88</ele></rtept><rtept lat="32.71566" lon="-16.96572"><ele>573.93</ele></rtept><rtept lat="32.71565" lon="-16.965805"><ele>572.05</ele></rtept><rtept lat="32.715656" lon="-16.965899"><ele>570.26</ele></rtept><rtept lat="32.71567" lon="-16.965994"><ele>568.65</ele></rtept><rtept lat="32.715694" lon="-16.966053"><ele>567.7</ele></rtept><rtept lat="32.71572" lon="-16.966099"><ele>566.91</ele></rtept><rtept lat="32.71581" lon="-16.966139"><ele>565.57</ele></rtept><rtept lat="32.71586" lon="-16.96613"><ele>564.81</ele></rtept><rtept lat="32.715984" lon="-16.966085"><ele>563.05</ele></rtept><rtept lat="32.716022" lon="-16.966063"><ele>562.47</ele></rtept><rtept lat="32.716076" lon="-16.96599"><ele>561.55</ele></rtept><rtept lat="32.716114" lon="-16.96583"><ele>560.37</ele></rtept></rte></gpx>