<?xml version="1.0" encoding="UTF-8" standalone="no"?><gpx xmlns="http://www.topografix.com/GPX/1/1" xmlns:xsi="http://www.w3.org/2001/XMLSchema-instance" creator="Sports Tracker" version="1.1" xsi:schemaLocation="http://www.topografix.com/GPX/1/1 http://www.topografix.com/GPX/1/1/gpx.xsd"><metadata><name>J3 MIUT 2026</name><author><name>nicolaslenivet</name></author></metadata><wpt lat="32.71608" lon="-16.965971"><name>Begin</name><desc>Auto-generated</desc><type>Begin</type></wpt><wpt lat="32.719296" lon="-16.964426"><type>Left_turn</type></wpt><wpt lat="32.719334" lon="-16.96444"><type>Right_turn</type></wpt><wpt lat="32.71936" lon="-16.96438"><type>Sharp_left_turn</type></wpt><wpt lat="32.71974" lon="-16.96463"><type>Left_turn</type></wpt><wpt lat="32.71977" lon="-16.964642"><type>Left_turn</type></wpt><wpt lat="32.7202" lon="-16.96533"><type>Sharp_left_turn</type></wpt><wpt lat="32.720207" lon="-16.965363"><type>Sharp_right_turn</type></wpt><wpt lat="32.720318" lon="-16.965305"><type>Left_turn</type></wpt><wpt lat="32.72032" lon="-16.965328"><type>Sharp_right_turn</type></wpt><wpt lat="32.72043" lon="-16.965199"><type>Slight_left_turn</type></wpt><wpt lat="32.72137" lon="-16.965973"><type>Slight_right_turn</type></wpt><wpt lat="32.721462" lon="-16.966002"><type>Left_turn</type></wpt><wpt lat="32.72256" lon="-16.965927"><name>Droite à l’emb.</name><type>Right_at_fork_turn</type></wpt><wpt lat="32.722546" lon="-16.965853"><name>Gauche à l’emb.</name><type>Left_at_fork_turn</type></wpt><wpt lat="32.726177" lon="-16.965513"><type>Sharp_right_turn</type></wpt><wpt lat="32.72969" lon="-16.967361"><name>Waypoint 1</name><desc>Auto-generated</desc><type>Waypoint</type></wpt><wpt lat="32.73802" lon="-16.848833"><name>Waypoint 2</name><desc>Auto-generated</desc><type>Waypoint</type></wpt><wpt lat="32.739475" lon="-16.847"><type>Sharp_right_turn</type></wpt><wpt lat="32.737797" lon="-16.842632"><name>Gauche à l’emb.</name><type>Left_at_fork_turn</type></wpt><wpt lat="32.73664" lon="-16.842478"><type>Slight_left_turn</type></wpt><wpt lat="32.7331" lon="-16.840372"><type>Left_turn</type></wpt><wpt lat="32.732037" lon="-16.835463"><type>Slight_right_turn</type></wpt><wpt lat="32.726772" lon="-16.827423"><type>Slight_right_turn</type></wpt><wpt lat="32.726303" lon="-16.827398"><type>Roundabout_exit_1_turn</type></wpt><wpt lat="32.72389" lon="-16.81767"><type>Right_turn</type></wpt><wpt lat="32.723442" lon="-16.817823"><name>End</name><desc>Auto-generated</desc><type>End</type></wpt><rte><rtept lat="32.71608" lon="-16.965971"><ele>561.4</ele></rtept><rtept lat="32.716076" lon="-16.96599"><ele>561.55</ele></rtept><rtept lat="32.716022" lon="-16.966063"><ele>562.47</ele></rtept><rtept lat="32.715984" lon="-16.966085"><ele>563.05</ele></rtept><rtept lat="32.71586" lon="-16.96613"><ele>564.81</ele></rtept><rtept lat="32.71581" lon="-16.966139"><ele>565.57</ele></rtept><rtept lat="32.71572" lon="-16.966099"><ele>566.91</ele></rtept><rtept lat="32.715694" lon="-16.966053"><ele>567.7</ele></rtept><rtept lat="32.71567" lon="-16.965994"><ele>568.65</ele></rtept><rtept lat="32.715656" lon="-16.965899"><ele>570.26</ele></rtept><rtept lat="32.71565" lon="-16.965805"><ele>572.05</ele></rtept><rtept lat="32.71566" lon="-16.96572"><ele>573.93</ele></rtept><rtept lat="32.71569" lon="-16.965643"><ele>575.88</ele></rtept><rtept lat="32.71607" lon="-16.96506"><ele>591.92</ele></rtept><rtept lat="32.716255" lon="-16.96472"><ele>596.66</ele></rtept><rtept lat="32.716305" lon="-16.964664"><ele>597.89</ele></rtept><rtept lat="32.716507" lon="-16.964544"><ele>600.7</ele></rtept><rtept lat="32.716587" lon="-16.964481"><ele>600.48</ele></rtept><rtept lat="32.71675" lon="-16.964218"><ele>602.71</ele></rtept><rtept lat="32.716908" lon="-16.964045"><ele>601.56</ele></rtept><rtept lat="32.717068" lon="-16.96389"><ele>600.38</ele></rtept><rtept lat="32.71728" lon="-16.963638"><ele>602.63</ele></rtept><rtept lat="32.717335" lon="-16.963556"><ele>602.72</ele></rtept><rtept lat="32.717373" lon="-16.963469"><ele>603.17</ele></rtept><rtept lat="32.71738" lon="-16.963383"><ele>603.95</ele></rtept><rtept lat="32.717377" lon="-16.96331"><ele>604.98</ele></rtept><rtept lat="32.717327" lon="-16.963003"><ele>610.86</ele></rtept><rtept lat="32.717335" lon="-16.962938"><ele>612.11</ele></rtept><rtept lat="32.717358" lon="-16.96288"><ele>615.71</ele></rtept><rtept lat="32.71739" lon="-16.962835"><ele>618.83</ele></rtept><rtept lat="32.71743" lon="-16.962807"><ele>619.82</ele></rtept><rtept lat="32.717503" lon="-16.962786"><ele>620.65</ele></rtept><rtept lat="32.717827" lon="-16.962755"><ele>622.16</ele></rtept><rtept lat="32.717888" lon="-16.962765"><ele>621.24</ele></rtept><rtept lat="32.717957" lon="-16.962841"><ele>619.82</ele></rtept><rtept lat="32.717976" lon="-16.9629"><ele>618.91</ele></rtept><rtept lat="32.717968" lon="-16.963219"><ele>616.18</ele></rtept><rtept lat="32.717976" lon="-16.963297"><ele>615.98</ele></rtept><rtept lat="32.718113" lon="-16.963808"><ele>615.2</ele></rtept><rtept lat="32.71818" lon="-16.963968"><ele>614.58</ele></rtept><rtept lat="32.71841" lon="-16.964317"><ele>613.19</ele></rtept><rtept lat="32.718464" lon="-16.96441"><ele>612.5</ele></rtept><rtept lat="32.718513" lon="-16.964567"><ele>610.92</ele></rtept><rtept lat="32.71856" lon="-16.964828"><ele>607.44</ele></rtept><rtept lat="32.718582" lon="-16.964897"><ele>606.69</ele></rtept><rtept lat="32.718624" lon="-16.964964"><ele>605.29</ele></rtept><rtept lat="32.718674" lon="-16.96499"><ele>604.12</ele></rtept><rtept lat="32.71872" lon="-16.96499"><ele>603.47</ele></rtept><rtept lat="32.718773" lon="-16.96498"><ele>602.99</ele></rtept><rtept lat="32.71881" lon="-16.964949"><ele>602.67</ele></rtept><rtept lat="32.719204" lon="-16.964565"><ele>603.14</ele></rtept><rtept lat="32.719257" lon="-16.964499"><ele>604.58</ele></rtept><rtept lat="32.719296" lon="-16.964426"><ele>606.49</ele></rtept><rtept lat="32.719334" lon="-16.96444"><ele>606.21</ele></rtept><rtept lat="32.71936" lon="-16.96438"><ele>607.93</ele></rtept><rtept lat="32.71939" lon="-16.964418"><ele>607.91</ele></rtept><rtept lat="32.719563" lon="-16.964476"><ele>611.06</ele></rtept><rtept lat="32.719585" lon="-16.964493"><ele>611.61</ele></rtept><rtept lat="32.71964" lon="-16.964579"><ele>612.34</ele></rtept><rtept lat="32.71969" lon="-16.96462"><ele>613.55</ele></rtept><rtept lat="32.71974" lon="-16.964645"><ele>615.53</ele></rtept><rtept lat="32.71974" lon="-16.96463"><ele>615.55</ele></rtept><rtept lat="32.71977" lon="-16.964642"><ele>616.63</ele></rtept><rtept lat="32.719765" lon="-16.964657"><ele>616.74</ele></rtept><rtept lat="32.719887" lon="-16.964773"><ele>622.46</ele></rtept><rtept lat="32.720074" lon="-16.965399"><ele>626.49</ele></rtept><rtept lat="32.72012" lon="-16.96538"><ele>627.31</ele></rtept><rtept lat="32.7202" lon="-16.96533"><ele>629.62</ele></rtept><rtept lat="32.720207" lon="-16.965363"><ele>629.19</ele></rtept><rtept lat="32.720284" lon="-16.96531"><ele>631.61</ele></rtept><rtept lat="32.720318" lon="-16.965305"><ele>632.44</ele></rtept><rtept lat="32.72032" lon="-16.965328"><ele>632.2</ele></rtept><rtept lat="32.72037" lon="-16.96526"><ele>634.21</ele></rtept><rtept lat="32.72043" lon="-16.965199"><ele>636.36</ele></rtept><rtept lat="32.720505" lon="-16.965164"><ele>638.58</ele></rtept><rtept lat="32.720608" lon="-16.965134"><ele>640.99</ele></rtept><rtept lat="32.720654" lon="-16.965137"><ele>641.46</ele></rtept><rtept lat="32.72069" lon="-16.965168"><ele>641.88</ele></rtept><rtept lat="32.721024" lon="-16.96568"><ele>646.82</ele></rtept><rtept lat="32.721107" lon="-16.965763"><ele>649.27</ele></rtept><rtept lat="32.721306" lon="-16.965889"><ele>654.06</ele></rtept><rtept lat="32.72137" lon="-16.965973"><ele>656.12</ele></rtept><rtept lat="32.721462" lon="-16.966002"><ele>657.71</ele></rtept><rtept lat="32.721436" lon="-16.966097"><ele>658.66</ele></rtept><rtept lat="32.72157" lon="-16.966145"><ele>660.84</ele></rtept><rtept lat="32.72158" lon="-16.96609"><ele>661.39</ele></rtept><rtept lat="32.721916" lon="-16.966213"><ele>663.44</ele></rtept><rtept lat="32.72208" lon="-16.966267"><ele>661.26</ele></rtept><rtept lat="32.72218" lon="-16.966265"><ele>660.46</ele></rtept><rtept lat="32.72223" lon="-16.966255"><ele>659.91</ele></rtept><rtept lat="32.72228" lon="-16.966238"><ele>659.49</ele></rtept><rtept lat="32.722427" lon="-16.966146"><ele>658.72</ele></rtept><rtept lat="32.722534" lon="-16.966011"><ele>659.5</ele></rtept><rtept lat="32.72256" lon="-16.965927"><ele>660.53</ele></rtept><rtept lat="32.722546" lon="-16.965853"><ele>661.88</ele></rtept><rtept lat="32.722607" lon="-16.96572"><ele>663.21</ele></rtept><rtept lat="32.72265" lon="-16.965578"><ele>664.07</ele></rtept><rtept lat="32.722683" lon="-16.965496"><ele>664.53</ele></rtept><rtept lat="32.722733" lon="-16.965446"><ele>664.82</ele></rtept><rtept lat="32.722866" lon="-16.965378"><ele>663.87</ele></rtept><rtept lat="32.723354" lon="-16.965218"><ele>659.0</ele></rtept><rtept lat="32.723595" lon="-16.965118"><ele>657.99</ele></rtept><rtept lat="32.72386" lon="-16.964909"><ele>656.19</ele></rtept><rtept lat="32.723873" lon="-16.964882"><ele>656.59</ele></rtept><rtept lat="32.723946" lon="-16.964888"><ele>655.79</ele></rtept><rtept lat="32.724087" lon="-16.964949"><ele>656.03</ele></rtept><rtept lat="32.724255" lon="-16.96501"><ele>657.76</ele></rtept><rtept lat="32.72455" lon="-16.965092"><ele>661.22</ele></rtept><rtept lat="32.724735" lon="-16.96519"><ele>658.5</ele></rtept><rtept lat="32.724945" lon="-16.965197"><ele>653.56</ele></rtept><rtept lat="32.725094" lon="-16.965185"><ele>647.95</ele></rtept><rtept lat="32.725197" lon="-16.96515"><ele>642.97</ele></rtept><rtept lat="32.72522" lon="-16.964998"><ele>647.47</ele></rtept><rtept lat="32.725204" lon="-16.964846"><ele>650.27</ele></rtept><rtept lat="32.725067" lon="-16.964556"><ele>649.72</ele></rtept><rtept lat="32.725075" lon="-16.964514"><ele>649.06</ele></rtept><rtept lat="32.725132" lon="-16.96445"><ele>647.2</ele></rtept><rtept lat="32.7252" lon="-16.964544"><ele>645.64</ele></rtept><rtept lat="32.725246" lon="-16.964552"><ele>645.06</ele></rtept><rtept lat="32.725296" lon="-16.964617"><ele>644.14</ele></rtept><rtept lat="32.725292" lon="-16.964508"><ele>642.64</ele></rtept><rtept lat="32.725346" lon="-16.964607"><ele>640.69</ele></rtept><rtept lat="32.725426" lon="-16.964804"><ele>635.17</ele></rtept><rtept lat="32.725445" lon="-16.964869"><ele>633.18</ele></rtept><rtept lat="32.725456" lon="-16.964872"><ele>632.73</ele></rtept><rtept lat="32.725464" lon="-16.964863"><ele>632.35</ele></rtept><rtept lat="32.725464" lon="-16.964848"><ele>631.92</ele></rtept><rtept lat="32.725426" lon="-16.964643"><ele>629.69</ele></rtept><rtept lat="32.72548" lon="-16.964664"><ele>627.06</ele></rtept><rtept lat="32.725582" lon="-16.96464"><ele>619.32</ele></rtept><rtept lat="32.725662" lon="-16.964796"><ele>611.52</ele></rtept><rtept lat="32.72589" lon="-16.965078"><ele>599.21</ele></rtept><rtept lat="32.726017" lon="-16.96518"><ele>595.07</ele></rtept><rtept lat="32.72615" lon="-16.965239"><ele>590.61</ele></rtept><rtept lat="32.726234" lon="-16.965315"><ele>587.91</ele></rtept><rtept lat="32.726288" lon="-16.96535"><ele>586.74</ele></rtept><rtept lat="32.726475" lon="-16.965424"><ele>584.09</ele></rtept><rtept lat="32.72656" lon="-16.96548"><ele>583.33</ele></rtept><rtept lat="32.726654" lon="-16.965586"><ele>581.32</ele></rtept><rtept lat="32.72665" lon="-16.965597"><ele>581.17</ele></rtept><rtept lat="32.72654" lon="-16.96551"><ele>579.67</ele></rtept><rtept lat="32.726368" lon="-16.965425"><ele>582.25</ele></rtept><rtept lat="32.72626" lon="-16.965427"><ele>584.36</ele></rtept><rtept lat="32.726177" lon="-16.965513"><ele>584.85</ele></rtept><rtept lat="32.726288" lon="-16.965511"><ele>582.8</ele></rtept><rtept lat="32.72634" lon="-16.965519"><ele>581.69</ele></rtept><rtept lat="32.726402" lon="-16.965534"><ele>579.73</ele></rtept><rtept lat="32.726524" lon="-16.965591"><ele>574.34</ele></rtept><rtept lat="32.726833" lon="-16.965883"><ele>555.88</ele></rtept><rtept lat="32.72691" lon="-16.965925"><ele>551.84</ele></rtept><rtept lat="32.726955" lon="-16.965933"><ele>550.19</ele></rtept><rtept lat="32.727024" lon="-16.965921"><ele>548.48</ele></rtept><rtept lat="32.727055" lon="-16.965906"><ele>547.91</ele></rtept><rtept lat="32.727253" lon="-16.965748"><ele>544.9</ele></rtept><rtept lat="32.72734" lon="-16.965693"><ele>543.27</ele></rtept><rtept lat="32.72744" lon="-16.96567"><ele>544.14</ele></rtept><rtept lat="32.727493" lon="-16.965673"><ele>544.53</ele></rtept><rtept lat="32.72759" lon="-16.965712"><ele>545.32</ele></rtept><rtept lat="32.727673" lon="-16.965784"><ele>546.17</ele></rtept><rtept lat="32.72773" lon="-16.965883"><ele>547.15</ele></rtept><rtept lat="32.727753" lon="-16.965979"><ele>549.16</ele></rtept><rtept lat="32.72781" lon="-16.966333"><ele>545.56</ele></rtept><rtept lat="32.727837" lon="-16.966412"><ele>544.29</ele></rtept><rtept lat="32.72788" lon="-16.966497"><ele>543.01</ele></rtept><rtept lat="32.727943" lon="-16.966581"><ele>541.64</ele></rtept><rtept lat="32.728027" lon="-16.966661"><ele>539.87</ele></rtept><rtept lat="32.728397" lon="-16.966925"><ele>533.74</ele></rtept><rtept lat="32.728695" lon="-16.967127"><ele>532.14</ele></rtept><rtept lat="32.728836" lon="-16.967178"><ele>534.21</ele></rtept><rtept lat="32.729237" lon="-16.967276"><ele>543.99</ele></rtept><rtept lat="32.72969" lon="-16.967361"><ele>558.88</ele></rtept><rtept lat="32.729694" lon="-16.967329"><ele>571.9827</ele></rtept><rtept lat="32.729824" lon="-16.96736"><ele>573.6</ele></rtept><rtept lat="32.731678" lon="-16.96823"><ele>588.8</ele></rtept><rtept lat="32.731922" lon="-16.968307"><ele>589.2</ele></rtept><rtept lat="32.732243" lon="-16.968369"><ele>589.8</ele></rtept><rtept lat="32.73254" lon="-16.96837"><ele>590.2</ele></rtept><rtept lat="32.733" lon="-16.968325"><ele>589.6</ele></rtept><rtept lat="32.733555" lon="-16.968218"><ele>590.4</ele></rtept><rtept lat="32.733723" lon="-16.968235"><ele>591.8</ele></rtept><rtept lat="32.734047" lon="-16.968353"><ele>594.0</ele></rtept><rtept lat="32.734726" lon="-16.96869"><ele>599.4</ele></rtept><rtept lat="32.73534" lon="-16.969063"><ele>604.6</ele></rtept><rtept lat="32.7355" lon="-16.969196"><ele>606.0</ele></rtept><rtept lat="32.735588" lon="-16.969221"><ele>606.4</ele></rtept><rtept lat="32.735912" lon="-16.9691"><ele>606.8</ele></rtept><rtept lat="32.736614" lon="-16.968912"><ele>612.4</ele></rtept><rtept lat="32.737" lon="-16.968561"><ele>621.8</ele></rtept><rtept lat="32.737473" lon="-16.968367"><ele>631.8</ele></rtept><rtept lat="32.737762" lon="-16.968132"><ele>636.6</ele></rtept><rtept lat="32.737885" lon="-16.968086"><ele>638.0</ele></rtept><rtept lat="32.73808" lon="-16.96809"><ele>639.4</ele></rtept><rtept lat="32.73839" lon="-16.968157"><ele>642.4</ele></rtept><rtept lat="32.738956" lon="-16.968332"><ele>649.4</ele></rtept><rtept lat="32.740215" lon="-16.968601"><ele>664.4</ele></rtept><rtept lat="32.740307" lon="-16.968548"><ele>666.4</ele></rtept><rtept lat="32.740555" lon="-16.96824"><ele>670.4</ele></rtept><rtept lat="32.74072" lon="-16.9681"><ele>671.4</ele></rtept><rtept lat="32.74107" lon="-16.967854"><ele>673.0</ele></rtept><rtept lat="32.741493" lon="-16.967676"><ele>675.6</ele></rtept><rtept lat="32.741676" lon="-16.967527"><ele>677.2</ele></rtept><rtept lat="32.742207" lon="-16.966846"><ele>683.6</ele></rtept><rtept lat="32.742558" lon="-16.96612"><ele>689.0</ele></rtept><rtept lat="32.74264" lon="-16.96605"><ele>690.4</ele></rtept><rtept lat="32.74283" lon="-16.966015"><ele>689.6</ele></rtept><rtept lat="32.74292" lon="-16.966078"><ele>688.0</ele></rtept><rtept lat="32.743233" lon="-16.966482"><ele>690.6</ele></rtept><rtept lat="32.74322" lon="-16.966772"><ele>697.4</ele></rtept><rtept lat="32.74328" lon="-16.967003"><ele>703.2</ele></rtept><rtept lat="32.7433" lon="-16.967003"><ele>704.0</ele></rtept><rtept lat="32.743443" lon="-16.966772"><ele>711.4</ele></rtept><rtept lat="32.74348" lon="-16.966785"><ele>713.4</ele></rtept><rtept lat="32.743526" lon="-16.966658"><ele>717.6</ele></rtept><rtept lat="32.74355" lon="-16.966663"><ele>719.6</ele></rtept><rtept lat="32.743637" lon="-16.966932"><ele>728.2</ele></rtept><rtept lat="32.74355" lon="-16.96728"><ele>735.8</ele></rtept><rtept lat="32.743557" lon="-16.967333"><ele>737.6</ele></rtept><rtept lat="32.743877" lon="-16.967249"><ele>747.2</ele></rtept><rtept lat="32.743935" lon="-16.967302"><ele>748.8</ele></rtept><rtept lat="32.743877" lon="-16.967566"><ele>751.2</ele></rtept><rtept lat="32.7437" lon="-16.967705"><ele>754.8</ele></rtept><rtept lat="32.743534" lon="-16.967987"><ele>762.2</ele></rtept><rtept lat="32.743378" lon="-16.968113"><ele>766.8</ele></rtept><rtept lat="32.743332" lon="-16.96819"><ele>767.8</ele></rtept><rtept lat="32.743404" lon="-16.96854"><ele>772.6</ele></rtept><rtept lat="32.74337" lon="-16.96889"><ele>777.4</ele></rtept><rtept lat="32.74349" lon="-16.9691"><ele>781.4</ele></rtept><rtept lat="32.743637" lon="-16.9692"><ele>783.8</ele></rtept><rtept lat="32.743782" lon="-16.969204"><ele>786.6</ele></rtept><rtept lat="32.74392" lon="-16.969147"><ele>791.0</ele></rtept><rtept lat="32.74385" lon="-16.969387"><ele>796.8</ele></rtept><rtept lat="32.74369" lon="-16.969667"><ele>803.6</ele></rtept><rtept lat="32.743713" lon="-16.96973"><ele>805.2</ele></rtept><rtept lat="32.743755" lon="-16.969755"><ele>806.4</ele></rtept><rtept lat="32.743908" lon="-16.969776"><ele>810.0</ele></rtept><rtept lat="32.744095" lon="-16.969748"><ele>814.6</ele></rtept><rtept lat="32.74412" lon="-16.9697"><ele>815.8</ele></rtept><rtept lat="32.744083" lon="-16.969616"><ele>818.6</ele></rtept><rtept lat="32.744106" lon="-16.969599"><ele>819.8</ele></rtept><rtept lat="32.74431" lon="-16.969591"><ele>826.0</ele></rtept><rtept lat="32.74467" lon="-16.969654"><ele>837.2</ele></rtept><rtept lat="32.744938" lon="-16.96958"><ele>845.8</ele></rtept><rtept lat="32.74504" lon="-16.969587"><ele>849.2</ele></rtept><rtept lat="32.745064" lon="-16.969576"><ele>850.4</ele></rtept><rtept lat="32.74505" lon="-16.969524"><ele>852.0</ele></rtept><rtept lat="32.744946" lon="-16.969425"><ele>855.2</ele></rtept><rtept lat="32.74478" lon="-16.969364"><ele>858.2</ele></rtept><rtept lat="32.74476" lon="-16.96933"><ele>859.2</ele></rtept><rtept lat="32.744778" lon="-16.969296"><ele>860.4</ele></rtept><rtept lat="32.744877" lon="-16.96932"><ele>863.0</ele></rtept><rtept lat="32.74509" lon="-16.969301"><ele>869.0</ele></rtept><rtept lat="32.745296" lon="-16.969393"><ele>875.8</ele></rtept><rtept lat="32.745438" lon="-16.969332"><ele>881.2</ele></rtept><rtept lat="32.7457" lon="-16.969446"><ele>889.6</ele></rtept><rtept lat="32.7457" lon="-16.96939"><ele>891.0</ele></rtept><rtept lat="32.74561" lon="-16.969288"><ele>894.2</ele></rtept><rtept lat="32.745506" lon="-16.969057"><ele>897.8</ele></rtept><rtept lat="32.745556" lon="-16.96885"><ele>900.4</ele></rtept><rtept lat="32.74564" lon="-16.968765"><ele>902.8</ele></rtept><rtept lat="32.745667" lon="-16.968767"><ele>903.6</ele></rtept><rtept lat="32.745647" lon="-16.968916"><ele>906.8</ele></rtept><rtept lat="32.74571" lon="-16.969088"><ele>910.2</ele></rtept><rtept lat="32.745983" lon="-16.969124"><ele>916.6</ele></rtept><rtept lat="32.745987" lon="-16.96905"><ele>919.2</ele></rtept><rtept lat="32.745937" lon="-16.968977"><ele>921.2</ele></rtept><rtept lat="32.74596" lon="-16.968954"><ele>923.0</ele></rtept><rtept lat="32.74641" lon="-16.9692"><ele>938.0</ele></rtept><rtept lat="32.746437" lon="-16.969131"><ele>940.6</ele></rtept><rtept lat="32.746372" lon="-16.96901"><ele>943.6</ele></rtept><rtept lat="32.74638" lon="-16.968967"><ele>944.8</ele></rtept><rtept lat="32.746437" lon="-16.968952"><ele>947.8</ele></rtept><rtept lat="32.746555" lon="-16.969131"><ele>952.6</ele></rtept><rtept lat="32.74657" lon="-16.969038"><ele>955.8</ele></rtept><rtept lat="32.746593" lon="-16.969027"><ele>956.2</ele></rtept><rtept lat="32.74663" lon="-16.96915"><ele>959.6</ele></rtept><rtept lat="32.746735" lon="-16.969313"><ele>965.8</ele></rtept><rtept lat="32.746777" lon="-16.969463"><ele>969.0</ele></rtept><rtept lat="32.74688" lon="-16.969515"><ele>972.4</ele></rtept><rtept lat="32.747013" lon="-16.969683"><ele>977.4</ele></rtept><rtept lat="32.74711" lon="-16.969742"><ele>980.2</ele></rtept><rtept lat="32.74712" lon="-16.96967"><ele>982.8</ele></rtept><rtept lat="32.747047" lon="-16.969347"><ele>991.0</ele></rtept><rtept lat="32.74714" lon="-16.969357"><ele>995.0</ele></rtept><rtept lat="32.74723" lon="-16.969467"><ele>999.0</ele></rtept><rtept lat="32.747276" lon="-16.969479"><ele>1000.6</ele></rtept><rtept lat="32.747272" lon="-16.96937"><ele>1004.6</ele></rtept><rtept lat="32.747307" lon="-16.96937"><ele>1006.6</ele></rtept><rtept lat="32.747364" lon="-16.969444"><ele>1009.2</ele></rtept><rtept lat="32.747383" lon="-16.96943"><ele>1010.2</ele></rtept><rtept lat="32.747463" lon="-16.969213"><ele>1017.0</ele></rtept><rtept lat="32.747566" lon="-16.969114"><ele>1020.2</ele></rtept><rtept lat="32.74776" lon="-16.969107"><ele>1027.0</ele></rtept><rtept lat="32.74806" lon="-16.968983"><ele>1034.4</ele></rtept><rtept lat="32.74831" lon="-16.968958"><ele>1041.4</ele></rtept><rtept lat="32.74833" lon="-16.968998"><ele>1043.6</ele></rtept><rtept lat="32.748238" lon="-16.96912"><ele>1048.4</ele></rtept><rtept lat="32.748104" lon="-16.969492"><ele>1057.6</ele></rtept><rtept lat="32.748" lon="-16.969599"><ele>1061.8</ele></rtept><rtept lat="32.747993" lon="-16.969646"><ele>1063.0</ele></rtept><rtept lat="32.748062" lon="-16.969694"><ele>1066.0</ele></rtept><rtept lat="32.74839" lon="-16.969547"><ele>1074.6</ele></rtept><rtept lat="32.748253" lon="-16.969847"><ele>1082.0</ele></rtept><rtept lat="32.748234" lon="-16.969988"><ele>1084.4</ele></rtept><rtept lat="32.74829" lon="-16.970015"><ele>1086.0</ele></rtept><rtept lat="32.748623" lon="-16.969831"><ele>1094.2</ele></rtept><rtept lat="32.74864" lon="-16.969893"><ele>1096.6</ele></rtept><rtept lat="32.74858" lon="-16.970182"><ele>1103.4</ele></rtept><rtept lat="32.748604" lon="-16.970243"><ele>1104.8</ele></rtept><rtept lat="32.748955" lon="-16.970041"><ele>1114.0</ele></rtept><rtept lat="32.749115" lon="-16.970003"><ele>1117.2</ele></rtept><rtept lat="32.749287" lon="-16.969908"><ele>1122.0</ele></rtept><rtept lat="32.749687" lon="-16.969893"><ele>1130.4</ele></rtept><rtept lat="32.749844" lon="-16.96994"><ele>1133.6</ele></rtept><rtept lat="32.74996" lon="-16.969898"><ele>1135.6</ele></rtept><rtept lat="32.750027" lon="-16.96991"><ele>1137.0</ele></rtept><rtept lat="32.74988" lon="-16.970268"><ele>1147.4</ele></rtept><rtept lat="32.74977" lon="-16.9707"><ele>1154.8</ele></rtept><rtept lat="32.74979" lon="-16.970957"><ele>1159.4</ele></rtept><rtept lat="32.749832" lon="-16.971004"><ele>1161.2</ele></rtept><rtept lat="32.749893" lon="-16.970873"><ele>1165.2</ele></rtept><rtept lat="32.750393" lon="-16.970324"><ele>1176.8</ele></rtept><rtept lat="32.75064" lon="-16.970165"><ele>1181.2</ele></rtept><rtept lat="32.75091" lon="-16.970047"><ele>1185.4</ele></rtept><rtept lat="32.75102" lon="-16.96992"><ele>1189.0</ele></rtept><rtept lat="32.75118" lon="-16.969824"><ele>1192.8</ele></rtept><rtept lat="32.751244" lon="-16.96973"><ele>1194.4</ele></rtept><rtept lat="32.7513" lon="-16.969486"><ele>1200.0</ele></rtept><rtept lat="32.751354" lon="-16.96944"><ele>1203.8</ele></rtept><rtept lat="32.75144" lon="-16.969769"><ele>1210.2</ele></rtept><rtept lat="32.751724" lon="-16.970247"><ele>1222.0</ele></rtept><rtept lat="32.75176" lon="-16.97044"><ele>1226.0</ele></rtept><rtept lat="32.75174" lon="-16.97064"><ele>1230.2</ele></rtept><rtept lat="32.75183" lon="-16.97183"><ele>1249.6</ele></rtept><rtept lat="32.75206" lon="-16.972403"><ele>1257.6</ele></rtept><rtept lat="32.752117" lon="-16.972422"><ele>1259.2</ele></rtept><rtept lat="32.7525" lon="-16.971727"><ele>1271.2</ele></rtept><rtept lat="32.75253" lon="-16.972052"><ele>1276.8</ele></rtept><rtept lat="32.752625" lon="-16.972424"><ele>1281.8</ele></rtept><rtept lat="32.752743" lon="-16.972652"><ele>1288.0</ele></rtept><rtept lat="32.7528" lon="-16.972672"><ele>1290.0</ele></rtept><rtept lat="32.75315" lon="-16.971876"><ele>1303.8</ele></rtept><rtept lat="32.75315" lon="-16.971636"><ele>1308.0</ele></rtept><rtept lat="32.7532" lon="-16.971645"><ele>1309.8</ele></rtept><rtept lat="32.7533" lon="-16.971888"><ele>1316.2</ele></rtept><rtept lat="32.75334" lon="-16.97255"><ele>1331.2</ele></rtept><rtept lat="32.753403" lon="-16.972715"><ele>1333.6</ele></rtept><rtept lat="32.75358" lon="-16.972967"><ele>1339.2</ele></rtept><rtept lat="32.753616" lon="-16.973078"><ele>1341.8</ele></rtept><rtept lat="32.753574" lon="-16.973288"><ele>1343.8</ele></rtept><rtept lat="32.75369" lon="-16.973475"><ele>1345.6</ele></rtept><rtept lat="32.75359" lon="-16.9737"><ele>1346.2</ele></rtept><rtept lat="32.753613" lon="-16.973751"><ele>1347.6</ele></rtept><rtept lat="32.753754" lon="-16.973827"><ele>1351.4</ele></rtept><rtept lat="32.753872" lon="-16.974043"><ele>1352.6</ele></rtept><rtept lat="32.753895" lon="-16.974155"><ele>1352.2</ele></rtept><rtept lat="32.753857" lon="-16.974318"><ele>1354.4</ele></rtept><rtept lat="32.753887" lon="-16.974424"><ele>1358.4</ele></rtept><rtept lat="32.753933" lon="-16.974428"><ele>1360.0</ele></rtept><rtept lat="32.753944" lon="-16.974354"><ele>1362.8</ele></rtept><rtept lat="32.754124" lon="-16.974617"><ele>1373.0</ele></rtept><rtept lat="32.754333" lon="-16.974777"><ele>1381.0</ele></rtept><rtept lat="32.754322" lon="-16.974638"><ele>1384.6</ele></rtept><rtept lat="32.754253" lon="-16.974546"><ele>1387.2</ele></rtept><rtept lat="32.754204" lon="-16.97433"><ele>1392.2</ele></rtept><rtept lat="32.754253" lon="-16.974346"><ele>1395.0</ele></rtept><rtept lat="32.754272" lon="-16.9743"><ele>1397.0</ele></rtept><rtept lat="32.754208" lon="-16.974033"><ele>1405.6</ele></rtept><rtept lat="32.75436" lon="-16.974094"><ele>1409.4</ele></rtept><rtept lat="32.754337" lon="-16.97397"><ele>1412.8</ele></rtept><rtept lat="32.75466" lon="-16.97425"><ele>1424.6</ele></rtept><rtept lat="32.754753" lon="-16.97427"><ele>1427.6</ele></rtept><rtept lat="32.75484" lon="-16.974342"><ele>1431.4</ele></rtept><rtept lat="32.7551" lon="-16.974815"><ele>1443.2</ele></rtept><rtept lat="32.755165" lon="-16.97525"><ele>1448.2</ele></rtept><rtept lat="32.755066" lon="-16.975662"><ele>1449.8</ele></rtept><rtept lat="32.754967" lon="-16.975847"><ele>1454.8</ele></rtept><rtept lat="32.754974" lon="-16.975986"><ele>1458.0</ele></rtept><rtept lat="32.755043" lon="-16.975807"><ele>1460.2</ele></rtept><rtept lat="32.75519" lon="-16.975634"><ele>1463.4</ele></rtept><rtept lat="32.755245" lon="-16.975447"><ele>1466.2</ele></rtept><rtept lat="32.75544" lon="-16.975386"><ele>1469.2</ele></rtept><rtept lat="32.75558" lon="-16.975237"><ele>1473.2</ele></rtept><rtept lat="32.755577" lon="-16.975052"><ele>1473.6</ele></rtept><rtept lat="32.755524" lon="-16.974865"><ele>1475.4</ele></rtept><rtept lat="32.755516" lon="-16.974533"><ele>1485.0</ele></rtept><rtept lat="32.755585" lon="-16.97442"><ele>1488.4</ele></rtept><rtept lat="32.755627" lon="-16.974504"><ele>1490.6</ele></rtept><rtept lat="32.75567" lon="-16.97446"><ele>1491.6</ele></rtept><rtept lat="32.75569" lon="-16.974308"><ele>1495.2</ele></rtept><rtept lat="32.755802" lon="-16.974157"><ele>1498.2</ele></rtept><rtept lat="32.755943" lon="-16.973715"><ele>1498.8</ele></rtept><rtept lat="32.756187" lon="-16.973589"><ele>1505.0</ele></rtept><rtept lat="32.75639" lon="-16.973614"><ele>1507.8</ele></rtept><rtept lat="32.7565" lon="-16.973576"><ele>1509.6</ele></rtept><rtept lat="32.75658" lon="-16.973482"><ele>1512.4</ele></rtept><rtept lat="32.75665" lon="-16.97346"><ele>1512.6</ele></rtept><rtept lat="32.75676" lon="-16.973274"><ele>1506.0</ele></rtept><rtept lat="32.756878" lon="-16.973234"><ele>1503.8</ele></rtept><rtept lat="32.756966" lon="-16.973108"><ele>1503.6</ele></rtept><rtept lat="32.757053" lon="-16.973047"><ele>1503.4</ele></rtept><rtept lat="32.757233" lon="-16.973022"><ele>1502.4</ele></rtept><rtept lat="32.7577" lon="-16.973038"><ele>1508.0</ele></rtept><rtept lat="32.75773" lon="-16.973003"><ele>1508.0</ele></rtept><rtept lat="32.75773" lon="-16.972828"><ele>1505.0</ele></rtept><rtept lat="32.75782" lon="-16.972712"><ele>1501.8</ele></rtept><rtept lat="32.757854" lon="-16.972515"><ele>1498.2</ele></rtept><rtept lat="32.757977" lon="-16.972404"><ele>1488.0</ele></rtept><rtept lat="32.75799" lon="-16.97228"><ele>1485.0</ele></rtept><rtept lat="32.7581" lon="-16.972183"><ele>1486.8</ele></rtept><rtept lat="32.758205" lon="-16.972189"><ele>1489.4</ele></rtept><rtept lat="32.75825" lon="-16.972134"><ele>1493.0</ele></rtept><rtept lat="32.758152" lon="-16.972002"><ele>1498.6</ele></rtept><rtept lat="32.758205" lon="-16.971956"><ele>1500.6</ele></rtept><rtept lat="32.75828" lon="-16.971968"><ele>1502.6</ele></rtept><rtept lat="32.758396" lon="-16.972057"><ele>1505.2</ele></rtept><rtept lat="32.75845" lon="-16.97206"><ele>1505.4</ele></rtept><rtept lat="32.758568" lon="-16.971912"><ele>1506.2</ele></rtept><rtept lat="32.758724" lon="-16.97186"><ele>1509.0</ele></rtept><rtept lat="32.758736" lon="-16.971733"><ele>1510.8</ele></rtept><rtept lat="32.758587" lon="-16.971474"><ele>1510.2</ele></rtept><rtept lat="32.758568" lon="-16.97116"><ele>1511.4</ele></rtept><rtept lat="32.758663" lon="-16.970942"><ele>1519.0</ele></rtept><rtept lat="32.758755" lon="-16.970882"><ele>1522.0</ele></rtept><rtept lat="32.758736" lon="-16.97083"><ele>1526.4</ele></rtept><rtept lat="32.758842" lon="-16.9707"><ele>1539.0</ele></rtept><rtept lat="32.758984" lon="-16.970182"><ele>1547.2</ele></rtept><rtept lat="32.758873" lon="-16.970142"><ele>1550.6</ele></rtept><rtept lat="32.758797" lon="-16.969975"><ele>1552.6</ele></rtept><rtept lat="32.758804" lon="-16.969568"><ele>1553.6</ele></rtept><rtept lat="32.758686" lon="-16.969181"><ele>1553.4</ele></rtept><rtept lat="32.758923" lon="-16.969015"><ele>1557.6</ele></rtept><rtept lat="32.759003" lon="-16.96892"><ele>1560.4</ele></rtept><rtept lat="32.759068" lon="-16.968634"><ele>1565.8</ele></rtept><rtept lat="32.75923" lon="-16.968462"><ele>1569.8</ele></rtept><rtept lat="32.75938" lon="-16.968182"><ele>1577.4</ele></rtept><rtept lat="32.759426" lon="-16.967978"><ele>1582.0</ele></rtept><rtept lat="32.759403" lon="-16.967848"><ele>1585.4</ele></rtept><rtept lat="32.75943" lon="-16.967548"><ele>1589.6</ele></rtept><rtept lat="32.75961" lon="-16.9671"><ele>1593.6</ele></rtept><rtept lat="32.75969" lon="-16.966528"><ele>1602.8</ele></rtept><rtept lat="32.759693" lon="-16.966452"><ele>1603.4</ele></rtept><rtept lat="32.759632" lon="-16.966263"><ele>1603.6</ele></rtept><rtept lat="32.759457" lon="-16.965979"><ele>1608.0</ele></rtept><rtept lat="32.759518" lon="-16.965925"><ele>1611.6</ele></rtept><rtept lat="32.759457" lon="-16.965878"><ele>1615.2</ele></rtept><rtept lat="32.759506" lon="-16.965866"><ele>1617.4</ele></rtept><rtept lat="32.759403" lon="-16.965752"><ele>1622.2</ele></rtept><rtept lat="32.759384" lon="-16.965578"><ele>1625.4</ele></rtept><rtept lat="32.75955" lon="-16.965403"><ele>1625.8</ele></rtept><rtept lat="32.75959" lon="-16.965235"><ele>1624.4</ele></rtept><rtept lat="32.759777" lon="-16.965096"><ele>1625.8</ele></rtept><rtept lat="32.759724" lon="-16.964851"><ele>1623.2</ele></rtept><rtept lat="32.75975" lon="-16.964687"><ele>1620.4</ele></rtept><rtept lat="32.75977" lon="-16.964672"><ele>1619.4</ele></rtept><rtept lat="32.759865" lon="-16.964872"><ele>1616.0</ele></rtept><rtept lat="32.76009" lon="-16.964397"><ele>1604.6</ele></rtept><rtept lat="32.760284" lon="-16.963795"><ele>1595.0</ele></rtept><rtept lat="32.76034" lon="-16.963713"><ele>1593.6</ele></rtept><rtept lat="32.76045" lon="-16.96364"><ele>1592.2</ele></rtept><rtept lat="32.76066" lon="-16.963194"><ele>1596.4</ele></rtept><rtept lat="32.760765" lon="-16.963223"><ele>1601.2</ele></rtept><rtept lat="32.760757" lon="-16.96314"><ele>1601.8</ele></rtept><rtept lat="32.760822" lon="-16.963036"><ele>1604.0</ele></rtept><rtept lat="32.76074" lon="-16.962988"><ele>1608.2</ele></rtept><rtept lat="32.76072" lon="-16.962946"><ele>1609.6</ele></rtept><rtept lat="32.76076" lon="-16.962673"><ele>1608.2</ele></rtept><rtept lat="32.760826" lon="-16.962564"><ele>1607.0</ele></rtept><rtept lat="32.761074" lon="-16.96234"><ele>1603.6</ele></rtept><rtept lat="32.76114" lon="-16.96216"><ele>1602.6</ele></rtept><rtept lat="32.76127" lon="-16.962011"><ele>1602.6</ele></rtept><rtept lat="32.761288" lon="-16.961933"><ele>1603.6</ele></rtept><rtept lat="32.76137" lon="-16.961807"><ele>1608.2</ele></rtept><rtept lat="32.76145" lon="-16.961555"><ele>1611.8</ele></rtept><rtept lat="32.761463" lon="-16.96138"><ele>1613.2</ele></rtept><rtept lat="32.761414" lon="-16.961218"><ele>1612.0</ele></rtept><rtept lat="32.76139" lon="-16.960625"><ele>1601.0</ele></rtept><rtept lat="32.76125" lon="-16.960176"><ele>1595.2</ele></rtept><rtept lat="32.761208" lon="-16.959877"><ele>1593.2</ele></rtept><rtept lat="32.76114" lon="-16.959717"><ele>1592.6</ele></rtept><rtept lat="32.76103" lon="-16.959562"><ele>1593.6</ele></rtept><rtept lat="32.7607" lon="-16.958927"><ele>1593.0</ele></rtept><rtept lat="32.760372" lon="-16.958763"><ele>1591.8</ele></rtept><rtept lat="32.76029" lon="-16.958626"><ele>1591.8</ele></rtept><rtept lat="32.76018" lon="-16.958557"><ele>1591.4</ele></rtept><rtept lat="32.76" lon="-16.958517"><ele>1593.6</ele></rtept><rtept lat="32.759853" lon="-16.95856"><ele>1597.0</ele></rtept><rtept lat="32.759598" lon="-16.958563"><ele>1600.0</ele></rtept><rtept lat="32.75953" lon="-16.958523"><ele>1600.6</ele></rtept><rtept lat="32.759502" lon="-16.958473"><ele>1600.6</ele></rtept><rtept lat="32.759518" lon="-16.958344"><ele>1598.4</ele></rtept><rtept lat="32.75948" lon="-16.958033"><ele>1595.8</ele></rtept><rtept lat="32.759384" lon="-16.957848"><ele>1597.8</ele></rtept><rtept lat="32.75956" lon="-16.957575"><ele>1598.6</ele></rtept><rtept lat="32.759617" lon="-16.95737"><ele>1597.8</ele></rtept><rtept lat="32.75947" lon="-16.957188"><ele>1598.0</ele></rtept><rtept lat="32.759365" lon="-16.956781"><ele>1595.0</ele></rtept><rtept lat="32.7593" lon="-16.956762"><ele>1594.2</ele></rtept><rtept lat="32.759106" lon="-16.956585"><ele>1592.4</ele></rtept><rtept lat="32.75905" lon="-16.956432"><ele>1588.4</ele></rtept><rtept lat="32.758873" lon="-16.95613"><ele>1578.6</ele></rtept><rtept lat="32.75867" lon="-16.955914"><ele>1572.2</ele></rtept><rtept lat="32.758575" lon="-16.955868"><ele>1569.4</ele></rtept><rtept lat="32.758465" lon="-16.955717"><ele>1569.2</ele></rtept><rtept lat="32.758667" lon="-16.955435"><ele>1573.4</ele></rtept><rtept lat="32.758728" lon="-16.955296"><ele>1573.4</ele></rtept><rtept lat="32.758724" lon="-16.955183"><ele>1573.0</ele></rtept><rtept lat="32.75868" lon="-16.955055"><ele>1572.4</ele></rtept><rtept lat="32.758694" lon="-16.954857"><ele>1570.4</ele></rtept><rtept lat="32.759018" lon="-16.954521"><ele>1563.0</ele></rtept><rtept lat="32.759216" lon="-16.954365"><ele>1561.6</ele></rtept><rtept lat="32.759365" lon="-16.954098"><ele>1556.8</ele></rtept><rtept lat="32.75942" lon="-16.953901"><ele>1552.6</ele></rtept><rtept lat="32.759605" lon="-16.953562"><ele>1543.6</ele></rtept><rtept lat="32.75962" lon="-16.953444"><ele>1541.2</ele></rtept><rtept lat="32.75978" lon="-16.953259"><ele>1540.6</ele></rtept><rtept lat="32.75978" lon="-16.953053"><ele>1541.4</ele></rtept><rtept lat="32.759857" lon="-16.952982"><ele>1542.4</ele></rtept><rtept lat="32.75993" lon="-16.952818"><ele>1544.8</ele></rtept><rtept lat="32.759907" lon="-16.952682"><ele>1546.6</ele></rtept><rtept lat="32.759956" lon="-16.952482"><ele>1548.6</ele></rtept><rtept lat="32.75989" lon="-16.952353"><ele>1548.8</ele></rtept><rtept lat="32.75987" lon="-16.95222"><ele>1549.0</ele></rtept><rtept lat="32.759727" lon="-16.952152"><ele>1549.4</ele></rtept><rtept lat="32.75933" lon="-16.951847"><ele>1549.2</ele></rtept><rtept lat="32.759335" lon="-16.951784"><ele>1549.4</ele></rtept><rtept lat="32.759544" lon="-16.951427"><ele>1548.2</ele></rtept><rtept lat="32.75959" lon="-16.951204"><ele>1553.6</ele></rtept><rtept lat="32.759663" lon="-16.951057"><ele>1557.6</ele></rtept><rtept lat="32.75964" lon="-16.950838"><ele>1559.4</ele></rtept><rtept lat="32.75957" lon="-16.95058"><ele>1559.4</ele></rtept><rtept lat="32.759594" lon="-16.950422"><ele>1560.4</ele></rtept><rtept lat="32.75957" lon="-16.950373"><ele>1560.8</ele></rtept><rtept lat="32.759373" lon="-16.950266"><ele>1562.6</ele></rtept><rtept lat="32.75918" lon="-16.950048"><ele>1566.2</ele></rtept><rtept lat="32.758995" lon="-16.949905"><ele>1572.8</ele></rtept><rtept lat="32.758945" lon="-16.949842"><ele>1574.4</ele></rtept><rtept lat="32.758926" lon="-16.949747"><ele>1576.0</ele></rtept><rtept lat="32.75899" lon="-16.949553"><ele>1578.0</ele></rtept><rtept lat="32.75902" lon="-16.949757"><ele>1582.0</ele></rtept><rtept lat="32.759247" lon="-16.949774"><ele>1588.6</ele></rtept><rtept lat="32.759212" lon="-16.949602"><ele>1594.2</ele></rtept><rtept lat="32.759228" lon="-16.949364"><ele>1599.4</ele></rtept><rtept lat="32.75929" lon="-16.949198"><ele>1603.2</ele></rtept><rtept lat="32.759323" lon="-16.948975"><ele>1608.0</ele></rtept><rtept lat="32.75937" lon="-16.948912"><ele>1610.2</ele></rtept><rtept lat="32.75942" lon="-16.948732"><ele>1613.4</ele></rtept><rtept lat="32.759533" lon="-16.948568"><ele>1619.2</ele></rtept><rtept lat="32.75948" lon="-16.948414"><ele>1622.0</ele></rtept><rtept lat="32.75959" lon="-16.948193"><ele>1627.6</ele></rtept><rtept lat="32.75956" lon="-16.94782"><ele>1635.4</ele></rtept><rtept lat="32.75962" lon="-16.947828"><ele>1637.8</ele></rtept><rtept lat="32.759796" lon="-16.947983"><ele>1645.6</ele></rtept><rtept lat="32.75974" lon="-16.947577"><ele>1653.4</ele></rtept><rtept lat="32.75979" lon="-16.947374"><ele>1657.2</ele></rtept><rtept lat="32.759834" lon="-16.947289"><ele>1659.6</ele></rtept><rtept lat="32.759937" lon="-16.947552"><ele>1667.0</ele></rtept><rtept lat="32.75997" lon="-16.947563"><ele>1669.0</ele></rtept><rtept lat="32.760117" lon="-16.946993"><ele>1682.0</ele></rtept><rtept lat="32.760147" lon="-16.94698"><ele>1683.8</ele></rtept><rtept lat="32.76019" lon="-16.947142"><ele>1689.4</ele></rtept><rtept lat="32.76031" lon="-16.946795"><ele>1698.0</ele></rtept><rtept lat="32.76026" lon="-16.946568"><ele>1701.2</ele></rtept><rtept lat="32.7601" lon="-16.946281"><ele>1705.0</ele></rtept><rtept lat="32.760242" lon="-16.94632"><ele>1710.0</ele></rtept><rtept lat="32.760277" lon="-16.946299"><ele>1711.0</ele></rtept><rtept lat="32.76005" lon="-16.946018"><ele>1717.6</ele></rtept><rtept lat="32.760212" lon="-16.946012"><ele>1723.2</ele></rtept><rtept lat="32.760223" lon="-16.94597"><ele>1724.6</ele></rtept><rtept lat="32.759987" lon="-16.945719"><ele>1731.8</ele></rtept><rtept lat="32.759876" lon="-16.945532"><ele>1734.6</ele></rtept><rtept lat="32.759693" lon="-16.945358"><ele>1738.4</ele></rtept><rtept lat="32.75963" lon="-16.945227"><ele>1740.8</ele></rtept><rtept lat="32.759632" lon="-16.945198"><ele>1741.6</ele></rtept><rtept lat="32.759743" lon="-16.945274"><ele>1745.4</ele></rtept><rtept lat="32.75984" lon="-16.9453"><ele>1747.6</ele></rtept><rtept lat="32.759846" lon="-16.945276"><ele>1747.6</ele></rtept><rtept lat="32.75979" lon="-16.945082"><ele>1754.8</ele></rtept><rtept lat="32.759785" lon="-16.94494"><ele>1759.8</ele></rtept><rtept lat="32.759705" lon="-16.944574"><ele>1763.6</ele></rtept><rtept lat="32.75971" lon="-16.944551"><ele>1764.2</ele></rtept><rtept lat="32.75975" lon="-16.944576"><ele>1766.0</ele></rtept><rtept lat="32.75992" lon="-16.944777"><ele>1773.8</ele></rtept><rtept lat="32.75997" lon="-16.944565"><ele>1777.6</ele></rtept><rtept lat="32.75995" lon="-16.944296"><ele>1781.0</ele></rtept><rtept lat="32.760044" lon="-16.943888"><ele>1788.2</ele></rtept><rtept lat="32.760307" lon="-16.943535"><ele>1795.8</ele></rtept><rtept lat="32.76016" lon="-16.94331"><ele>1795.6</ele></rtept><rtept lat="32.760117" lon="-16.943018"><ele>1793.0</ele></rtept><rtept lat="32.760204" lon="-16.942472"><ele>1785.0</ele></rtept><rtept lat="32.760067" lon="-16.942068"><ele>1777.2</ele></rtept><rtept lat="32.760178" lon="-16.941639"><ele>1772.2</ele></rtept><rtept lat="32.76035" lon="-16.941532"><ele>1767.6</ele></rtept><rtept lat="32.760265" lon="-16.941483"><ele>1767.2</ele></rtept><rtept lat="32.76019" lon="-16.941326"><ele>1765.0</ele></rtept><rtept lat="32.760296" lon="-16.941236"><ele>1761.0</ele></rtept><rtept lat="32.76017" lon="-16.941029"><ele>1754.4</ele></rtept><rtept lat="32.759895" lon="-16.940777"><ele>1747.8</ele></rtept><rtept lat="32.759853" lon="-16.940777"><ele>1746.8</ele></rtept><rtept lat="32.759777" lon="-16.940874"><ele>1745.4</ele></rtept><rtept lat="32.759678" lon="-16.940928"><ele>1743.8</ele></rtept><rtept lat="32.75945" lon="-16.940933"><ele>1739.6</ele></rtept><rtept lat="32.759064" lon="-16.940535"><ele>1726.2</ele></rtept><rtept lat="32.759136" lon="-16.940508"><ele>1724.6</ele></rtept><rtept lat="32.759407" lon="-16.940517"><ele>1719.2</ele></rtept><rtept lat="32.75947" lon="-16.940477"><ele>1717.0</ele></rtept><rtept lat="32.75968" lon="-16.94008"><ele>1707.0</ele></rtept><rtept lat="32.75977" lon="-16.939844"><ele>1702.0</ele></rtept><rtept lat="32.759956" lon="-16.939596"><ele>1695.6</ele></rtept><rtept lat="32.759907" lon="-16.93937"><ele>1690.8</ele></rtept><rtept lat="32.75992" lon="-16.939255"><ele>1688.4</ele></rtept><rtept lat="32.759876" lon="-16.939247"><ele>1686.4</ele></rtept><rtept lat="32.759846" lon="-16.939299"><ele>1685.2</ele></rtept><rtept lat="32.759785" lon="-16.939465"><ele>1682.6</ele></rtept><rtept lat="32.75965" lon="-16.939545"><ele>1680.0</ele></rtept><rtept lat="32.759563" lon="-16.939663"><ele>1677.8</ele></rtept><rtept lat="32.75934" lon="-16.939795"><ele>1671.0</ele></rtept><rtept lat="32.75915" lon="-16.93968"><ele>1667.6</ele></rtept><rtept lat="32.759083" lon="-16.939688"><ele>1664.6</ele></rtept><rtept lat="32.759018" lon="-16.939463"><ele>1660.8</ele></rtept><rtept lat="32.759007" lon="-16.939232"><ele>1656.4</ele></rtept><rtept lat="32.758877" lon="-16.939142"><ele>1653.8</ele></rtept><rtept lat="32.758785" lon="-16.93896"><ele>1651.4</ele></rtept><rtept lat="32.758663" lon="-16.938877"><ele>1648.8</ele></rtept><rtept lat="32.758575" lon="-16.938719"><ele>1645.8</ele></rtept><rtept lat="32.75833" lon="-16.938791"><ele>1641.8</ele></rtept><rtept lat="32.75822" lon="-16.938734"><ele>1639.4</ele></rtept><rtept lat="32.758125" lon="-16.938602"><ele>1636.4</ele></rtept><rtept lat="32.75793" lon="-16.938637"><ele>1633.0</ele></rtept><rtept lat="32.757442" lon="-16.939081"><ele>1632.4</ele></rtept><rtept lat="32.75736" lon="-16.939114"><ele>1632.0</ele></rtept><rtept lat="32.757313" lon="-16.939096"><ele>1631.0</ele></rtept><rtept lat="32.75739" lon="-16.939062"><ele>1629.2</ele></rtept><rtept lat="32.757477" lon="-16.938925"><ele>1626.4</ele></rtept><rtept lat="32.757607" lon="-16.938803"><ele>1622.0</ele></rtept><rtept lat="32.757427" lon="-16.938803"><ele>1617.0</ele></rtept><rtept lat="32.75731" lon="-16.938858"><ele>1613.8</ele></rtept><rtept lat="32.757183" lon="-16.938793"><ele>1610.6</ele></rtept><rtept lat="32.756897" lon="-16.938322"><ele>1602.0</ele></rtept><rtept lat="32.75682" lon="-16.938087"><ele>1598.8</ele></rtept><rtept lat="32.7566" lon="-16.938269"><ele>1597.0</ele></rtept><rtept lat="32.756336" lon="-16.938547"><ele>1595.8</ele></rtept><rtept lat="32.755936" lon="-16.938726"><ele>1593.8</ele></rtept><rtept lat="32.755787" lon="-16.938747"><ele>1593.0</ele></rtept><rtept lat="32.755596" lon="-16.938684"><ele>1592.2</ele></rtept><rtept lat="32.75535" lon="-16.93868"><ele>1589.8</ele></rtept><rtept lat="32.75522" lon="-16.938614"><ele>1588.8</ele></rtept><rtept lat="32.755157" lon="-16.938545"><ele>1588.2</ele></rtept><rtept lat="32.75518" lon="-16.938335"><ele>1587.2</ele></rtept><rtept lat="32.755135" lon="-16.938265"><ele>1586.6</ele></rtept><rtept lat="32.754955" lon="-16.93815"><ele>1585.0</ele></rtept><rtept lat="32.75473" lon="-16.938152"><ele>1584.2</ele></rtept><rtept lat="32.75454" lon="-16.938004"><ele>1583.8</ele></rtept><rtept lat="32.754276" lon="-16.938192"><ele>1585.0</ele></rtept><rtept lat="32.754158" lon="-16.938337"><ele>1586.6</ele></rtept><rtept lat="32.754025" lon="-16.938402"><ele>1587.6</ele></rtept><rtept lat="32.75323" lon="-16.938353"><ele>1575.2</ele></rtept><rtept lat="32.75305" lon="-16.938194"><ele>1571.0</ele></rtept><rtept lat="32.752876" lon="-16.938156"><ele>1567.2</ele></rtept><rtept lat="32.75271" lon="-16.938192"><ele>1563.4</ele></rtept><rtept lat="32.75236" lon="-16.938482"><ele>1560.2</ele></rtept><rtept lat="32.752083" lon="-16.938519"><ele>1560.4</ele></rtept><rtept lat="32.75186" lon="-16.938457"><ele>1562.2</ele></rtept><rtept lat="32.75181" lon="-16.938473"><ele>1563.2</ele></rtept><rtept lat="32.751713" lon="-16.938622"><ele>1565.8</ele></rtept><rtept lat="32.75162" lon="-16.938631"><ele>1568.4</ele></rtept><rtept lat="32.75154" lon="-16.938728"><ele>1571.0</ele></rtept><rtept lat="32.751568" lon="-16.938887"><ele>1574.4</ele></rtept><rtept lat="32.751526" lon="-16.938911"><ele>1575.6</ele></rtept><rtept lat="32.751442" lon="-16.938862"><ele>1577.0</ele></rtept><rtept lat="32.751415" lon="-16.938618"><ele>1579.8</ele></rtept><rtept lat="32.75122" lon="-16.938402"><ele>1582.6</ele></rtept><rtept lat="32.75104" lon="-16.93835"><ele>1585.4</ele></rtept><rtept lat="32.750942" lon="-16.938484"><ele>1587.6</ele></rtept><rtept lat="32.750813" lon="-16.938545"><ele>1589.6</ele></rtept><rtept lat="32.750706" lon="-16.938416"><ele>1591.2</ele></rtept><rtept lat="32.75069" lon="-16.938288"><ele>1592.2</ele></rtept><rtept lat="32.750645" lon="-16.938267"><ele>1592.6</ele></rtept><rtept lat="32.750607" lon="-16.938349"><ele>1593.8</ele></rtept><rtept lat="32.7503" lon="-16.938501"><ele>1594.8</ele></rtept><rtept lat="32.75017" lon="-16.938513"><ele>1594.4</ele></rtept><rtept lat="32.75009" lon="-16.938646"><ele>1594.4</ele></rtept><rtept lat="32.750057" lon="-16.938835"><ele>1595.4</ele></rtept><rtept lat="32.75014" lon="-16.938997"><ele>1598.0</ele></rtept><rtept lat="32.74976" lon="-16.939257"><ele>1595.4</ele></rtept><rtept lat="32.749626" lon="-16.939402"><ele>1593.0</ele></rtept><rtept lat="32.74801" lon="-16.938232"><ele>1586.4</ele></rtept><rtept lat="32.747944" lon="-16.938246"><ele>1586.4</ele></rtept><rtept lat="32.747997" lon="-16.938246"><ele>1586.2</ele></rtept><rtept lat="32.74804" lon="-16.938204"><ele>1585.8</ele></rtept><rtept lat="32.747948" lon="-16.938072"><ele>1585.4</ele></rtept><rtept lat="32.747833" lon="-16.938034"><ele>1585.0</ele></rtept><rtept lat="32.747677" lon="-16.938118"><ele>1584.0</ele></rtept><rtept lat="32.747578" lon="-16.9381"><ele>1584.0</ele></rtept><rtept lat="32.747368" lon="-16.93784"><ele>1582.4</ele></rtept><rtept lat="32.747288" lon="-16.937668"><ele>1581.2</ele></rtept><rtept lat="32.74711" lon="-16.93774"><ele>1580.4</ele></rtept><rtept lat="32.746914" lon="-16.93752"><ele>1579.2</ele></rtept><rtept lat="32.746845" lon="-16.937515"><ele>1579.8</ele></rtept><rtept lat="32.74673" lon="-16.937569"><ele>1579.4</ele></rtept><rtept lat="32.746532" lon="-16.937513"><ele>1576.8</ele></rtept><rtept lat="32.746376" lon="-16.937529"><ele>1575.2</ele></rtept><rtept lat="32.74619" lon="-16.937626"><ele>1573.6</ele></rtept><rtept lat="32.745106" lon="-16.937614"><ele>1570.2</ele></rtept><rtept lat="32.74504" lon="-16.937803"><ele>1568.8</ele></rtept><rtept lat="32.744938" lon="-16.937803"><ele>1568.0</ele></rtept><rtept lat="32.744667" lon="-16.937912"><ele>1566.4</ele></rtept><rtept lat="32.74447" lon="-16.938051"><ele>1566.2</ele></rtept><rtept lat="32.744225" lon="-16.93834"><ele>1567.6</ele></rtept><rtept lat="32.74396" lon="-16.938328"><ele>1568.2</ele></rtept><rtept lat="32.743736" lon="-16.938528"><ele>1567.8</ele></rtept><rtept lat="32.74363" lon="-16.93848"><ele>1566.8</ele></rtept><rtept lat="32.743507" lon="-16.938305"><ele>1564.8</ele></rtept><rtept lat="32.743347" lon="-16.938253"><ele>1563.0</ele></rtept><rtept lat="32.74322" lon="-16.938292"><ele>1561.6</ele></rtept><rtept lat="32.743145" lon="-16.938438"><ele>1561.0</ele></rtept><rtept lat="32.743107" lon="-16.938223"><ele>1576.0</ele></rtept><rtept lat="32.743065" lon="-16.93821"><ele>1577.4</ele></rtept><rtept lat="32.742977" lon="-16.93826"><ele>1579.8</ele></rtept><rtept lat="32.74298" lon="-16.938368"><ele>1583.8</ele></rtept><rtept lat="32.7429" lon="-16.938475"><ele>1588.6</ele></rtept><rtept lat="32.742958" lon="-16.938522"><ele>1591.2</ele></rtept><rtept lat="32.742912" lon="-16.938463"><ele>1595.6</ele></rtept><rtept lat="32.742916" lon="-16.938372"><ele>1598.0</ele></rtept><rtept lat="32.742893" lon="-16.938368"><ele>1598.4</ele></rtept><rtept lat="32.742165" lon="-16.938812"><ele>1601.0</ele></rtept><rtept lat="32.742046" lon="-16.938854"><ele>1601.4</ele></rtept><rtept lat="32.74192" lon="-16.938807"><ele>1601.2</ele></rtept><rtept lat="32.741627" lon="-16.938906"><ele>1597.6</ele></rtept><rtept lat="32.741455" lon="-16.938787"><ele>1600.4</ele></rtept><rtept lat="32.74128" lon="-16.93873"><ele>1602.6</ele></rtept><rtept lat="32.741104" lon="-16.938852"><ele>1610.8</ele></rtept><rtept lat="32.741062" lon="-16.93908"><ele>1621.2</ele></rtept><rtept lat="32.74093" lon="-16.939095"><ele>1628.2</ele></rtept><rtept lat="32.740837" lon="-16.939037"><ele>1633.6</ele></rtept><rtept lat="32.74074" lon="-16.939129"><ele>1638.8</ele></rtept><rtept lat="32.74067" lon="-16.939423"><ele>1650.2</ele></rtept><rtept lat="32.74071" lon="-16.939594"><ele>1655.0</ele></rtept><rtept lat="32.74063" lon="-16.939686"><ele>1657.2</ele></rtept><rtept lat="32.740604" lon="-16.939789"><ele>1659.8</ele></rtept><rtept lat="32.740513" lon="-16.939537"><ele>1666.8</ele></rtept><rtept lat="32.7405" lon="-16.939415"><ele>1669.6</ele></rtept><rtept lat="32.74046" lon="-16.93939"><ele>1673.6</ele></rtept><rtept lat="32.740498" lon="-16.939102"><ele>1681.2</ele></rtept><rtept lat="32.7404" lon="-16.939108"><ele>1685.0</ele></rtept><rtept lat="32.74039" lon="-16.939085"><ele>1685.8</ele></rtept><rtept lat="32.740383" lon="-16.938978"><ele>1690.4</ele></rtept><rtept lat="32.740425" lon="-16.938864"><ele>1696.8</ele></rtept><rtept lat="32.74039" lon="-16.938787"><ele>1700.0</ele></rtept><rtept lat="32.74013" lon="-16.938602"><ele>1714.4</ele></rtept><rtept lat="32.74011" lon="-16.938665"><ele>1716.8</ele></rtept><rtept lat="32.740013" lon="-16.938543"><ele>1722.8</ele></rtept><rtept lat="32.73989" lon="-16.938555"><ele>1726.0</ele></rtept><rtept lat="32.739815" lon="-16.93846"><ele>1726.2</ele></rtept><rtept lat="32.73977" lon="-16.938274"><ele>1729.2</ele></rtept><rtept lat="32.739693" lon="-16.938295"><ele>1731.6</ele></rtept><rtept lat="32.7395" lon="-16.938196"><ele>1732.0</ele></rtept><rtept lat="32.739292" lon="-16.937866"><ele>1726.4</ele></rtept><rtept lat="32.73927" lon="-16.937384"><ele>1726.2</ele></rtept><rtept lat="32.73921" lon="-16.93722"><ele>1725.2</ele></rtept><rtept lat="32.739136" lon="-16.936785"><ele>1724.0</ele></rtept><rtept lat="32.739105" lon="-16.936357"><ele>1726.4</ele></rtept><rtept lat="32.73897" lon="-16.935871"><ele>1743.8</ele></rtept><rtept lat="32.738983" lon="-16.935743"><ele>1748.2</ele></rtept><rtept lat="32.73891" lon="-16.93565"><ele>1754.2</ele></rtept><rtept lat="32.738842" lon="-16.935291"><ele>1759.0</ele></rtept><rtept lat="32.738758" lon="-16.935022"><ele>1760.8</ele></rtept><rtept lat="32.73865" lon="-16.934835"><ele>1759.2</ele></rtept><rtept lat="32.73851" lon="-16.934689"><ele>1760.6</ele></rtept><rtept lat="32.738514" lon="-16.934563"><ele>1761.4</ele></rtept><rtept lat="32.738472" lon="-16.934387"><ele>1760.4</ele></rtept><rtept lat="32.738483" lon="-16.934164"><ele>1758.8</ele></rtept><rtept lat="32.738388" lon="-16.933867"><ele>1755.0</ele></rtept><rtept lat="32.73844" lon="-16.933783"><ele>1759.2</ele></rtept><rtept lat="32.7386" lon="-16.933859"><ele>1760.8</ele></rtept><rtept lat="32.738693" lon="-16.933943"><ele>1760.6</ele></rtept><rtept lat="32.73876" lon="-16.933952"><ele>1759.2</ele></rtept><rtept lat="32.738907" lon="-16.933887"><ele>1754.2</ele></rtept><rtept lat="32.738953" lon="-16.933788"><ele>1750.0</ele></rtept><rtept lat="32.738495" lon="-16.93361"><ele>1741.0</ele></rtept><rtept lat="32.738358" lon="-16.933622"><ele>1739.2</ele></rtept><rtept lat="32.738235" lon="-16.933542"><ele>1735.6</ele></rtept><rtept lat="32.73786" lon="-16.932764"><ele>1728.6</ele></rtept><rtept lat="32.737488" lon="-16.93247"><ele>1725.2</ele></rtept><rtept lat="32.73743" lon="-16.93237"><ele>1731.8</ele></rtept><rtept lat="32.73737" lon="-16.932337"><ele>1735.0</ele></rtept><rtept lat="32.737297" lon="-16.93224"><ele>1743.8</ele></rtept><rtept lat="32.73717" lon="-16.932198"><ele>1747.6</ele></rtept><rtept lat="32.737045" lon="-16.932072"><ele>1751.2</ele></rtept><rtept lat="32.736847" lon="-16.93198"><ele>1753.2</ele></rtept><rtept lat="32.736763" lon="-16.931906"><ele>1751.4</ele></rtept><rtept lat="32.73665" lon="-16.931688"><ele>1747.8</ele></rtept><rtept lat="32.736504" lon="-16.931292"><ele>1754.6</ele></rtept><rtept lat="32.73648" lon="-16.930813"><ele>1772.6</ele></rtept><rtept lat="32.73644" lon="-16.930674"><ele>1776.0</ele></rtept><rtept lat="32.73618" lon="-16.930002"><ele>1787.4</ele></rtept><rtept lat="32.736053" lon="-16.92986"><ele>1792.8</ele></rtept><rtept lat="32.73601" lon="-16.929516"><ele>1799.0</ele></rtept><rtept lat="32.73568" lon="-16.928976"><ele>1808.4</ele></rtept><rtept lat="32.73551" lon="-16.928907"><ele>1808.8</ele></rtept><rtept lat="32.735455" lon="-16.92884"><ele>1809.0</ele></rtept><rtept lat="32.73519" lon="-16.928856"><ele>1809.2</ele></rtept><rtept lat="32.73501" lon="-16.928818"><ele>1807.8</ele></rtept><rtept lat="32.73496" lon="-16.928759"><ele>1807.4</ele></rtept><rtept lat="32.73448" lon="-16.929"><ele>1796.0</ele></rtept><rtept lat="32.734257" lon="-16.929237"><ele>1789.2</ele></rtept><rtept lat="32.734077" lon="-16.929361"><ele>1788.4</ele></rtept><rtept lat="32.73397" lon="-16.929502"><ele>1787.4</ele></rtept><rtept lat="32.73393" lon="-16.930096"><ele>1777.0</ele></rtept><rtept lat="32.734" lon="-16.930267"><ele>1776.2</ele></rtept><rtept lat="32.733948" lon="-16.930418"><ele>1772.4</ele></rtept><rtept lat="32.73389" lon="-16.930489"><ele>1769.6</ele></rtept><rtept lat="32.733765" lon="-16.930548"><ele>1767.4</ele></rtept><rtept lat="32.73363" lon="-16.93072"><ele>1762.2</ele></rtept><rtept lat="32.73356" lon="-16.93112"><ele>1747.4</ele></rtept><rtept lat="32.733482" lon="-16.931322"><ele>1740.4</ele></rtept><rtept lat="32.733383" lon="-16.931482"><ele>1732.6</ele></rtept><rtept lat="32.73329" lon="-16.931772"><ele>1724.6</ele></rtept><rtept lat="32.733017" lon="-16.932142"><ele>1716.8</ele></rtept><rtept lat="32.732975" lon="-16.932186"><ele>1714.8</ele></rtept><rtept lat="32.73293" lon="-16.932163"><ele>1712.4</ele></rtept><rtept lat="32.732876" lon="-16.932287"><ele>1707.8</ele></rtept><rtept lat="32.732822" lon="-16.932322"><ele>1706.0</ele></rtept><rtept lat="32.73181" lon="-16.931652"><ele>1674.6</ele></rtept><rtept lat="32.731544" lon="-16.931412"><ele>1666.6</ele></rtept><rtept lat="32.731327" lon="-16.931322"><ele>1661.6</ele></rtept><rtept lat="32.731026" lon="-16.931082"><ele>1654.6</ele></rtept><rtept lat="32.730827" lon="-16.930967"><ele>1652.4</ele></rtept><rtept lat="32.73073" lon="-16.93088"><ele>1652.0</ele></rtept><rtept lat="32.7306" lon="-16.930681"><ele>1650.6</ele></rtept><rtept lat="32.73033" lon="-16.930614"><ele>1644.8</ele></rtept><rtept lat="32.73012" lon="-16.930628"><ele>1638.6</ele></rtept><rtept lat="32.729942" lon="-16.9308"><ele>1634.0</ele></rtept><rtept lat="32.729607" lon="-16.930841"><ele>1626.4</ele></rtept><rtept lat="32.7291" lon="-16.930702"><ele>1617.4</ele></rtept><rtept lat="32.72867" lon="-16.930443"><ele>1610.4</ele></rtept><rtept lat="32.728477" lon="-16.930199"><ele>1607.4</ele></rtept><rtept lat="32.728256" lon="-16.929768"><ele>1606.4</ele></rtept><rtept lat="32.7282" lon="-16.929543"><ele>1607.8</ele></rtept><rtept lat="32.72822" lon="-16.929207"><ele>1610.6</ele></rtept><rtept lat="32.728203" lon="-16.929104"><ele>1611.0</ele></rtept><rtept lat="32.72801" lon="-16.929071"><ele>1612.6</ele></rtept><rtept lat="32.72744" lon="-16.928753"><ele>1619.6</ele></rtept><rtept lat="32.7273" lon="-16.928755"><ele>1621.2</ele></rtept><rtept lat="32.727016" lon="-16.92867"><ele>1624.2</ele></rtept><rtept lat="32.72679" lon="-16.928352"><ele>1626.6</ele></rtept><rtept lat="32.72661" lon="-16.92821"><ele>1627.6</ele></rtept><rtept lat="32.726418" lon="-16.928114"><ele>1628.0</ele></rtept><rtept lat="32.726124" lon="-16.927618"><ele>1626.6</ele></rtept><rtept lat="32.726013" lon="-16.927328"><ele>1624.2</ele></rtept><rtept lat="32.72594" lon="-16.926718"><ele>1622.0</ele></rtept><rtept lat="32.72568" lon="-16.926502"><ele>1620.2</ele></rtept><rtept lat="32.725574" lon="-16.926361"><ele>1619.4</ele></rtept><rtept lat="32.725536" lon="-16.926262"><ele>1619.2</ele></rtept><rtept lat="32.725513" lon="-16.925882"><ele>1619.0</ele></rtept><rtept lat="32.725574" lon="-16.925518"><ele>1619.4</ele></rtept><rtept lat="32.725464" lon="-16.925323"><ele>1620.6</ele></rtept><rtept lat="32.725418" lon="-16.925163"><ele>1622.2</ele></rtept><rtept lat="32.725452" lon="-16.924587"><ele>1628.6</ele></rtept><rtept lat="32.725395" lon="-16.9245"><ele>1629.8</ele></rtept><rtept lat="32.725224" lon="-16.92445"><ele>1626.4</ele></rtept><rtept lat="32.72499" lon="-16.924244"><ele>1620.0</ele></rtept><rtept lat="32.724808" lon="-16.924137"><ele>1612.0</ele></rtept><rtept lat="32.724316" lon="-16.923613"><ele>1591.4</ele></rtept><rtept lat="32.724197" lon="-16.923594"><ele>1587.4</ele></rtept><rtept lat="32.724037" lon="-16.923681"><ele>1582.8</ele></rtept><rtept lat="32.72384" lon="-16.92355"><ele>1577.2</ele></rtept><rtept lat="32.723637" lon="-16.923304"><ele>1572.2</ele></rtept><rtept lat="32.723606" lon="-16.923168"><ele>1570.6</ele></rtept><rtept lat="32.723568" lon="-16.923132"><ele>1569.6</ele></rtept><rtept lat="32.721977" lon="-16.922726"><ele>1545.4</ele></rtept><rtept lat="32.721275" lon="-16.922592"><ele>1530.6</ele></rtept><rtept lat="32.72059" lon="-16.922693"><ele>1514.6</ele></rtept><rtept lat="32.720318" lon="-16.922138"><ele>1509.6</ele></rtept><rtept lat="32.72008" lon="-16.921984"><ele>1509.0</ele></rtept><rtept lat="32.71968" lon="-16.921831"><ele>1508.0</ele></rtept><rtept lat="32.719357" lon="-16.92144"><ele>1506.4</ele></rtept><rtept lat="32.71924" lon="-16.921097"><ele>1504.0</ele></rtept><rtept lat="32.71931" lon="-16.920494"><ele>1496.2</ele></rtept><rtept lat="32.71961" lon="-16.92034"><ele>1490.8</ele></rtept><rtept lat="32.719856" lon="-16.920078"><ele>1486.0</ele></rtept><rtept lat="32.719944" lon="-16.92004"><ele>1484.6</ele></rtept><rtept lat="32.72" lon="-16.919949"><ele>1484.0</ele></rtept><rtept lat="32.720024" lon="-16.91975"><ele>1479.4</ele></rtept><rtept lat="32.719913" lon="-16.91967"><ele>1478.2</ele></rtept><rtept lat="32.719723" lon="-16.919624"><ele>1474.8</ele></rtept><rtept lat="32.719395" lon="-16.919662"><ele>1466.0</ele></rtept><rtept lat="32.719315" lon="-16.91959"><ele>1462.6</ele></rtept><rtept lat="32.719055" lon="-16.919512"><ele>1455.2</ele></rtept><rtept lat="32.718815" lon="-16.919298"><ele>1449.2</ele></rtept><rtept lat="32.71861" lon="-16.91866"><ele>1450.6</ele></rtept><rtept lat="32.718575" lon="-16.918467"><ele>1452.2</ele></rtept><rtept lat="32.718437" lon="-16.918322"><ele>1454.0</ele></rtept><rtept lat="32.718254" lon="-16.918013"><ele>1458.8</ele></rtept><rtept lat="32.718197" lon="-16.917776"><ele>1460.2</ele></rtept><rtept lat="32.71813" lon="-16.917715"><ele>1460.4</ele></rtept><rtept lat="32.71789" lon="-16.91763"><ele>1458.4</ele></rtept><rtept lat="32.717716" lon="-16.917412"><ele>1456.8</ele></rtept><rtept lat="32.717167" lon="-16.916998"><ele>1457.0</ele></rtept><rtept lat="32.717007" lon="-16.916655"><ele>1454.0</ele></rtept><rtept lat="32.716694" lon="-16.916307"><ele>1451.6</ele></rtept><rtept lat="32.716694" lon="-16.916216"><ele>1451.4</ele></rtept><rtept lat="32.716763" lon="-16.916077"><ele>1452.2</ele></rtept><rtept lat="32.717113" lon="-16.915728"><ele>1458.4</ele></rtept><rtept lat="32.717358" lon="-16.915388"><ele>1464.4</ele></rtept><rtept lat="32.717587" lon="-16.915197"><ele>1468.2</ele></rtept><rtept lat="32.717663" lon="-16.914883"><ele>1472.0</ele></rtept><rtept lat="32.717613" lon="-16.914774"><ele>1473.8</ele></rtept><rtept lat="32.71747" lon="-16.914627"><ele>1476.0</ele></rtept><rtept lat="32.717163" lon="-16.914572"><ele>1476.2</ele></rtept><rtept lat="32.716957" lon="-16.914423"><ele>1473.6</ele></rtept><rtept lat="32.71671" lon="-16.914417"><ele>1471.6</ele></rtept><rtept lat="32.71647" lon="-16.914368"><ele>1470.6</ele></rtept><rtept lat="32.716316" lon="-16.914246"><ele>1470.2</ele></rtept><rtept lat="32.715916" lon="-16.914013"><ele>1470.6</ele></rtept><rtept lat="32.715866" lon="-16.913912"><ele>1471.0</ele></rtept><rtept lat="32.7158" lon="-16.913557"><ele>1468.2</ele></rtept><rtept lat="32.71572" lon="-16.913363"><ele>1465.4</ele></rtept><rtept lat="32.715427" lon="-16.912947"><ele>1460.4</ele></rtept><rtept lat="32.71525" lon="-16.912579"><ele>1459.2</ele></rtept><rtept lat="32.71501" lon="-16.912333"><ele>1462.2</ele></rtept><rtept lat="32.714886" lon="-16.912294"><ele>1463.6</ele></rtept><rtept lat="32.71461" lon="-16.912333"><ele>1466.0</ele></rtept><rtept lat="32.714386" lon="-16.912315"><ele>1467.6</ele></rtept><rtept lat="32.71336" lon="-16.912432"><ele>1470.0</ele></rtept><rtept lat="32.71315" lon="-16.91241"><ele>1473.0</ele></rtept><rtept lat="32.71299" lon="-16.912113"><ele>1476.2</ele></rtept><rtept lat="32.712692" lon="-16.9117"><ele>1478.4</ele></rtept><rtept lat="32.71253" lon="-16.911318"><ele>1479.4</ele></rtept><rtept lat="32.712517" lon="-16.911192"><ele>1479.6</ele></rtept><rtept lat="32.712574" lon="-16.91097"><ele>1479.6</ele></rtept><rtept lat="32.712776" lon="-16.910507"><ele>1481.8</ele></rtept><rtept lat="32.71305" lon="-16.910023"><ele>1485.2</ele></rtept><rtept lat="32.71334" lon="-16.909351"><ele>1486.2</ele></rtept><rtept lat="32.71357" lon="-16.90899"><ele>1485.8</ele></rtept><rtept lat="32.71365" lon="-16.908728"><ele>1484.8</ele></rtept><rtept lat="32.7138" lon="-16.908463"><ele>1483.8</ele></rtept><rtept lat="32.71396" lon="-16.907867"><ele>1481.2</ele></rtept><rtept lat="32.71395" lon="-16.907816"><ele>1481.0</ele></rtept><rtept lat="32.713917" lon="-16.907787"><ele>1480.2</ele></rtept><rtept lat="32.713966" lon="-16.907743"><ele>1480.0</ele></rtept><rtept lat="32.7138" lon="-16.907284"><ele>1478.4</ele></rtept><rtept lat="32.71374" lon="-16.906813"><ele>1476.8</ele></rtept><rtept lat="32.71366" lon="-16.906479"><ele>1474.8</ele></rtept><rtept lat="32.713715" lon="-16.906021"><ele>1473.0</ele></rtept><rtept lat="32.713642" lon="-16.905752"><ele>1472.2</ele></rtept><rtept lat="32.713684" lon="-16.905577"><ele>1470.8</ele></rtept><rtept lat="32.71393" lon="-16.905272"><ele>1465.4</ele></rtept><rtept lat="32.71419" lon="-16.90478"><ele>1459.2</ele></rtept><rtept lat="32.714317" lon="-16.904724"><ele>1457.6</ele></rtept><rtept lat="32.714428" lon="-16.904745"><ele>1457.2</ele></rtept><rtept lat="32.71499" lon="-16.905022"><ele>1453.0</ele></rtept><rtept lat="32.715088" lon="-16.9051"><ele>1453.0</ele></rtept><rtept lat="32.715343" lon="-16.905453"><ele>1452.8</ele></rtept><rtept lat="32.715427" lon="-16.905525"><ele>1454.0</ele></rtept><rtept lat="32.71587" lon="-16.905725"><ele>1453.6</ele></rtept><rtept lat="32.715942" lon="-16.905905"><ele>1452.8</ele></rtept><rtept lat="32.71596" lon="-16.906162"><ele>1455.8</ele></rtept><rtept lat="32.71601" lon="-16.906221"><ele>1456.4</ele></rtept><rtept lat="32.716057" lon="-16.906094"><ele>1454.4</ele></rtept><rtept lat="32.716103" lon="-16.906094"><ele>1451.4</ele></rtept><rtept lat="32.71615" lon="-16.905996"><ele>1452.0</ele></rtept><rtept lat="32.716217" lon="-16.905958"><ele>1455.8</ele></rtept><rtept lat="32.716328" lon="-16.90573"><ele>1462.2</ele></rtept><rtept lat="32.71639" lon="-16.90541"><ele>1466.4</ele></rtept><rtept lat="32.71658" lon="-16.905521"><ele>1473.4</ele></rtept><rtept lat="32.7167" lon="-16.905518"><ele>1475.6</ele></rtept><rtept lat="32.716885" lon="-16.905603"><ele>1478.2</ele></rtept><rtept lat="32.717052" lon="-16.905642"><ele>1481.0</ele></rtept><rtept lat="32.717144" lon="-16.905594"><ele>1483.0</ele></rtept><rtept lat="32.717297" lon="-16.905632"><ele>1484.4</ele></rtept><rtept lat="32.7175" lon="-16.905577"><ele>1487.0</ele></rtept><rtept lat="32.717594" lon="-16.905478"><ele>1488.4</ele></rtept><rtept lat="32.71798" lon="-16.905458"><ele>1489.4</ele></rtept><rtept lat="32.718174" lon="-16.905376"><ele>1488.0</ele></rtept><rtept lat="32.71828" lon="-16.905378"><ele>1486.6</ele></rtept><rtept lat="32.718315" lon="-16.905333"><ele>1486.0</ele></rtept><rtept lat="32.718323" lon="-16.905233"><ele>1485.0</ele></rtept><rtept lat="32.718227" lon="-16.904463"><ele>1474.8</ele></rtept><rtept lat="32.718117" lon="-16.904177"><ele>1471.0</ele></rtept><rtept lat="32.718082" lon="-16.903976"><ele>1467.4</ele></rtept><rtept lat="32.71805" lon="-16.90353"><ele>1456.2</ele></rtept><rtept lat="32.71808" lon="-16.903069"><ele>1445.4</ele></rtept><rtept lat="32.718006" lon="-16.90251"><ele>1435.0</ele></rtept><rtept lat="32.717957" lon="-16.902378"><ele>1431.6</ele></rtept><rtept lat="32.717987" lon="-16.902208"><ele>1426.0</ele></rtept><rtept lat="32.71778" lon="-16.90203"><ele>1420.4</ele></rtept><rtept lat="32.717655" lon="-16.901777"><ele>1418.4</ele></rtept><rtept lat="32.71755" lon="-16.901632"><ele>1418.0</ele></rtept><rtept lat="32.717274" lon="-16.90145"><ele>1417.2</ele></rtept><rtept lat="32.717106" lon="-16.901264"><ele>1416.6</ele></rtept><rtept lat="32.716953" lon="-16.901243"><ele>1416.4</ele></rtept><rtept lat="32.71687" lon="-16.901165"><ele>1416.2</ele></rtept><rtept lat="32.71665" lon="-16.900745"><ele>1415.6</ele></rtept><rtept lat="32.716507" lon="-16.900555"><ele>1415.0</ele></rtept><rtept lat="32.716473" lon="-16.900314"><ele>1414.4</ele></rtept><rtept lat="32.716183" lon="-16.89988"><ele>1413.8</ele></rtept><rtept lat="32.71601" lon="-16.899702"><ele>1413.6</ele></rtept><rtept lat="32.715813" lon="-16.899614"><ele>1413.2</ele></rtept><rtept lat="32.715633" lon="-16.899487"><ele>1413.2</ele></rtept><rtept lat="32.715336" lon="-16.899149"><ele>1412.8</ele></rtept><rtept lat="32.715202" lon="-16.899092"><ele>1412.4</ele></rtept><rtept lat="32.715046" lon="-16.899096"><ele>1412.6</ele></rtept><rtept lat="32.7149" lon="-16.899055"><ele>1412.2</ele></rtept><rtept lat="32.714596" lon="-16.898857"><ele>1411.6</ele></rtept><rtept lat="32.71431" lon="-16.898335"><ele>1411.4</ele></rtept><rtept lat="32.71405" lon="-16.898048"><ele>1411.2</ele></rtept><rtept lat="32.713737" lon="-16.89791"><ele>1410.8</ele></rtept><rtept lat="32.71278" lon="-16.897823"><ele>1409.4</ele></rtept><rtept lat="32.712685" lon="-16.897749"><ele>1409.4</ele></rtept><rtept lat="32.712597" lon="-16.89761"><ele>1409.2</ele></rtept><rtept lat="32.71238" lon="-16.89746"><ele>1409.0</ele></rtept><rtept lat="32.71191" lon="-16.89723"><ele>1408.2</ele></rtept><rtept lat="32.711334" lon="-16.897057"><ele>1407.0</ele></rtept><rtept lat="32.71128" lon="-16.896982"><ele>1406.8</ele></rtept><rtept lat="32.71124" lon="-16.896805"><ele>1406.2</ele></rtept><rtept lat="32.711117" lon="-16.896593"><ele>1405.4</ele></rtept><rtept lat="32.711094" lon="-16.896416"><ele>1405.0</ele></rtept><rtept lat="32.711117" lon="-16.896313"><ele>1404.6</ele></rtept><rtept lat="32.7113" lon="-16.896082"><ele>1401.8</ele></rtept><rtept lat="32.711754" lon="-16.895632"><ele>1399.4</ele></rtept><rtept lat="32.71182" lon="-16.895496"><ele>1398.6</ele></rtept><rtept lat="32.711826" lon="-16.895384"><ele>1398.4</ele></rtept><rtept lat="32.711975" lon="-16.895098"><ele>1397.4</ele></rtept><rtept lat="32.712048" lon="-16.894857"><ele>1396.0</ele></rtept><rtept lat="32.71224" lon="-16.894728"><ele>1394.0</ele></rtept><rtept lat="32.712276" lon="-16.894594"><ele>1392.4</ele></rtept><rtept lat="32.712334" lon="-16.894535"><ele>1392.6</ele></rtept><rtept lat="32.712387" lon="-16.894367"><ele>1392.0</ele></rtept><rtept lat="32.712452" lon="-16.894278"><ele>1392.4</ele></rtept><rtept lat="32.712467" lon="-16.894188"><ele>1391.2</ele></rtept><rtept lat="32.71279" lon="-16.893814"><ele>1391.0</ele></rtept><rtept lat="32.712795" lon="-16.893744"><ele>1391.2</ele></rtept><rtept lat="32.712727" lon="-16.893606"><ele>1393.0</ele></rtept><rtept lat="32.712727" lon="-16.893501"><ele>1393.4</ele></rtept><rtept lat="32.71262" lon="-16.893297"><ele>1394.6</ele></rtept><rtept lat="32.712585" lon="-16.893147"><ele>1396.6</ele></rtept><rtept lat="32.712624" lon="-16.893013"><ele>1397.0</ele></rtept><rtept lat="32.712585" lon="-16.892822"><ele>1395.8</ele></rtept><rtept lat="32.712654" lon="-16.892673"><ele>1396.0</ele></rtept><rtept lat="32.71266" lon="-16.89251"><ele>1394.8</ele></rtept><rtept lat="32.712715" lon="-16.892403"><ele>1395.2</ele></rtept><rtept lat="32.71279" lon="-16.892355"><ele>1395.0</ele></rtept><rtept lat="32.712883" lon="-16.892178"><ele>1392.8</ele></rtept><rtept lat="32.71287" lon="-16.892021"><ele>1392.6</ele></rtept><rtept lat="32.712788" lon="-16.891792"><ele>1395.4</ele></rtept><rtept lat="32.712753" lon="-16.891542"><ele>1397.4</ele></rtept><rtept lat="32.712776" lon="-16.891441"><ele>1397.8</ele></rtept><rtept lat="32.71289" lon="-16.891216"><ele>1397.0</ele></rtept><rtept lat="32.712917" lon="-16.891022"><ele>1395.8</ele></rtept><rtept lat="32.71286" lon="-16.89091"><ele>1396.4</ele></rtept><rtept lat="32.71279" lon="-16.890856"><ele>1397.6</ele></rtept><rtept lat="32.712738" lon="-16.890697"><ele>1400.4</ele></rtept><rtept lat="32.71288" lon="-16.890318"><ele>1401.4</ele></rtept><rtept lat="32.713028" lon="-16.890158"><ele>1401.4</ele></rtept><rtept lat="32.713127" lon="-16.889984"><ele>1402.2</ele></rtept><rtept lat="32.71316" lon="-16.889744"><ele>1404.2</ele></rtept><rtept lat="32.713276" lon="-16.889523"><ele>1405.4</ele></rtept><rtept lat="32.713398" lon="-16.889421"><ele>1405.2</ele></rtept><rtept lat="32.713448" lon="-16.889313"><ele>1405.4</ele></rtept><rtept lat="32.713585" lon="-16.889284"><ele>1406.2</ele></rtept><rtept lat="32.71367" lon="-16.889223"><ele>1406.4</ele></rtept><rtept lat="32.713768" lon="-16.889126"><ele>1405.4</ele></rtept><rtept lat="32.713833" lon="-16.888998"><ele>1403.4</ele></rtept><rtept lat="32.713806" lon="-16.888868"><ele>1401.4</ele></rtept><rtept lat="32.71371" lon="-16.888718"><ele>1399.4</ele></rtept><rtept lat="32.713676" lon="-16.8886"><ele>1397.4</ele></rtept><rtept lat="32.713646" lon="-16.888071"><ele>1389.8</ele></rtept><rtept lat="32.713734" lon="-16.887745"><ele>1386.8</ele></rtept><rtept lat="32.71374" lon="-16.8876"><ele>1385.4</ele></rtept><rtept lat="32.713856" lon="-16.887396"><ele>1383.8</ele></rtept><rtept lat="32.71387" lon="-16.887281"><ele>1382.8</ele></rtept><rtept lat="32.71381" lon="-16.887236"><ele>1382.2</ele></rtept><rtept lat="32.713474" lon="-16.887264"><ele>1388.6</ele></rtept><rtept lat="32.713467" lon="-16.887215"><ele>1389.6</ele></rtept><rtept lat="32.71353" lon="-16.887093"><ele>1392.4</ele></rtept><rtept lat="32.71353" lon="-16.887003"><ele>1394.2</ele></rtept><rtept lat="32.713764" lon="-16.88672"><ele>1400.6</ele></rtept><rtept lat="32.714" lon="-16.886541"><ele>1403.6</ele></rtept><rtept lat="32.71406" lon="-16.886385"><ele>1404.2</ele></rtept><rtept lat="32.71435" lon="-16.885908"><ele>1404.8</ele></rtept><rtept lat="32.714558" lon="-16.88571"><ele>1405.4</ele></rtept><rtept lat="32.714867" lon="-16.885279"><ele>1403.4</ele></rtept><rtept lat="32.715" lon="-16.885225"><ele>1402.0</ele></rtept><rtept lat="32.71507" lon="-16.885113"><ele>1400.2</ele></rtept><rtept lat="32.71522" lon="-16.884996"><ele>1398.0</ele></rtept><rtept lat="32.715286" lon="-16.88473"><ele>1396.6</ele></rtept><rtept lat="32.715424" lon="-16.884405"><ele>1398.0</ele></rtept><rtept lat="32.715508" lon="-16.884266"><ele>1399.8</ele></rtept><rtept lat="32.715725" lon="-16.88408"><ele>1406.4</ele></rtept><rtept lat="32.71581" lon="-16.883827"><ele>1409.2</ele></rtept><rtept lat="32.715862" lon="-16.883354"><ele>1410.2</ele></rtept><rtept lat="32.71599" lon="-16.882853"><ele>1410.6</ele></rtept><rtept lat="32.716106" lon="-16.882563"><ele>1411.8</ele></rtept><rtept lat="32.716152" lon="-16.882322"><ele>1411.4</ele></rtept><rtept lat="32.71625" lon="-16.882034"><ele>1409.0</ele></rtept><rtept lat="32.716457" lon="-16.881535"><ele>1400.6</ele></rtept><rtept lat="32.716503" lon="-16.881073"><ele>1402.4</ele></rtept><rtept lat="32.716568" lon="-16.880974"><ele>1402.6</ele></rtept><rtept lat="32.71667" lon="-16.880913"><ele>1403.0</ele></rtept><rtept lat="32.716927" lon="-16.880903"><ele>1399.0</ele></rtept><rtept lat="32.716938" lon="-16.880768"><ele>1396.8</ele></rtept><rtept lat="32.71687" lon="-16.880573"><ele>1394.4</ele></rtept><rtept lat="32.71684" lon="-16.880373"><ele>1392.0</ele></rtept><rtept lat="32.7169" lon="-16.8801"><ele>1388.6</ele></rtept><rtept lat="32.71694" lon="-16.880035"><ele>1387.2</ele></rtept><rtept lat="32.716904" lon="-16.879932"><ele>1385.0</ele></rtept><rtept lat="32.71696" lon="-16.879784"><ele>1383.8</ele></rtept><rtept lat="32.717056" lon="-16.879585"><ele>1379.8</ele></rtept><rtept lat="32.71715" lon="-16.879517"><ele>1378.2</ele></rtept><rtept lat="32.717354" lon="-16.879223"><ele>1373.6</ele></rtept><rtept lat="32.717407" lon="-16.878958"><ele>1371.4</ele></rtept><rtept lat="32.717606" lon="-16.878553"><ele>1369.2</ele></rtept><rtept lat="32.717915" lon="-16.878311"><ele>1369.0</ele></rtept><rtept lat="32.71837" lon="-16.877876"><ele>1365.2</ele></rtept><rtept lat="32.718697" lon="-16.877497"><ele>1361.8</ele></rtept><rtept lat="32.71881" lon="-16.877249"><ele>1360.8</ele></rtept><rtept lat="32.718967" lon="-16.87705"><ele>1361.8</ele></rtept><rtept lat="32.719143" lon="-16.876661"><ele>1363.4</ele></rtept><rtept lat="32.71936" lon="-16.87606"><ele>1364.4</ele></rtept><rtept lat="32.719395" lon="-16.875881"><ele>1364.6</ele></rtept><rtept lat="32.719395" lon="-16.87544"><ele>1363.6</ele></rtept><rtept lat="32.719463" lon="-16.875114"><ele>1361.2</ele></rtept><rtept lat="32.71965" lon="-16.874653"><ele>1357.8</ele></rtept><rtept lat="32.719704" lon="-16.874323"><ele>1356.2</ele></rtept><rtept lat="32.71985" lon="-16.874193"><ele>1355.0</ele></rtept><rtept lat="32.719906" lon="-16.874016"><ele>1352.8</ele></rtept><rtept lat="32.72" lon="-16.873888"><ele>1349.8</ele></rtept><rtept lat="32.720013" lon="-16.873644"><ele>1346.6</ele></rtept><rtept lat="32.720116" lon="-16.873419"><ele>1346.8</ele></rtept><rtept lat="32.72014" lon="-16.873234"><ele>1346.0</ele></rtept><rtept lat="32.720192" lon="-16.873102"><ele>1346.0</ele></rtept><rtept lat="32.72019" lon="-16.872982"><ele>1345.4</ele></rtept><rtept lat="32.72026" lon="-16.872845"><ele>1345.8</ele></rtept><rtept lat="32.720276" lon="-16.872667"><ele>1345.2</ele></rtept><rtept lat="32.720455" lon="-16.87222"><ele>1340.2</ele></rtept><rtept lat="32.720467" lon="-16.871933"><ele>1335.4</ele></rtept><rtept lat="32.720364" lon="-16.871769"><ele>1336.8</ele></rtept><rtept lat="32.72031" lon="-16.871283"><ele>1336.8</ele></rtept><rtept lat="32.72021" lon="-16.870808"><ele>1334.8</ele></rtept><rtept lat="32.72026" lon="-16.870638"><ele>1334.2</ele></rtept><rtept lat="32.720226" lon="-16.870543"><ele>1333.0</ele></rtept><rtept lat="32.72009" lon="-16.870375"><ele>1331.0</ele></rtept><rtept lat="32.720066" lon="-16.870277"><ele>1329.4</ele></rtept><rtept lat="32.720078" lon="-16.87012"><ele>1327.2</ele></rtept><rtept lat="32.720047" lon="-16.869925"><ele>1324.8</ele></rtept><rtept lat="32.720116" lon="-16.869652"><ele>1322.2</ele></rtept><rtept lat="32.7201" lon="-16.869457"><ele>1320.2</ele></rtept><rtept lat="32.72015" lon="-16.869316"><ele>1318.8</ele></rtept><rtept lat="32.72023" lon="-16.869204"><ele>1317.6</ele></rtept><rtept lat="32.720444" lon="-16.869104"><ele>1317.2</ele></rtept><rtept lat="32.72096" lon="-16.868477"><ele>1317.2</ele></rtept><rtept lat="32.721157" lon="-16.868168"><ele>1318.2</ele></rtept><rtept lat="32.72114" lon="-16.868002"><ele>1318.8</ele></rtept><rtept lat="32.721024" lon="-16.867735"><ele>1318.8</ele></rtept><rtept lat="32.720997" lon="-16.867603"><ele>1319.8</ele></rtept><rtept lat="32.720608" lon="-16.86694"><ele>1317.6</ele></rtept><rtept lat="32.72056" lon="-16.86673"><ele>1313.8</ele></rtept><rtept lat="32.720596" lon="-16.866125"><ele>1297.4</ele></rtept><rtept lat="32.720634" lon="-16.865866"><ele>1293.8</ele></rtept><rtept lat="32.7207" lon="-16.865707"><ele>1294.2</ele></rtept><rtept lat="32.721073" lon="-16.865248"><ele>1288.0</ele></rtept><rtept lat="32.72141" lon="-16.864538"><ele>1285.4</ele></rtept><rtept lat="32.721497" lon="-16.86444"><ele>1284.4</ele></rtept><rtept lat="32.721714" lon="-16.864374"><ele>1283.8</ele></rtept><rtept lat="32.722076" lon="-16.864378"><ele>1283.4</ele></rtept><rtept lat="32.722256" lon="-16.864315"><ele>1280.6</ele></rtept><rtept lat="32.72252" lon="-16.864138"><ele>1276.4</ele></rtept><rtept lat="32.722645" lon="-16.863958"><ele>1272.2</ele></rtept><rtept lat="32.7227" lon="-16.864027"><ele>1270.8</ele></rtept><rtept lat="32.72272" lon="-16.86417"><ele>1268.6</ele></rtept><rtept lat="32.72291" lon="-16.864227"><ele>1264.6</ele></rtept><rtept lat="32.722958" lon="-16.864202"><ele>1263.4</ele></rtept><rtept lat="32.72299" lon="-16.864128"><ele>1261.2</ele></rtept><rtept lat="32.72302" lon="-16.86414"><ele>1259.8</ele></rtept><rtept lat="32.723076" lon="-16.864231"><ele>1255.6</ele></rtept><rtept lat="32.723194" lon="-16.864319"><ele>1253.8</ele></rtept><rtept lat="32.723236" lon="-16.864458"><ele>1251.4</ele></rtept><rtept lat="32.72333" lon="-16.864452"><ele>1249.4</ele></rtept><rtept lat="32.72336" lon="-16.864353"><ele>1247.8</ele></rtept><rtept lat="32.723343" lon="-16.864042"><ele>1242.4</ele></rtept><rtept lat="32.723408" lon="-16.863823"><ele>1238.6</ele></rtept><rtept lat="32.72341" lon="-16.863564"><ele>1233.6</ele></rtept><rtept lat="32.723618" lon="-16.863132"><ele>1226.0</ele></rtept><rtept lat="32.72376" lon="-16.86303"><ele>1224.8</ele></rtept><rtept lat="32.72395" lon="-16.862947"><ele>1224.0</ele></rtept><rtept lat="32.724094" lon="-16.862818"><ele>1223.6</ele></rtept><rtept lat="32.724243" lon="-16.862759"><ele>1223.4</ele></rtept><rtept lat="32.724663" lon="-16.862783"><ele>1221.4</ele></rtept><rtept lat="32.72496" lon="-16.86274"><ele>1218.6</ele></rtept><rtept lat="32.725006" lon="-16.862684"><ele>1218.6</ele></rtept><rtept lat="32.72511" lon="-16.862377"><ele>1215.2</ele></rtept><rtept lat="32.72521" lon="-16.862207"><ele>1214.0</ele></rtept><rtept lat="32.72531" lon="-16.861895"><ele>1212.4</ele></rtept><rtept lat="32.72558" lon="-16.861788"><ele>1211.0</ele></rtept><rtept lat="32.725597" lon="-16.861738"><ele>1210.6</ele></rtept><rtept lat="32.725586" lon="-16.86162"><ele>1208.0</ele></rtept><rtept lat="32.725773" lon="-16.861542"><ele>1202.4</ele></rtept><rtept lat="32.725967" lon="-16.861347"><ele>1197.6</ele></rtept><rtept lat="32.72602" lon="-16.861338"><ele>1196.8</ele></rtept><rtept lat="32.726154" lon="-16.861391"><ele>1194.6</ele></rtept><rtept lat="32.72648" lon="-16.861128"><ele>1186.4</ele></rtept><rtept lat="32.72652" lon="-16.860798"><ele>1180.2</ele></rtept><rtept lat="32.726585" lon="-16.860744"><ele>1177.8</ele></rtept><rtept lat="32.726658" lon="-16.860586"><ele>1174.6</ele></rtept><rtept lat="32.726868" lon="-16.860449"><ele>1171.2</ele></rtept><rtept lat="32.72707" lon="-16.860226"><ele>1169.0</ele></rtept><rtept lat="32.72726" lon="-16.859735"><ele>1169.0</ele></rtept><rtept lat="32.727417" lon="-16.859577"><ele>1168.4</ele></rtept><rtept lat="32.727516" lon="-16.859377"><ele>1168.6</ele></rtept><rtept lat="32.72757" lon="-16.859133"><ele>1169.4</ele></rtept><rtept lat="32.727673" lon="-16.858917"><ele>1170.0</ele></rtept><rtept lat="32.72799" lon="-16.858603"><ele>1167.2</ele></rtept><rtept lat="32.728176" lon="-16.858618"><ele>1164.2</ele></rtept><rtept lat="32.72833" lon="-16.858583"><ele>1162.6</ele></rtept><rtept lat="32.728493" lon="-16.858452"><ele>1161.0</ele></rtept><rtept lat="32.728634" lon="-16.858397"><ele>1158.8</ele></rtept><rtept lat="32.728626" lon="-16.85836"><ele>1158.0</ele></rtept><rtept lat="32.72848" lon="-16.858315"><ele>1155.2</ele></rtept><rtept lat="32.728474" lon="-16.858267"><ele>1154.4</ele></rtept><rtept lat="32.728508" lon="-16.858208"><ele>1152.6</ele></rtept><rtept lat="32.728485" lon="-16.858164"><ele>1151.4</ele></rtept><rtept lat="32.72842" lon="-16.858135"><ele>1149.4</ele></rtept><rtept lat="32.728317" lon="-16.858158"><ele>1146.6</ele></rtept><rtept lat="32.728287" lon="-16.858038"><ele>1142.0</ele></rtept><rtept lat="32.728146" lon="-16.85801"><ele>1137.0</ele></rtept><rtept lat="32.72812" lon="-16.857975"><ele>1135.6</ele></rtept><rtept lat="32.72847" lon="-16.857857"><ele>1132.2</ele></rtept><rtept lat="32.72872" lon="-16.85764"><ele>1130.0</ele></rtept><rtept lat="32.72883" lon="-16.85747"><ele>1127.8</ele></rtept><rtept lat="32.728912" lon="-16.857101"><ele>1124.6</ele></rtept><rtept lat="32.72908" lon="-16.856953"><ele>1123.0</ele></rtept><rtept lat="32.729275" lon="-16.856647"><ele>1120.4</ele></rtept><rtept lat="32.729492" lon="-16.85651"><ele>1119.2</ele></rtept><rtept lat="32.72995" lon="-16.856033"><ele>1116.0</ele></rtept><rtept lat="32.73023" lon="-16.855944"><ele>1113.8</ele></rtept><rtept lat="32.730404" lon="-16.855825"><ele>1112.6</ele></rtept><rtept lat="32.730522" lon="-16.855587"><ele>1111.0</ele></rtept><rtept lat="32.730663" lon="-16.855125"><ele>1108.4</ele></rtept><rtept lat="32.73072" lon="-16.854662"><ele>1105.6</ele></rtept><rtept lat="32.730816" lon="-16.854544"><ele>1104.6</ele></rtept><rtept lat="32.73105" lon="-16.854504"><ele>1102.4</ele></rtept><rtept lat="32.731434" lon="-16.854515"><ele>1096.6</ele></rtept><rtept lat="32.7318" lon="-16.854418"><ele>1089.4</ele></rtept><rtept lat="32.73214" lon="-16.853964"><ele>1081.6</ele></rtept><rtept lat="32.732307" lon="-16.853607"><ele>1076.2</ele></rtept><rtept lat="32.73245" lon="-16.85343"><ele>1072.4</ele></rtept><rtept lat="32.73288" lon="-16.853111"><ele>1063.4</ele></rtept><rtept lat="32.73307" lon="-16.85304"><ele>1061.4</ele></rtept><rtept lat="32.73326" lon="-16.852865"><ele>1059.8</ele></rtept><rtept lat="32.733414" lon="-16.852663"><ele>1058.6</ele></rtept><rtept lat="32.733547" lon="-16.852592"><ele>1058.0</ele></rtept><rtept lat="32.73366" lon="-16.852634"><ele>1057.4</ele></rtept><rtept lat="32.733753" lon="-16.852755"><ele>1056.6</ele></rtept><rtept lat="32.73382" lon="-16.853022"><ele>1054.0</ele></rtept><rtept lat="32.73387" lon="-16.853395"><ele>1048.4</ele></rtept><rtept lat="32.733974" lon="-16.85357"><ele>1044.6</ele></rtept><rtept lat="32.734886" lon="-16.854073"><ele>1029.0</ele></rtept><rtept lat="32.73509" lon="-16.854033"><ele>1025.4</ele></rtept><rtept lat="32.73558" lon="-16.854012"><ele>1017.4</ele></rtept><rtept lat="32.735897" lon="-16.853792"><ele>1011.6</ele></rtept><rtept lat="32.73622" lon="-16.853704"><ele>1004.4</ele></rtept><rtept lat="32.73646" lon="-16.853579"><ele>998.0</ele></rtept><rtept lat="32.736687" lon="-16.853363"><ele>993.6</ele></rtept><rtept lat="32.736942" lon="-16.852924"><ele>988.2</ele></rtept><rtept lat="32.737167" lon="-16.85265"><ele>982.8</ele></rtept><rtept lat="32.737373" lon="-16.852228"><ele>975.0</ele></rtept><rtept lat="32.737453" lon="-16.852123"><ele>972.0</ele></rtept><rtept lat="32.737583" lon="-16.851988"><ele>966.8</ele></rtept><rtept lat="32.737804" lon="-16.851946"><ele>960.6</ele></rtept><rtept lat="32.7379" lon="-16.85187"><ele>957.8</ele></rtept><rtept lat="32.737953" lon="-16.85175"><ele>955.0</ele></rtept><rtept lat="32.73798" lon="-16.851627"><ele>952.0</ele></rtept><rtept lat="32.73794" lon="-16.851393"><ele>948.6</ele></rtept><rtept lat="32.737686" lon="-16.850824"><ele>942.4</ele></rtept><rtept lat="32.73775" lon="-16.850548"><ele>938.4</ele></rtept><rtept lat="32.737694" lon="-16.850172"><ele>931.4</ele></rtept><rtept lat="32.73777" lon="-16.850098"><ele>929.0</ele></rtept><rtept lat="32.73801" lon="-16.850061"><ele>923.2</ele></rtept><rtept lat="32.73811" lon="-16.850027"><ele>921.0</ele></rtept><rtept lat="32.738148" lon="-16.849977"><ele>919.6</ele></rtept><rtept lat="32.738274" lon="-16.849422"><ele>910.0</ele></rtept><rtept lat="32.738247" lon="-16.849327"><ele>908.0</ele></rtept><rtept lat="32.738194" lon="-16.849295"><ele>906.8</ele></rtept><rtept lat="32.738094" lon="-16.849323"><ele>905.0</ele></rtept><rtept lat="32.737984" lon="-16.849419"><ele>902.2</ele></rtept><rtept lat="32.7379" lon="-16.849424"><ele>899.8</ele></rtept><rtept lat="32.73794" lon="-16.849186"><ele>895.2</ele></rtept><rtept lat="32.737926" lon="-16.84901"><ele>892.2</ele></rtept><rtept lat="32.737972" lon="-16.848883"><ele>890.2</ele></rtept><rtept lat="32.73802" lon="-16.848833"><ele>888.95447</ele></rtept><rtept lat="32.738037" lon="-16.848852"><ele>882.57</ele></rtept><rtept lat="32.738094" lon="-16.848793"><ele>880.62</ele></rtept><rtept lat="32.738213" lon="-16.848742"><ele>877.12</ele></rtept><rtept lat="32.738323" lon="-16.84875"><ele>873.84</ele></rtept><rtept lat="32.73844" lon="-16.848833"><ele>870.18</ele></rtept><rtept lat="32.738544" lon="-16.848885"><ele>867.65</ele></rtept><rtept lat="32.738655" lon="-16.848885"><ele>865.45</ele></rtept><rtept lat="32.738747" lon="-16.848787"><ele>863.3</ele></rtept><rtept lat="32.738815" lon="-16.848637"><ele>860.67</ele></rtept><rtept lat="32.738834" lon="-16.848417"><ele>857.23</ele></rtept><rtept lat="32.738827" lon="-16.848145"><ele>853.93</ele></rtept><rtept lat="32.738914" lon="-16.848024"><ele>852.86</ele></rtept><rtept lat="32.73904" lon="-16.847916"><ele>851.89</ele></rtept><rtept lat="32.73924" lon="-16.847797"><ele>850.1</ele></rtept><rtept lat="32.739323" lon="-16.847645"><ele>848.28</ele></rtept><rtept lat="32.739395" lon="-16.847408"><ele>845.41</ele></rtept><rtept lat="32.739437" lon="-16.847164"><ele>841.27</ele></rtept><rtept lat="32.739475" lon="-16.847"><ele>837.5</ele></rtept><rtept lat="32.739414" lon="-16.847036"><ele>839.04</ele></rtept><rtept lat="32.739292" lon="-16.847202"><ele>842.81</ele></rtept><rtept lat="32.73925" lon="-16.847271"><ele>843.82</ele></rtept><rtept lat="32.7392" lon="-16.847412"><ele>844.87</ele></rtept><rtept lat="32.73912" lon="-16.847464"><ele>845.07</ele></rtept><rtept lat="32.738884" lon="-16.847712"><ele>846.69</ele></rtept><rtept lat="32.73862" lon="-16.847876"><ele>846.02</ele></rtept><rtept lat="32.738518" lon="-16.848099"><ele>844.32</ele></rtept><rtept lat="32.738472" lon="-16.848108"><ele>844.03</ele></rtept><rtept lat="32.73814" lon="-16.847948"><ele>842.98</ele></rtept><rtept lat="32.73811" lon="-16.847893"><ele>842.89</ele></rtept><rtept lat="32.73805" lon="-16.847849"><ele>842.67</ele></rtept><rtept lat="32.737976" lon="-16.847876"><ele>842.27</ele></rtept><rtept lat="32.737797" lon="-16.848158"><ele>841.07</ele></rtept><rtept lat="32.737705" lon="-16.848162"><ele>841.2</ele></rtept><rtept lat="32.73761" lon="-16.848192"><ele>841.43</ele></rtept><rtept lat="32.737457" lon="-16.848124"><ele>841.89</ele></rtept><rtept lat="32.7374" lon="-16.848143"><ele>841.96</ele></rtept><rtept lat="32.737354" lon="-16.848179"><ele>841.94</ele></rtept><rtept lat="32.73734" lon="-16.84822"><ele>841.88</ele></rtept><rtept lat="32.737305" lon="-16.848366"><ele>841.41</ele></rtept><rtept lat="32.737244" lon="-16.848356"><ele>841.01</ele></rtept><rtept lat="32.737144" lon="-16.848206"><ele>840.27</ele></rtept><rtept lat="32.737106" lon="-16.848082"><ele>840.14</ele></rtept><rtept lat="32.73714" lon="-16.84771"><ele>836.46</ele></rtept><rtept lat="32.7372" lon="-16.847572"><ele>835.28</ele></rtept><rtept lat="32.737232" lon="-16.847538"><ele>834.69</ele></rtept><rtept lat="32.737263" lon="-16.847506"><ele>834.01</ele></rtept><rtept lat="32.73735" lon="-16.847485"><ele>832.55</ele></rtept><rtept lat="32.737396" lon="-16.847422"><ele>832.15</ele></rtept><rtept lat="32.737404" lon="-16.847345"><ele>831.97</ele></rtept><rtept lat="32.737385" lon="-16.847242"><ele>832.07</ele></rtept><rtept lat="32.737377" lon="-16.847075"><ele>833.23</ele></rtept><rtept lat="32.737335" lon="-16.846954"><ele>833.21</ele></rtept><rtept lat="32.737232" lon="-16.846867"><ele>833.21</ele></rtept><rtept lat="32.737206" lon="-16.846773"><ele>833.24</ele></rtept><rtept lat="32.73718" lon="-16.846716"><ele>833.25</ele></rtept><rtept lat="32.737427" lon="-16.846577"><ele>833.24</ele></rtept><rtept lat="32.73742" lon="-16.846542"><ele>833.29</ele></rtept><rtept lat="32.73739" lon="-16.846506"><ele>833.38</ele></rtept><rtept lat="32.737267" lon="-16.846441"><ele>833.8</ele></rtept><rtept lat="32.73721" lon="-16.846426"><ele>833.96</ele></rtept><rtept lat="32.73715" lon="-16.846354"><ele>834.09</ele></rtept><rtept lat="32.737106" lon="-16.84624"><ele>834.0</ele></rtept><rtept lat="32.736984" lon="-16.846148"><ele>833.88</ele></rtept><rtept lat="32.736744" lon="-16.846088"><ele>833.51</ele></rtept><rtept lat="32.73672" lon="-16.84598"><ele>833.09</ele></rtept><rtept lat="32.736774" lon="-16.845913"><ele>832.57</ele></rtept><rtept lat="32.736855" lon="-16.84587"><ele>831.96</ele></rtept><rtept lat="32.736946" lon="-16.845755"><ele>831.12</ele></rtept><rtept lat="32.737072" lon="-16.845642"><ele>830.3</ele></rtept><rtept lat="32.737106" lon="-16.845545"><ele>829.8</ele></rtept><rtept lat="32.737125" lon="-16.845526"><ele>829.62</ele></rtept><rtept lat="32.737213" lon="-16.845552"><ele>828.79</ele></rtept><rtept lat="32.737328" lon="-16.84555"><ele>827.56</ele></rtept><rtept lat="32.73744" lon="-16.845407"><ele>826.14</ele></rtept><rtept lat="32.73749" lon="-16.845285"><ele>825.59</ele></rtept><rtept lat="32.737514" lon="-16.845163"><ele>825.44</ele></rtept><rtept lat="32.73771" lon="-16.845057"><ele>825.44</ele></rtept><rtept lat="32.737778" lon="-16.844969"><ele>825.69</ele></rtept><rtept lat="32.737797" lon="-16.844917"><ele>825.88</ele></rtept><rtept lat="32.737755" lon="-16.844755"><ele>826.6</ele></rtept><rtept lat="32.73772" lon="-16.844679"><ele>826.99</ele></rtept><rtept lat="32.73774" lon="-16.844622"><ele>827.28</ele></rtept><rtept lat="32.73771" lon="-16.844563"><ele>827.62</ele></rtept><rtept lat="32.73778" lon="-16.844353"><ele>828.84</ele></rtept><rtept lat="32.737785" lon="-16.84429"><ele>829.22</ele></rtept><rtept lat="32.737675" lon="-16.843996"><ele>831.12</ele></rtept><rtept lat="32.737568" lon="-16.84388"><ele>831.19</ele></rtept><rtept lat="32.737556" lon="-16.843779"><ele>831.02</ele></rtept><rtept lat="32.737617" lon="-16.84371"><ele>830.81</ele></rtept><rtept lat="32.737617" lon="-16.843409"><ele>829.9</ele></rtept><rtept lat="32.737648" lon="-16.84339"><ele>829.75</ele></rtept><rtept lat="32.73773" lon="-16.843407"><ele>829.44</ele></rtept><rtept lat="32.73781" lon="-16.843384"><ele>829.13</ele></rtept><rtept lat="32.737877" lon="-16.843325"><ele>828.77</ele></rtept><rtept lat="32.73809" lon="-16.84332"><ele>828.43</ele></rtept><rtept lat="32.73823" lon="-16.843243"><ele>828.53</ele></rtept><rtept lat="32.738255" lon="-16.843142"><ele>828.68</ele></rtept><rtept lat="32.73819" lon="-16.842894"><ele>829.7</ele></rtept><rtept lat="32.738194" lon="-16.842762"><ele>831.27</ele></rtept><rtept lat="32.73818" lon="-16.84268"><ele>832.68</ele></rtept><rtept lat="32.73812" lon="-16.842627"><ele>833.9</ele></rtept><rtept lat="32.7379" lon="-16.842628"><ele>836.8</ele></rtept><rtept lat="32.73784" lon="-16.842644"><ele>837.61</ele></rtept><rtept lat="32.737797" lon="-16.842632"><ele>838.22</ele></rtept><rtept lat="32.737476" lon="-16.842457"><ele>836.4</ele></rtept><rtept lat="32.737038" lon="-16.842382"><ele>830.61</ele></rtept><rtept lat="32.736893" lon="-16.842405"><ele>827.82</ele></rtept><rtept lat="32.736813" lon="-16.8424"><ele>825.82</ele></rtept><rtept lat="32.73664" lon="-16.842478"><ele>821.29</ele></rtept><rtept lat="32.736465" lon="-16.842476"><ele>817.91</ele></rtept><rtept lat="32.736385" lon="-16.842514"><ele>818.14</ele></rtept><rtept lat="32.736355" lon="-16.84256"><ele>818.66</ele></rtept><rtept lat="32.73634" lon="-16.842669"><ele>820.4</ele></rtept><rtept lat="32.736298" lon="-16.842789"><ele>823.55</ele></rtept><rtept lat="32.73624" lon="-16.843231"><ele>827.81</ele></rtept><rtept lat="32.736244" lon="-16.843346"><ele>827.99</ele></rtept><rtept lat="32.736225" lon="-16.843428"><ele>828.03</ele></rtept><rtept lat="32.736202" lon="-16.843456"><ele>828.01</ele></rtept><rtept lat="32.736095" lon="-16.843452"><ele>827.84</ele></rtept><rtept lat="32.736073" lon="-16.843468"><ele>827.77</ele></rtept><rtept lat="32.73604" lon="-16.84343"><ele>827.62</ele></rtept><rtept lat="32.736004" lon="-16.84339"><ele>827.42</ele></rtept><rtept lat="32.735992" lon="-16.84332"><ele>827.13</ele></rtept><rtept lat="32.735996" lon="-16.84324"><ele>826.72</ele></rtept><rtept lat="32.73594" lon="-16.843145"><ele>826.02</ele></rtept><rtept lat="32.7357" lon="-16.84291"><ele>822.88</ele></rtept><rtept lat="32.735455" lon="-16.842892"><ele>824.0</ele></rtept><rtept lat="32.735317" lon="-16.842918"><ele>825.74</ele></rtept><rtept lat="32.735268" lon="-16.84291"><ele>826.61</ele></rtept><rtept lat="32.7352" lon="-16.842987"><ele>828.27</ele></rtept><rtept lat="32.7351" lon="-16.843037"><ele>830.04</ele></rtept><rtept lat="32.73505" lon="-16.843044"><ele>830.78</ele></rtept><rtept lat="32.73499" lon="-16.843025"><ele>831.65</ele></rtept><rtept lat="32.734905" lon="-16.84295"><ele>832.93</ele></rtept><rtept lat="32.734875" lon="-16.842886"><ele>833.66</ele></rtept><rtept lat="32.734795" lon="-16.84282"><ele>834.7</ele></rtept><rtept lat="32.734734" lon="-16.842863"><ele>835.4</ele></rtept><rtept lat="32.73466" lon="-16.842854"><ele>836.18</ele></rtept><rtept lat="32.734634" lon="-16.842678"><ele>837.08</ele></rtept><rtept lat="32.734596" lon="-16.842598"><ele>836.99</ele></rtept><rtept lat="32.73451" lon="-16.842503"><ele>836.18</ele></rtept><rtept lat="32.734295" lon="-16.842447"><ele>833.07</ele></rtept><rtept lat="32.734207" lon="-16.84246"><ele>831.36</ele></rtept><rtept lat="32.73412" lon="-16.842419"><ele>829.37</ele></rtept><rtept lat="32.734024" lon="-16.842253"><ele>826.7</ele></rtept><rtept lat="32.734074" lon="-16.842125"><ele>825.38</ele></rtept><rtept lat="32.734108" lon="-16.84195"><ele>823.93</ele></rtept><rtept lat="32.734097" lon="-16.841873"><ele>823.25</ele></rtept><rtept lat="32.73406" lon="-16.841745"><ele>821.78</ele></rtept><rtept lat="32.73392" lon="-16.841557"><ele>818.88</ele></rtept><rtept lat="32.733772" lon="-16.841478"><ele>817.82</ele></rtept><rtept lat="32.733704" lon="-16.841278"><ele>818.29</ele></rtept><rtept lat="32.73371" lon="-16.84121"><ele>818.61</ele></rtept><rtept lat="32.733707" lon="-16.841143"><ele>818.94</ele></rtept><rtept lat="32.73368" lon="-16.841078"><ele>819.25</ele></rtept><rtept lat="32.73371" lon="-16.841028"><ele>819.46</ele></rtept><rtept lat="32.73371" lon="-16.840948"><ele>819.71</ele></rtept><rtept lat="32.733627" lon="-16.84084"><ele>819.96</ele></rtept><rtept lat="32.733562" lon="-16.840801"><ele>819.91</ele></rtept><rtept lat="32.733418" lon="-16.84063"><ele>820.16</ele></rtept><rtept lat="32.733364" lon="-16.84054"><ele>821.07</ele></rtept><rtept lat="32.73334" lon="-16.840445"><ele>821.33</ele></rtept><rtept lat="32.733257" lon="-16.840378"><ele>820.99</ele></rtept><rtept lat="32.7331" lon="-16.840372"><ele>820.28</ele></rtept><rtept lat="32.73309" lon="-16.840137"><ele>818.98</ele></rtept><rtept lat="32.733154" lon="-16.840008"><ele>817.53</ele></rtept><rtept lat="32.73306" lon="-16.83938"><ele>811.69</ele></rtept><rtept lat="32.732876" lon="-16.838724"><ele>806.51</ele></rtept><rtept lat="32.732773" lon="-16.838451"><ele>802.82</ele></rtept><rtept lat="32.73258" lon="-16.83809"><ele>796.1</ele></rtept><rtept lat="32.73245" lon="-16.837389"><ele>786.59</ele></rtept><rtept lat="32.73242" lon="-16.836872"><ele>781.47</ele></rtept><rtept lat="32.732365" lon="-16.836668"><ele>779.26</ele></rtept><rtept lat="32.73225" lon="-16.836407"><ele>776.09</ele></rtept><rtept lat="32.7321" lon="-16.8357"><ele>766.16</ele></rtept><rtept lat="32.73205" lon="-16.835535"><ele>762.98</ele></rtept><rtept lat="32.732037" lon="-16.835463"><ele>761.83</ele></rtept><rtept lat="32.731724" lon="-16.835075"><ele>764.5</ele></rtept><rtept lat="32.73151" lon="-16.834679"><ele>765.57</ele></rtept><rtept lat="32.731388" lon="-16.834394"><ele>765.29</ele></rtept><rtept lat="32.73127" lon="-16.834196"><ele>764.44</ele></rtept><rtept lat="32.73082" lon="-16.833597"><ele>760.71</ele></rtept><rtept lat="32.730526" lon="-16.833374"><ele>759.18</ele></rtept><rtept lat="32.73031" lon="-16.83327"><ele>758.97</ele></rtept><rtept lat="32.73001" lon="-16.83296"><ele>758.4</ele></rtept><rtept lat="32.729767" lon="-16.832687"><ele>755.93</ele></rtept><rtept lat="32.72875" lon="-16.831724"><ele>745.38</ele></rtept><rtept lat="32.728363" lon="-16.83094"><ele>736.03</ele></rtept><rtept lat="32.728085" lon="-16.830412"><ele>729.52</ele></rtept><rtept lat="32.727898" lon="-16.830084"><ele>725.11</ele></rtept><rtept lat="32.727753" lon="-16.829725"><ele>720.46</ele></rtept><rtept lat="32.72772" lon="-16.829481"><ele>717.49</ele></rtept><rtept lat="32.72773" lon="-16.829205"><ele>712.72</ele></rtept><rtept lat="32.727684" lon="-16.828836"><ele>707.77</ele></rtept><rtept lat="32.727596" lon="-16.828629"><ele>706.5</ele></rtept><rtept lat="32.727444" lon="-16.828379"><ele>704.86</ele></rtept><rtept lat="32.727196" lon="-16.828009"><ele>701.94</ele></rtept><rtept lat="32.726986" lon="-16.827738"><ele>699.65</ele></rtept><rtept lat="32.726856" lon="-16.827509"><ele>696.51</ele></rtept><rtept lat="32.726772" lon="-16.827423"><ele>695.11</ele></rtept><rtept lat="32.726402" lon="-16.827412"><ele>694.93</ele></rtept><rtept lat="32.726303" lon="-16.827398"><ele>693.97</ele></rtept><rtept lat="32.726307" lon="-16.8273"><ele>694.93</ele></rtept><rtept lat="32.726288" lon="-16.827232"><ele>695.03</ele></rtept><rtept lat="32.726254" lon="-16.827175"><ele>695.21</ele></rtept><rtept lat="32.726173" lon="-16.827112"><ele>694.42</ele></rtept><rtept lat="32.72613" lon="-16.827023"><ele>694.58</ele></rtept><rtept lat="32.726093" lon="-16.8269"><ele>693.74</ele></rtept><rtept lat="32.726048" lon="-16.826729"><ele>692.39</ele></rtept><rtept lat="32.726006" lon="-16.82663"><ele>691.3</ele></rtept><rtept lat="32.7258" lon="-16.826263"><ele>687.56</ele></rtept><rtept lat="32.7257" lon="-16.826286"><ele>684.45</ele></rtept><rtept lat="32.72566" lon="-16.82627"><ele>684.13</ele></rtept><rtept lat="32.725613" lon="-16.826204"><ele>684.71</ele></rtept><rtept lat="32.725586" lon="-16.8261"><ele>685.34</ele></rtept><rtept lat="32.725613" lon="-16.825989"><ele>687.16</ele></rtept><rtept lat="32.72563" lon="-16.825943"><ele>688.43</ele></rtept><rtept lat="32.72569" lon="-16.8259"><ele>690.36</ele></rtept><rtept lat="32.725597" lon="-16.8256"><ele>690.78</ele></rtept><rtept lat="32.725456" lon="-16.82503"><ele>686.68</ele></rtept><rtept lat="32.72527" lon="-16.824163"><ele>684.86</ele></rtept><rtept lat="32.725254" lon="-16.824024"><ele>684.92</ele></rtept><rtept lat="32.72526" lon="-16.823807"><ele>685.22</ele></rtept><rtept lat="32.725376" lon="-16.823294"><ele>685.85</ele></rtept><rtept lat="32.725433" lon="-16.822897"><ele>685.86</ele></rtept><rtept lat="32.72541" lon="-16.822437"><ele>685.61</ele></rtept><rtept lat="32.72533" lon="-16.821716"><ele>684.96</ele></rtept><rtept lat="32.72528" lon="-16.82146"><ele>684.92</ele></rtept><rtept lat="32.72495" lon="-16.820646"><ele>681.0</ele></rtept><rtept lat="32.724613" lon="-16.820065"><ele>678.54</ele></rtept><rtept lat="32.72428" lon="-16.819447"><ele>677.99</ele></rtept><rtept lat="32.72414" lon="-16.818705"><ele>681.0</ele></rtept><rtept lat="32.72403" lon="-16.81806"><ele>678.5</ele></rtept><rtept lat="32.724003" lon="-16.817959"><ele>678.32</ele></rtept><rtept lat="32.72393" lon="-16.817745"><ele>677.82</ele></rtept><rtept lat="32.72389" lon="-16.81767"><ele>677.68</ele></rtept><rtept lat="32.723797" lon="-16.817781"><ele>677.16</ele></rtept><rtept lat="32.723682" lon="-16.8177"><ele>676.68</ele></rtept><rtept lat="32.723583" lon="-16.817692"><ele>676.07</ele></rtept><rtept lat="32.723442" lon="-16.817823"><ele>674.77</ele></rtept></rte></gpx>