<?xml version="1.0" encoding="UTF-8" standalone="no"?><gpx xmlns="http://www.topografix.com/GPX/1/1" xmlns:xsi="http://www.w3.org/2001/XMLSchema-instance" creator="Sports Tracker" version="1.1" xsi:schemaLocation="http://www.topografix.com/GPX/1/1 http://www.topografix.com/GPX/1/1/gpx.xsd"><metadata><name>J4 variante MIUT 2026</name><author><name>nicolaslenivet</name></author></metadata><wpt lat="32.723633" lon="-16.817696"><name>Begin</name><desc>Auto-generated</desc><type>Begin</type></wpt><wpt lat="32.72389" lon="-16.81767"><type>Left_turn</type></wpt><wpt lat="32.726173" lon="-16.827112"><type>Roundabout_exit_1_turn</type></wpt><wpt lat="32.726772" lon="-16.827423"><name>Gauche à l’emb.</name><type>Left_at_fork_turn</type></wpt><wpt lat="32.732037" lon="-16.835463"><type>Slight_left_turn</type></wpt><wpt lat="32.73205" lon="-16.835535"><name>Droite à l’emb.</name><type>Right_at_fork_turn</type></wpt><wpt lat="32.7331" lon="-16.840372"><type>Right_turn</type></wpt><wpt lat="32.739475" lon="-16.847"><name>Droite à l’emb.</name><type>Right_at_fork_turn</type></wpt><wpt lat="32.739643" lon="-16.846601"><name>Waypoint 1</name><desc>Auto-generated</desc><type>Waypoint</type></wpt><wpt lat="32.75572" lon="-16.773653"><name>Waypoint 2</name><desc>Auto-generated</desc><type>Waypoint</type></wpt><wpt lat="32.75535" lon="-16.772358"><name>Gauche à l’emb.</name><type>Left_at_fork_turn</type></wpt><wpt lat="32.754612" lon="-16.764254"><type>Sharp_left_turn</type></wpt><wpt lat="32.75468" lon="-16.764236"><type>Right_turn</type></wpt><wpt lat="32.754448" lon="-16.751661"><name>Waypoint 3</name><desc>Auto-generated</desc><type>Waypoint</type></wpt><wpt lat="32.75399" lon="-16.74779"><name>Waypoint 4</name><desc>Auto-generated</desc><type>Waypoint</type></wpt><wpt lat="32.753983" lon="-16.746395"><type>Right_turn</type></wpt><wpt lat="32.75365" lon="-16.74667"><type>Sharp_left_turn</type></wpt><wpt lat="32.75376" lon="-16.745617"><type>Slight_right_turn</type></wpt><wpt lat="32.752415" lon="-16.742065"><name>Waypoint 5</name><desc>Auto-generated</desc><type>Waypoint</type></wpt><wpt lat="32.748844" lon="-16.741014"><name>Gauche à l’emb.</name><type>Left_at_fork_turn</type></wpt><wpt lat="32.748554" lon="-16.740894"><name>Waypoint 6</name><desc>Auto-generated</desc><type>Waypoint</type></wpt><wpt lat="32.74775" lon="-16.737389"><name>Waypoint 7</name><desc>Auto-generated</desc><type>Waypoint</type></wpt><wpt lat="32.747017" lon="-16.728254"><name>Waypoint 8</name><desc>Auto-generated</desc><type>Waypoint</type></wpt><wpt lat="32.745556" lon="-16.726982"><name>Droite à l’emb.</name><type>Right_at_fork_turn</type></wpt><wpt lat="32.746593" lon="-16.722849"><name>Waypoint 9</name><desc>Auto-generated</desc><type>Waypoint</type></wpt><wpt lat="32.74721" lon="-16.715122"><name>Waypoint 10</name><desc>Auto-generated</desc><type>Waypoint</type></wpt><wpt lat="32.751255" lon="-16.70857"><name>Waypoint 11</name><desc>Auto-generated</desc><type>Waypoint</type></wpt><wpt lat="32.749775" lon="-16.70722"><type>Left_turn</type></wpt><wpt lat="32.747265" lon="-16.706022"><name>Waypoint 12</name><desc>Auto-generated</desc><type>Waypoint</type></wpt><wpt lat="32.74709" lon="-16.705797"><name>Waypoint 13</name><desc>Auto-generated</desc><type>Waypoint</type></wpt><wpt lat="32.748707" lon="-16.703411"><name>Waypoint 14</name><desc>Auto-generated</desc><type>Waypoint</type></wpt><wpt lat="32.74791" lon="-16.700392"><name>Waypoint 15</name><desc>Auto-generated</desc><type>Waypoint</type></wpt><wpt lat="32.74704" lon="-16.698214"><name>Waypoint 16</name><desc>Auto-generated</desc><type>Waypoint</type></wpt><wpt lat="32.74873" lon="-16.697474"><type>Right_turn</type></wpt><wpt lat="32.75044" lon="-16.694044"><name>Droite à l’emb.</name><type>Right_at_fork_turn</type></wpt><wpt lat="32.748627" lon="-16.693367"><type>Left_turn</type></wpt><wpt lat="32.746315" lon="-16.687582"><type>Right_turn</type></wpt><wpt lat="32.744816" lon="-16.686144"><type>Left_turn</type></wpt><wpt lat="32.74376" lon="-16.6832"><name>Waypoint 17</name><desc>Auto-generated</desc><type>Waypoint</type></wpt><wpt lat="32.739174" lon="-16.680506"><name>Waypoint 18</name><desc>Auto-generated</desc><type>Waypoint</type></wpt><wpt lat="32.74362" lon="-16.686518"><name>Waypoint 19</name><desc>Auto-generated</desc><type>Waypoint</type></wpt><wpt lat="32.744816" lon="-16.686144"><type>Left_turn</type></wpt><wpt lat="32.746315" lon="-16.687582"><type>Left_turn</type></wpt><wpt lat="32.748627" lon="-16.693367"><type>Right_turn</type></wpt><wpt lat="32.75044" lon="-16.694044"><type>Slight_left_turn</type></wpt><wpt lat="32.74873" lon="-16.697474"><type>Left_turn</type></wpt><wpt lat="32.746952" lon="-16.698042"><name>Droite à l’emb.</name><type>Right_at_fork_turn</type></wpt><wpt lat="32.745785" lon="-16.700014"><name>Waypoint 20</name><desc>Auto-generated</desc><type>Waypoint</type></wpt><wpt lat="32.743263" lon="-16.701036"><type>Roundabout_exit_1_turn</type></wpt><wpt lat="32.743893" lon="-16.71055"><type>Right_turn</type></wpt><wpt lat="32.744053" lon="-16.710611"><type>Right_turn</type></wpt><wpt lat="32.744102" lon="-16.71042"><name>Waypoint 21</name><desc>Auto-generated</desc><type>Waypoint</type></wpt><wpt lat="32.744053" lon="-16.710611"><type>Left_turn</type></wpt><wpt lat="32.743893" lon="-16.71055"><type>Right_turn</type></wpt><wpt lat="32.746864" lon="-16.714539"><type>Roundabout_exit_2_turn</type></wpt><wpt lat="32.744843" lon="-16.715845"><type>Sharp_left_turn</type></wpt><wpt lat="32.74314" lon="-16.71523"><type>Right_turn</type></wpt><wpt lat="32.74299" lon="-16.71545"><type>Sharp_right_turn</type></wpt><wpt lat="32.74302" lon="-16.715528"><type>Right_turn</type></wpt><wpt lat="32.743134" lon="-16.71544"><type>Left_turn</type></wpt><wpt lat="32.743122" lon="-16.71553"><name>Waypoint 22</name><desc>Auto-generated</desc><type>Waypoint</type></wpt><wpt lat="32.743134" lon="-16.71544"><type>Left_turn</type></wpt><wpt lat="32.743958" lon="-16.716038"><type>Left_turn</type></wpt><wpt lat="32.743855" lon="-16.716236"><type>Left_turn</type></wpt><wpt lat="32.74416" lon="-16.718096"><type>Slight_left_turn</type></wpt><wpt lat="32.743984" lon="-16.720425"><name>Waypoint 23</name><desc>Auto-generated</desc><type>Waypoint</type></wpt><wpt lat="32.74359" lon="-16.731785"><type>Right_turn</type></wpt><wpt lat="32.742973" lon="-16.732172"><type>Right_turn</type></wpt><wpt lat="32.74221" lon="-16.735779"><name>Gauche à l’emb.</name><type>Left_at_fork_turn</type></wpt><wpt lat="32.74217" lon="-16.736265"><type>Roundabout_exit_1_turn</type></wpt><wpt lat="32.741913" lon="-16.73683"><type>Roundabout_exit_1_turn</type></wpt><wpt lat="32.741962" lon="-16.73687"><type>Sharp_left_turn</type></wpt><wpt lat="32.741943" lon="-16.737307"><type>Left_turn</type></wpt><wpt lat="32.741894" lon="-16.73732"><type>Right_turn</type></wpt><wpt lat="32.741917" lon="-16.737486"><type>Sharp_left_turn</type></wpt><wpt lat="32.741165" lon="-16.737495"><type>Right_turn</type></wpt><wpt lat="32.740093" lon="-16.738743"><type>Left_turn</type></wpt><wpt lat="32.738216" lon="-16.73778"><name>End</name><desc>Auto-generated</desc><type>End</type></wpt><rte><rtept lat="32.723633" lon="-16.817696"><ele>676.38</ele></rtept><rtept lat="32.723682" lon="-16.8177"><ele>676.68</ele></rtept><rtept lat="32.723797" lon="-16.817781"><ele>677.16</ele></rtept><rtept lat="32.72389" lon="-16.81767"><ele>677.68</ele></rtept><rtept lat="32.72393" lon="-16.817745"><ele>677.82</ele></rtept><rtept lat="32.724003" lon="-16.817959"><ele>678.32</ele></rtept><rtept lat="32.72403" lon="-16.81806"><ele>678.5</ele></rtept><rtept lat="32.72414" lon="-16.818705"><ele>681.0</ele></rtept><rtept lat="32.72428" lon="-16.819447"><ele>677.99</ele></rtept><rtept lat="32.724613" lon="-16.820065"><ele>678.54</ele></rtept><rtept lat="32.72495" lon="-16.820646"><ele>681.0</ele></rtept><rtept lat="32.72528" lon="-16.82146"><ele>684.92</ele></rtept><rtept lat="32.72533" lon="-16.821716"><ele>684.96</ele></rtept><rtept lat="32.72541" lon="-16.822437"><ele>685.61</ele></rtept><rtept lat="32.725433" lon="-16.822897"><ele>685.86</ele></rtept><rtept lat="32.725376" lon="-16.823294"><ele>685.85</ele></rtept><rtept lat="32.72526" lon="-16.823807"><ele>685.22</ele></rtept><rtept lat="32.725254" lon="-16.824024"><ele>684.92</ele></rtept><rtept lat="32.72527" lon="-16.824163"><ele>684.86</ele></rtept><rtept lat="32.725456" lon="-16.82503"><ele>686.68</ele></rtept><rtept lat="32.725597" lon="-16.8256"><ele>690.78</ele></rtept><rtept lat="32.7258" lon="-16.826263"><ele>687.56</ele></rtept><rtept lat="32.726006" lon="-16.82663"><ele>691.3</ele></rtept><rtept lat="32.726048" lon="-16.826729"><ele>692.39</ele></rtept><rtept lat="32.726093" lon="-16.8269"><ele>693.74</ele></rtept><rtept lat="32.72613" lon="-16.827023"><ele>694.58</ele></rtept><rtept lat="32.726173" lon="-16.827112"><ele>694.42</ele></rtept><rtept lat="32.726254" lon="-16.827175"><ele>695.21</ele></rtept><rtept lat="32.726288" lon="-16.827232"><ele>695.03</ele></rtept><rtept lat="32.726307" lon="-16.8273"><ele>694.93</ele></rtept><rtept lat="32.726303" lon="-16.827398"><ele>693.97</ele></rtept><rtept lat="32.726402" lon="-16.827412"><ele>694.93</ele></rtept><rtept lat="32.726772" lon="-16.827423"><ele>695.11</ele></rtept><rtept lat="32.726856" lon="-16.827509"><ele>696.51</ele></rtept><rtept lat="32.726986" lon="-16.827738"><ele>699.65</ele></rtept><rtept lat="32.727196" lon="-16.828009"><ele>701.94</ele></rtept><rtept lat="32.727444" lon="-16.828379"><ele>704.86</ele></rtept><rtept lat="32.727596" lon="-16.828629"><ele>706.5</ele></rtept><rtept lat="32.727684" lon="-16.828836"><ele>707.77</ele></rtept><rtept lat="32.72773" lon="-16.829205"><ele>712.72</ele></rtept><rtept lat="32.72772" lon="-16.829481"><ele>717.49</ele></rtept><rtept lat="32.727753" lon="-16.829725"><ele>720.46</ele></rtept><rtept lat="32.727898" lon="-16.830084"><ele>725.11</ele></rtept><rtept lat="32.728085" lon="-16.830412"><ele>729.52</ele></rtept><rtept lat="32.728363" lon="-16.83094"><ele>736.03</ele></rtept><rtept lat="32.72875" lon="-16.831724"><ele>745.38</ele></rtept><rtept lat="32.729767" lon="-16.832687"><ele>755.93</ele></rtept><rtept lat="32.73001" lon="-16.83296"><ele>758.4</ele></rtept><rtept lat="32.73031" lon="-16.83327"><ele>758.97</ele></rtept><rtept lat="32.730526" lon="-16.833374"><ele>759.18</ele></rtept><rtept lat="32.73082" lon="-16.833597"><ele>760.71</ele></rtept><rtept lat="32.73127" lon="-16.834196"><ele>764.44</ele></rtept><rtept lat="32.731388" lon="-16.834394"><ele>765.29</ele></rtept><rtept lat="32.73151" lon="-16.834679"><ele>765.57</ele></rtept><rtept lat="32.731724" lon="-16.835075"><ele>764.5</ele></rtept><rtept lat="32.732037" lon="-16.835463"><ele>761.83</ele></rtept><rtept lat="32.73205" lon="-16.835535"><ele>762.98</ele></rtept><rtept lat="32.7321" lon="-16.8357"><ele>766.16</ele></rtept><rtept lat="32.73225" lon="-16.836407"><ele>776.09</ele></rtept><rtept lat="32.732365" lon="-16.836668"><ele>779.26</ele></rtept><rtept lat="32.73242" lon="-16.836872"><ele>781.47</ele></rtept><rtept lat="32.73245" lon="-16.837389"><ele>786.59</ele></rtept><rtept lat="32.73258" lon="-16.83809"><ele>796.1</ele></rtept><rtept lat="32.732773" lon="-16.838451"><ele>802.82</ele></rtept><rtept lat="32.732876" lon="-16.838724"><ele>806.51</ele></rtept><rtept lat="32.73306" lon="-16.83938"><ele>811.69</ele></rtept><rtept lat="32.733154" lon="-16.840008"><ele>817.53</ele></rtept><rtept lat="32.73309" lon="-16.840137"><ele>818.98</ele></rtept><rtept lat="32.7331" lon="-16.840372"><ele>820.28</ele></rtept><rtept lat="32.733257" lon="-16.840378"><ele>820.99</ele></rtept><rtept lat="32.73334" lon="-16.840445"><ele>821.33</ele></rtept><rtept lat="32.733364" lon="-16.84054"><ele>821.07</ele></rtept><rtept lat="32.733418" lon="-16.84063"><ele>820.16</ele></rtept><rtept lat="32.733562" lon="-16.840801"><ele>819.91</ele></rtept><rtept lat="32.733627" lon="-16.84084"><ele>819.96</ele></rtept><rtept lat="32.73371" lon="-16.840948"><ele>819.71</ele></rtept><rtept lat="32.73371" lon="-16.841028"><ele>819.46</ele></rtept><rtept lat="32.73368" lon="-16.841078"><ele>819.25</ele></rtept><rtept lat="32.733707" lon="-16.841143"><ele>818.94</ele></rtept><rtept lat="32.73371" lon="-16.84121"><ele>818.61</ele></rtept><rtept lat="32.733704" lon="-16.841278"><ele>818.29</ele></rtept><rtept lat="32.733772" lon="-16.841478"><ele>817.82</ele></rtept><rtept lat="32.73392" lon="-16.841557"><ele>818.88</ele></rtept><rtept lat="32.73406" lon="-16.841745"><ele>821.78</ele></rtept><rtept lat="32.734097" lon="-16.841873"><ele>823.25</ele></rtept><rtept lat="32.734108" lon="-16.84195"><ele>823.93</ele></rtept><rtept lat="32.734074" lon="-16.842125"><ele>825.38</ele></rtept><rtept lat="32.734024" lon="-16.842253"><ele>826.7</ele></rtept><rtept lat="32.73412" lon="-16.842419"><ele>829.37</ele></rtept><rtept lat="32.734207" lon="-16.84246"><ele>831.36</ele></rtept><rtept lat="32.734295" lon="-16.842447"><ele>833.07</ele></rtept><rtept lat="32.73451" lon="-16.842503"><ele>836.18</ele></rtept><rtept lat="32.734596" lon="-16.842598"><ele>836.99</ele></rtept><rtept lat="32.734634" lon="-16.842678"><ele>837.08</ele></rtept><rtept lat="32.73466" lon="-16.842854"><ele>836.18</ele></rtept><rtept lat="32.734734" lon="-16.842863"><ele>835.4</ele></rtept><rtept lat="32.734795" lon="-16.84282"><ele>834.7</ele></rtept><rtept lat="32.734875" lon="-16.842886"><ele>833.66</ele></rtept><rtept lat="32.734905" lon="-16.84295"><ele>832.93</ele></rtept><rtept lat="32.73499" lon="-16.843025"><ele>831.65</ele></rtept><rtept lat="32.73505" lon="-16.843044"><ele>830.78</ele></rtept><rtept lat="32.7351" lon="-16.843037"><ele>830.04</ele></rtept><rtept lat="32.7352" lon="-16.842987"><ele>828.27</ele></rtept><rtept lat="32.735268" lon="-16.84291"><ele>826.61</ele></rtept><rtept lat="32.735317" lon="-16.842918"><ele>825.74</ele></rtept><rtept lat="32.735455" lon="-16.842892"><ele>824.0</ele></rtept><rtept lat="32.7357" lon="-16.84291"><ele>822.88</ele></rtept><rtept lat="32.73594" lon="-16.843145"><ele>826.02</ele></rtept><rtept lat="32.735996" lon="-16.84324"><ele>826.72</ele></rtept><rtept lat="32.735992" lon="-16.84332"><ele>827.13</ele></rtept><rtept lat="32.736004" lon="-16.84339"><ele>827.42</ele></rtept><rtept lat="32.73604" lon="-16.84343"><ele>827.62</ele></rtept><rtept lat="32.736073" lon="-16.843468"><ele>827.77</ele></rtept><rtept lat="32.736095" lon="-16.843452"><ele>827.84</ele></rtept><rtept lat="32.736202" lon="-16.843456"><ele>828.01</ele></rtept><rtept lat="32.736225" lon="-16.843428"><ele>828.03</ele></rtept><rtept lat="32.736244" lon="-16.843346"><ele>827.99</ele></rtept><rtept lat="32.73624" lon="-16.843231"><ele>827.81</ele></rtept><rtept lat="32.736298" lon="-16.842789"><ele>823.55</ele></rtept><rtept lat="32.73634" lon="-16.842669"><ele>820.4</ele></rtept><rtept lat="32.736355" lon="-16.84256"><ele>818.66</ele></rtept><rtept lat="32.736385" lon="-16.842514"><ele>818.14</ele></rtept><rtept lat="32.736465" lon="-16.842476"><ele>817.91</ele></rtept><rtept lat="32.736713" lon="-16.842478"><ele>823.56</ele></rtept><rtept lat="32.73699" lon="-16.842436"><ele>833.33</ele></rtept><rtept lat="32.737057" lon="-16.842457"><ele>834.74</ele></rtept><rtept lat="32.737095" lon="-16.842487"><ele>835.45</ele></rtept><rtept lat="32.737244" lon="-16.842512"><ele>836.66</ele></rtept><rtept lat="32.737514" lon="-16.84259"><ele>840.21</ele></rtept><rtept lat="32.737682" lon="-16.842607"><ele>839.48</ele></rtept><rtept lat="32.73784" lon="-16.842644"><ele>837.61</ele></rtept><rtept lat="32.7379" lon="-16.842628"><ele>836.8</ele></rtept><rtept lat="32.73812" lon="-16.842627"><ele>833.9</ele></rtept><rtept lat="32.73818" lon="-16.84268"><ele>832.68</ele></rtept><rtept lat="32.738194" lon="-16.842762"><ele>831.27</ele></rtept><rtept lat="32.73819" lon="-16.842894"><ele>829.7</ele></rtept><rtept lat="32.738255" lon="-16.843142"><ele>828.68</ele></rtept><rtept lat="32.73823" lon="-16.843243"><ele>828.53</ele></rtept><rtept lat="32.73809" lon="-16.84332"><ele>828.43</ele></rtept><rtept lat="32.737877" lon="-16.843325"><ele>828.77</ele></rtept><rtept lat="32.73781" lon="-16.843384"><ele>829.13</ele></rtept><rtept lat="32.73773" lon="-16.843407"><ele>829.44</ele></rtept><rtept lat="32.737648" lon="-16.84339"><ele>829.75</ele></rtept><rtept lat="32.737617" lon="-16.843409"><ele>829.9</ele></rtept><rtept lat="32.737617" lon="-16.84371"><ele>830.81</ele></rtept><rtept lat="32.737556" lon="-16.843779"><ele>831.02</ele></rtept><rtept lat="32.737568" lon="-16.84388"><ele>831.19</ele></rtept><rtept lat="32.737675" lon="-16.843996"><ele>831.12</ele></rtept><rtept lat="32.737785" lon="-16.84429"><ele>829.22</ele></rtept><rtept lat="32.73778" lon="-16.844353"><ele>828.84</ele></rtept><rtept lat="32.73771" lon="-16.844563"><ele>827.62</ele></rtept><rtept lat="32.73774" lon="-16.844622"><ele>827.28</ele></rtept><rtept lat="32.73772" lon="-16.844679"><ele>826.99</ele></rtept><rtept lat="32.737755" lon="-16.844755"><ele>826.6</ele></rtept><rtept lat="32.737797" lon="-16.844917"><ele>825.88</ele></rtept><rtept lat="32.737778" lon="-16.844969"><ele>825.69</ele></rtept><rtept lat="32.73771" lon="-16.845057"><ele>825.44</ele></rtept><rtept lat="32.737514" lon="-16.845163"><ele>825.44</ele></rtept><rtept lat="32.73749" lon="-16.845285"><ele>825.59</ele></rtept><rtept lat="32.73744" lon="-16.845407"><ele>826.14</ele></rtept><rtept lat="32.737328" lon="-16.84555"><ele>827.56</ele></rtept><rtept lat="32.737213" lon="-16.845552"><ele>828.79</ele></rtept><rtept lat="32.737125" lon="-16.845526"><ele>829.62</ele></rtept><rtept lat="32.737106" lon="-16.845545"><ele>829.8</ele></rtept><rtept lat="32.737072" lon="-16.845642"><ele>830.3</ele></rtept><rtept lat="32.736946" lon="-16.845755"><ele>831.12</ele></rtept><rtept lat="32.736855" lon="-16.84587"><ele>831.96</ele></rtept><rtept lat="32.736774" lon="-16.845913"><ele>832.57</ele></rtept><rtept lat="32.73672" lon="-16.84598"><ele>833.09</ele></rtept><rtept lat="32.736744" lon="-16.846088"><ele>833.51</ele></rtept><rtept lat="32.736984" lon="-16.846148"><ele>833.88</ele></rtept><rtept lat="32.737106" lon="-16.84624"><ele>834.0</ele></rtept><rtept lat="32.73715" lon="-16.846354"><ele>834.09</ele></rtept><rtept lat="32.73721" lon="-16.846426"><ele>833.96</ele></rtept><rtept lat="32.737267" lon="-16.846441"><ele>833.8</ele></rtept><rtept lat="32.73739" lon="-16.846506"><ele>833.38</ele></rtept><rtept lat="32.73742" lon="-16.846542"><ele>833.29</ele></rtept><rtept lat="32.737427" lon="-16.846577"><ele>833.24</ele></rtept><rtept lat="32.73718" lon="-16.846716"><ele>833.25</ele></rtept><rtept lat="32.737206" lon="-16.846773"><ele>833.24</ele></rtept><rtept lat="32.737232" lon="-16.846867"><ele>833.21</ele></rtept><rtept lat="32.737335" lon="-16.846954"><ele>833.21</ele></rtept><rtept lat="32.737377" lon="-16.847075"><ele>833.23</ele></rtept><rtept lat="32.737385" lon="-16.847242"><ele>832.07</ele></rtept><rtept lat="32.737404" lon="-16.847345"><ele>831.97</ele></rtept><rtept lat="32.737396" lon="-16.847422"><ele>832.15</ele></rtept><rtept lat="32.73735" lon="-16.847485"><ele>832.55</ele></rtept><rtept lat="32.737263" lon="-16.847506"><ele>834.01</ele></rtept><rtept lat="32.737232" lon="-16.847538"><ele>834.69</ele></rtept><rtept lat="32.7372" lon="-16.847572"><ele>835.28</ele></rtept><rtept lat="32.73714" lon="-16.84771"><ele>836.46</ele></rtept><rtept lat="32.737106" lon="-16.848082"><ele>840.14</ele></rtept><rtept lat="32.737144" lon="-16.848206"><ele>840.27</ele></rtept><rtept lat="32.737244" lon="-16.848356"><ele>841.01</ele></rtept><rtept lat="32.737305" lon="-16.848366"><ele>841.41</ele></rtept><rtept lat="32.73734" lon="-16.84822"><ele>841.88</ele></rtept><rtept lat="32.737354" lon="-16.848179"><ele>841.94</ele></rtept><rtept lat="32.7374" lon="-16.848143"><ele>841.96</ele></rtept><rtept lat="32.737457" lon="-16.848124"><ele>841.89</ele></rtept><rtept lat="32.73761" lon="-16.848192"><ele>841.43</ele></rtept><rtept lat="32.737705" lon="-16.848162"><ele>841.2</ele></rtept><rtept lat="32.737797" lon="-16.848158"><ele>841.07</ele></rtept><rtept lat="32.737976" lon="-16.847876"><ele>842.27</ele></rtept><rtept lat="32.73805" lon="-16.847849"><ele>842.67</ele></rtept><rtept lat="32.73811" lon="-16.847893"><ele>842.89</ele></rtept><rtept lat="32.73814" lon="-16.847948"><ele>842.98</ele></rtept><rtept lat="32.738472" lon="-16.848108"><ele>844.03</ele></rtept><rtept lat="32.738518" lon="-16.848099"><ele>844.32</ele></rtept><rtept lat="32.73862" lon="-16.847876"><ele>846.02</ele></rtept><rtept lat="32.738884" lon="-16.847712"><ele>846.69</ele></rtept><rtept lat="32.73912" lon="-16.847464"><ele>845.07</ele></rtept><rtept lat="32.7392" lon="-16.847412"><ele>844.87</ele></rtept><rtept lat="32.73925" lon="-16.847271"><ele>843.82</ele></rtept><rtept lat="32.739292" lon="-16.847202"><ele>842.81</ele></rtept><rtept lat="32.739414" lon="-16.847036"><ele>839.04</ele></rtept><rtept lat="32.739475" lon="-16.847"><ele>837.5</ele></rtept><rtept lat="32.739643" lon="-16.846601"><ele>826.15</ele></rtept><rtept lat="32.739613" lon="-16.846582"><ele>836.8995</ele></rtept><rtept lat="32.73974" lon="-16.846388"><ele>831.6</ele></rtept><rtept lat="32.739803" lon="-16.846058"><ele>824.4</ele></rtept><rtept lat="32.73997" lon="-16.845598"><ele>818.0</ele></rtept><rtept lat="32.740124" lon="-16.845312"><ele>813.6</ele></rtept><rtept lat="32.740204" lon="-16.845207"><ele>811.4</ele></rtept><rtept lat="32.740517" lon="-16.844973"><ele>802.6</ele></rtept><rtept lat="32.740623" lon="-16.844854"><ele>799.8</ele></rtept><rtept lat="32.74108" lon="-16.844639"><ele>792.2</ele></rtept><rtept lat="32.741257" lon="-16.844467"><ele>789.8</ele></rtept><rtept lat="32.741554" lon="-16.843716"><ele>786.2</ele></rtept><rtept lat="32.741627" lon="-16.843386"><ele>785.8</ele></rtept><rtept lat="32.74183" lon="-16.843077"><ele>784.8</ele></rtept><rtept lat="32.742207" lon="-16.842667"><ele>783.4</ele></rtept><rtept lat="32.742325" lon="-16.842379"><ele>782.0</ele></rtept><rtept lat="32.74243" lon="-16.841982"><ele>780.2</ele></rtept><rtept lat="32.74262" lon="-16.841837"><ele>778.4</ele></rtept><rtept lat="32.743156" lon="-16.841738"><ele>772.2</ele></rtept><rtept lat="32.743393" lon="-16.841587"><ele>770.4</ele></rtept><rtept lat="32.743484" lon="-16.841473"><ele>769.6</ele></rtept><rtept lat="32.74359" lon="-16.841215"><ele>767.6</ele></rtept><rtept lat="32.743633" lon="-16.840923"><ele>765.4</ele></rtept><rtept lat="32.743645" lon="-16.84052"><ele>761.6</ele></rtept><rtept lat="32.74379" lon="-16.840008"><ele>756.6</ele></rtept><rtept lat="32.74377" lon="-16.83945"><ele>750.0</ele></rtept><rtept lat="32.743835" lon="-16.83938"><ele>748.6</ele></rtept><rtept lat="32.7443" lon="-16.83914"><ele>743.2</ele></rtept><rtept lat="32.744396" lon="-16.839024"><ele>742.6</ele></rtept><rtept lat="32.74446" lon="-16.838842"><ele>742.2</ele></rtept><rtept lat="32.74454" lon="-16.838432"><ele>742.2</ele></rtept><rtept lat="32.744713" lon="-16.837898"><ele>744.0</ele></rtept><rtept lat="32.744877" lon="-16.837542"><ele>743.6</ele></rtept><rtept lat="32.745113" lon="-16.837152"><ele>743.6</ele></rtept><rtept lat="32.745228" lon="-16.837015"><ele>744.4</ele></rtept><rtept lat="32.74557" lon="-16.836885"><ele>743.8</ele></rtept><rtept lat="32.74584" lon="-16.836882"><ele>742.0</ele></rtept><rtept lat="32.74604" lon="-16.83697"><ele>739.0</ele></rtept><rtept lat="32.746086" lon="-16.836933"><ele>738.2</ele></rtept><rtept lat="32.746117" lon="-16.83637"><ele>731.8</ele></rtept><rtept lat="32.746223" lon="-16.836113"><ele>729.8</ele></rtept><rtept lat="32.746113" lon="-16.835829"><ele>728.4</ele></rtept><rtept lat="32.746086" lon="-16.835617"><ele>727.4</ele></rtept><rtept lat="32.746006" lon="-16.835546"><ele>727.0</ele></rtept><rtept lat="32.74577" lon="-16.835531"><ele>726.2</ele></rtept><rtept lat="32.74552" lon="-16.835432"><ele>725.8</ele></rtept><rtept lat="32.74539" lon="-16.83529"><ele>725.4</ele></rtept><rtept lat="32.745323" lon="-16.834822"><ele>724.4</ele></rtept><rtept lat="32.745056" lon="-16.834534"><ele>723.6</ele></rtept><rtept lat="32.745007" lon="-16.834326"><ele>723.2</ele></rtept><rtept lat="32.744965" lon="-16.83401"><ele>722.2</ele></rtept><rtept lat="32.745014" lon="-16.833729"><ele>721.2</ele></rtept><rtept lat="32.74494" lon="-16.833103"><ele>718.8</ele></rtept><rtept lat="32.74504" lon="-16.83279"><ele>717.2</ele></rtept><rtept lat="32.74503" lon="-16.832724"><ele>716.8</ele></rtept><rtept lat="32.74497" lon="-16.83265"><ele>716.6</ele></rtept><rtept lat="32.744793" lon="-16.83259"><ele>716.2</ele></rtept><rtept lat="32.744617" lon="-16.83246"><ele>715.6</ele></rtept><rtept lat="32.7445" lon="-16.832418"><ele>715.2</ele></rtept><rtept lat="32.744396" lon="-16.832283"><ele>714.8</ele></rtept><rtept lat="32.74431" lon="-16.832054"><ele>714.0</ele></rtept><rtept lat="32.744465" lon="-16.831812"><ele>713.0</ele></rtept><rtept lat="32.74451" lon="-16.831537"><ele>711.6</ele></rtept><rtept lat="32.744484" lon="-16.831219"><ele>710.2</ele></rtept><rtept lat="32.74457" lon="-16.830929"><ele>708.4</ele></rtept><rtept lat="32.74474" lon="-16.8308"><ele>707.6</ele></rtept><rtept lat="32.744884" lon="-16.830786"><ele>706.6</ele></rtept><rtept lat="32.744953" lon="-16.830734"><ele>706.2</ele></rtept><rtept lat="32.74513" lon="-16.830282"><ele>705.0</ele></rtept><rtept lat="32.745308" lon="-16.83007"><ele>704.4</ele></rtept><rtept lat="32.745346" lon="-16.829966"><ele>703.8</ele></rtept><rtept lat="32.745308" lon="-16.829866"><ele>703.2</ele></rtept><rtept lat="32.745167" lon="-16.82969"><ele>701.4</ele></rtept><rtept lat="32.745136" lon="-16.829576"><ele>699.6</ele></rtept><rtept lat="32.745003" lon="-16.82863"><ele>684.4</ele></rtept><rtept lat="32.74491" lon="-16.82837"><ele>682.6</ele></rtept><rtept lat="32.744846" lon="-16.828003"><ele>679.6</ele></rtept><rtept lat="32.744873" lon="-16.82767"><ele>675.4</ele></rtept><rtept lat="32.74473" lon="-16.827375"><ele>669.6</ele></rtept><rtept lat="32.744785" lon="-16.82733"><ele>668.2</ele></rtept><rtept lat="32.745007" lon="-16.827393"><ele>663.6</ele></rtept><rtept lat="32.745136" lon="-16.827309"><ele>660.2</ele></rtept><rtept lat="32.745216" lon="-16.827152"><ele>656.8</ele></rtept><rtept lat="32.74527" lon="-16.82668"><ele>647.2</ele></rtept><rtept lat="32.745308" lon="-16.826553"><ele>644.0</ele></rtept><rtept lat="32.745647" lon="-16.826502"><ele>635.0</ele></rtept><rtept lat="32.745678" lon="-16.826468"><ele>633.8</ele></rtept><rtept lat="32.745644" lon="-16.826397"><ele>630.8</ele></rtept><rtept lat="32.74568" lon="-16.826372"><ele>629.8</ele></rtept><rtept lat="32.74594" lon="-16.826338"><ele>626.8</ele></rtept><rtept lat="32.746765" lon="-16.826128"><ele>618.6</ele></rtept><rtept lat="32.746807" lon="-16.826092"><ele>618.0</ele></rtept><rtept lat="32.746777" lon="-16.826042"><ele>616.8</ele></rtept><rtept lat="32.74652" lon="-16.82594"><ele>607.6</ele></rtept><rtept lat="32.74639" lon="-16.82581"><ele>604.8</ele></rtept><rtept lat="32.74655" lon="-16.825752"><ele>601.6</ele></rtept><rtept lat="32.74654" lon="-16.825813"><ele>603.8</ele></rtept><rtept lat="32.746574" lon="-16.82586"><ele>604.4</ele></rtept><rtept lat="32.746704" lon="-16.825888"><ele>605.2</ele></rtept><rtept lat="32.746834" lon="-16.82579"><ele>606.2</ele></rtept><rtept lat="32.746906" lon="-16.82566"><ele>607.8</ele></rtept><rtept lat="32.74698" lon="-16.825607"><ele>608.6</ele></rtept><rtept lat="32.747246" lon="-16.825651"><ele>612.8</ele></rtept><rtept lat="32.747414" lon="-16.825462"><ele>613.8</ele></rtept><rtept lat="32.7475" lon="-16.825314"><ele>613.6</ele></rtept><rtept lat="32.747528" lon="-16.825203"><ele>613.2</ele></rtept><rtept lat="32.74721" lon="-16.824408"><ele>611.8</ele></rtept><rtept lat="32.747234" lon="-16.82426"><ele>612.0</ele></rtept><rtept lat="32.747337" lon="-16.823982"><ele>611.8</ele></rtept><rtept lat="32.747208" lon="-16.823713"><ele>611.2</ele></rtept><rtept lat="32.74721" lon="-16.823446"><ele>611.2</ele></rtept><rtept lat="32.747276" lon="-16.823097"><ele>610.8</ele></rtept><rtept lat="32.747265" lon="-16.823029"><ele>610.6</ele></rtept><rtept lat="32.747185" lon="-16.822956"><ele>610.6</ele></rtept><rtept lat="32.74671" lon="-16.822767"><ele>610.0</ele></rtept><rtept lat="32.746296" lon="-16.822346"><ele>609.4</ele></rtept><rtept lat="32.746147" lon="-16.822014"><ele>609.0</ele></rtept><rtept lat="32.745876" lon="-16.821632"><ele>608.4</ele></rtept><rtept lat="32.745853" lon="-16.821526"><ele>608.4</ele></rtept><rtept lat="32.745872" lon="-16.821257"><ele>608.2</ele></rtept><rtept lat="32.74584" lon="-16.821112"><ele>608.2</ele></rtept><rtept lat="32.7458" lon="-16.821053"><ele>608.0</ele></rtept><rtept lat="32.74563" lon="-16.82098"><ele>607.8</ele></rtept><rtept lat="32.745506" lon="-16.82086"><ele>607.6</ele></rtept><rtept lat="32.74531" lon="-16.82056"><ele>607.4</ele></rtept><rtept lat="32.74513" lon="-16.820103"><ele>607.0</ele></rtept><rtept lat="32.744846" lon="-16.819805"><ele>606.4</ele></rtept><rtept lat="32.744793" lon="-16.819405"><ele>605.8</ele></rtept><rtept lat="32.744637" lon="-16.819077"><ele>605.4</ele></rtept><rtept lat="32.74465" lon="-16.818867"><ele>605.0</ele></rtept><rtept lat="32.744743" lon="-16.818712"><ele>605.0</ele></rtept><rtept lat="32.74476" lon="-16.818304"><ele>604.4</ele></rtept><rtept lat="32.7448" lon="-16.818172"><ele>604.2</ele></rtept><rtept lat="32.744923" lon="-16.817995"><ele>604.0</ele></rtept><rtept lat="32.745052" lon="-16.8179"><ele>604.0</ele></rtept><rtept lat="32.745224" lon="-16.817865"><ele>603.6</ele></rtept><rtept lat="32.745354" lon="-16.817865"><ele>603.6</ele></rtept><rtept lat="32.745663" lon="-16.81795"><ele>603.6</ele></rtept><rtept lat="32.745754" lon="-16.817924"><ele>603.4</ele></rtept><rtept lat="32.74579" lon="-16.817858"><ele>603.4</ele></rtept><rtept lat="32.745758" lon="-16.817703"><ele>603.2</ele></rtept><rtept lat="32.745193" lon="-16.816998"><ele>602.0</ele></rtept><rtept lat="32.745132" lon="-16.816462"><ele>601.6</ele></rtept><rtept lat="32.74521" lon="-16.816196"><ele>601.4</ele></rtept><rtept lat="32.745293" lon="-16.816042"><ele>601.4</ele></rtept><rtept lat="32.745487" lon="-16.815868"><ele>601.6</ele></rtept><rtept lat="32.74566" lon="-16.815659"><ele>601.0</ele></rtept><rtept lat="32.745888" lon="-16.81551"><ele>600.8</ele></rtept><rtept lat="32.746037" lon="-16.815533"><ele>600.4</ele></rtept><rtept lat="32.74624" lon="-16.815788"><ele>600.6</ele></rtept><rtept lat="32.746323" lon="-16.815844"><ele>600.8</ele></rtept><rtept lat="32.746407" lon="-16.81585"><ele>600.6</ele></rtept><rtept lat="32.746544" lon="-16.81577"><ele>600.6</ele></rtept><rtept lat="32.746567" lon="-16.8157"><ele>600.6</ele></rtept><rtept lat="32.74655" lon="-16.815584"><ele>600.6</ele></rtept><rtept lat="32.746494" lon="-16.815395"><ele>600.6</ele></rtept><rtept lat="32.746323" lon="-16.815102"><ele>600.6</ele></rtept><rtept lat="32.74632" lon="-16.814957"><ele>600.0</ele></rtept><rtept lat="32.746456" lon="-16.814754"><ele>599.6</ele></rtept><rtept lat="32.746773" lon="-16.814445"><ele>599.8</ele></rtept><rtept lat="32.746933" lon="-16.814392"><ele>599.8</ele></rtept><rtept lat="32.74703" lon="-16.814407"><ele>599.6</ele></rtept><rtept lat="32.747257" lon="-16.814465"><ele>599.2</ele></rtept><rtept lat="32.747543" lon="-16.814627"><ele>598.8</ele></rtept><rtept lat="32.747692" lon="-16.814657"><ele>598.8</ele></rtept><rtept lat="32.747753" lon="-16.814568"><ele>598.6</ele></rtept><rtept lat="32.74786" lon="-16.814213"><ele>598.2</ele></rtept><rtept lat="32.747963" lon="-16.814077"><ele>598.0</ele></rtept><rtept lat="32.74832" lon="-16.813816"><ele>597.4</ele></rtept><rtept lat="32.74845" lon="-16.813784"><ele>597.4</ele></rtept><rtept lat="32.74863" lon="-16.81379"><ele>597.2</ele></rtept><rtept lat="32.74867" lon="-16.813763"><ele>597.2</ele></rtept><rtept lat="32.74873" lon="-16.813526"><ele>596.8</ele></rtept><rtept lat="32.748833" lon="-16.813345"><ele>596.6</ele></rtept><rtept lat="32.74889" lon="-16.813168"><ele>596.4</ele></rtept><rtept lat="32.748985" lon="-16.812428"><ele>596.0</ele></rtept><rtept lat="32.749096" lon="-16.812016"><ele>595.6</ele></rtept><rtept lat="32.749313" lon="-16.81141"><ele>595.4</ele></rtept><rtept lat="32.749336" lon="-16.81116"><ele>594.6</ele></rtept><rtept lat="32.74931" lon="-16.810963"><ele>594.4</ele></rtept><rtept lat="32.749336" lon="-16.810827"><ele>594.2</ele></rtept><rtept lat="32.74951" lon="-16.810371"><ele>594.2</ele></rtept><rtept lat="32.749832" lon="-16.810047"><ele>594.2</ele></rtept><rtept lat="32.75004" lon="-16.809921"><ele>594.4</ele></rtept><rtept lat="32.75012" lon="-16.809694"><ele>594.2</ele></rtept><rtept lat="32.750206" lon="-16.809687"><ele>594.0</ele></rtept><rtept lat="32.750443" lon="-16.809992"><ele>593.8</ele></rtept><rtept lat="32.75059" lon="-16.810053"><ele>594.2</ele></rtept><rtept lat="32.750896" lon="-16.810074"><ele>593.6</ele></rtept><rtept lat="32.751083" lon="-16.80999"><ele>593.2</ele></rtept><rtept lat="32.751614" lon="-16.809572"><ele>594.4</ele></rtept><rtept lat="32.751812" lon="-16.809153"><ele>593.0</ele></rtept><rtept lat="32.751976" lon="-16.808647"><ele>592.2</ele></rtept><rtept lat="32.752483" lon="-16.808462"><ele>590.8</ele></rtept><rtept lat="32.75265" lon="-16.808332"><ele>590.4</ele></rtept><rtept lat="32.752747" lon="-16.807653"><ele>591.2</ele></rtept><rtept lat="32.752853" lon="-16.80732"><ele>589.4</ele></rtept><rtept lat="32.752914" lon="-16.807215"><ele>589.8</ele></rtept><rtept lat="32.75293" lon="-16.807104"><ele>592.4</ele></rtept><rtept lat="32.75291" lon="-16.8069"><ele>593.6</ele></rtept><rtept lat="32.752796" lon="-16.806684"><ele>592.0</ele></rtept><rtept lat="32.75279" lon="-16.80654"><ele>591.4</ele></rtept><rtept lat="32.75282" lon="-16.806473"><ele>591.4</ele></rtept><rtept lat="32.753086" lon="-16.806244"><ele>590.2</ele></rtept><rtept lat="32.75311" lon="-16.806168"><ele>590.0</ele></rtept><rtept lat="32.75307" lon="-16.806004"><ele>590.2</ele></rtept><rtept lat="32.752907" lon="-16.80563"><ele>587.8</ele></rtept><rtept lat="32.752907" lon="-16.805548"><ele>585.8</ele></rtept><rtept lat="32.752975" lon="-16.8055"><ele>583.8</ele></rtept><rtept lat="32.753178" lon="-16.805502"><ele>582.2</ele></rtept><rtept lat="32.753323" lon="-16.805458"><ele>583.6</ele></rtept><rtept lat="32.753403" lon="-16.80553"><ele>586.6</ele></rtept><rtept lat="32.753544" lon="-16.805449"><ele>589.0</ele></rtept><rtept lat="32.75368" lon="-16.805136"><ele>588.6</ele></rtept><rtept lat="32.753902" lon="-16.805063"><ele>589.6</ele></rtept><rtept lat="32.754063" lon="-16.804958"><ele>588.8</ele></rtept><rtept lat="32.7542" lon="-16.804953"><ele>589.6</ele></rtept><rtept lat="32.754543" lon="-16.805067"><ele>590.4</ele></rtept><rtept lat="32.754856" lon="-16.805075"><ele>591.0</ele></rtept><rtept lat="32.7553" lon="-16.804901"><ele>591.2</ele></rtept><rtept lat="32.75538" lon="-16.804808"><ele>591.2</ele></rtept><rtept lat="32.755623" lon="-16.804218"><ele>589.0</ele></rtept><rtept lat="32.755615" lon="-16.804115"><ele>589.2</ele></rtept><rtept lat="32.755554" lon="-16.804037"><ele>589.8</ele></rtept><rtept lat="32.755466" lon="-16.80379"><ele>591.0</ele></rtept><rtept lat="32.75546" lon="-16.803556"><ele>591.4</ele></rtept><rtept lat="32.755722" lon="-16.80312"><ele>590.8</ele></rtept><rtept lat="32.75598" lon="-16.80286"><ele>590.4</ele></rtept><rtept lat="32.756058" lon="-16.802668"><ele>590.6</ele></rtept><rtept lat="32.756023" lon="-16.802538"><ele>589.8</ele></rtept><rtept lat="32.755775" lon="-16.802336"><ele>590.6</ele></rtept><rtept lat="32.755753" lon="-16.802282"><ele>590.8</ele></rtept><rtept lat="32.75584" lon="-16.801933"><ele>591.0</ele></rtept><rtept lat="32.75573" lon="-16.801952"><ele>591.0</ele></rtept><rtept lat="32.755573" lon="-16.801905"><ele>590.8</ele></rtept><rtept lat="32.755405" lon="-16.801937"><ele>590.0</ele></rtept><rtept lat="32.7552" lon="-16.801903"><ele>590.2</ele></rtept><rtept lat="32.75493" lon="-16.801973"><ele>589.6</ele></rtept><rtept lat="32.75471" lon="-16.802074"><ele>589.8</ele></rtept><rtept lat="32.7542" lon="-16.802143"><ele>589.8</ele></rtept><rtept lat="32.753998" lon="-16.801926"><ele>589.6</ele></rtept><rtept lat="32.753937" lon="-16.801765"><ele>589.8</ele></rtept><rtept lat="32.754017" lon="-16.80162"><ele>589.6</ele></rtept><rtept lat="32.754227" lon="-16.801445"><ele>588.6</ele></rtept><rtept lat="32.754436" lon="-16.801208"><ele>588.2</ele></rtept><rtept lat="32.754536" lon="-16.801113"><ele>588.6</ele></rtept><rtept lat="32.754654" lon="-16.801073"><ele>588.8</ele></rtept><rtept lat="32.754726" lon="-16.801006"><ele>588.4</ele></rtept><rtept lat="32.75476" lon="-16.800898"><ele>588.0</ele></rtept><rtept lat="32.75459" lon="-16.800787"><ele>589.0</ele></rtept><rtept lat="32.754517" lon="-16.800604"><ele>589.6</ele></rtept><rtept lat="32.75443" lon="-16.800495"><ele>589.6</ele></rtept><rtept lat="32.754322" lon="-16.800472"><ele>589.4</ele></rtept><rtept lat="32.754227" lon="-16.80039"><ele>589.2</ele></rtept><rtept lat="32.75417" lon="-16.800287"><ele>589.0</ele></rtept><rtept lat="32.75419" lon="-16.800201"><ele>589.2</ele></rtept><rtept lat="32.754417" lon="-16.800102"><ele>589.2</ele></rtept><rtept lat="32.754883" lon="-16.799822"><ele>589.4</ele></rtept><rtept lat="32.755054" lon="-16.799818"><ele>589.6</ele></rtept><rtept lat="32.75515" lon="-16.799774"><ele>590.0</ele></rtept><rtept lat="32.755234" lon="-16.799812"><ele>593.0</ele></rtept><rtept lat="32.755264" lon="-16.799866"><ele>594.4</ele></rtept><rtept lat="32.755306" lon="-16.799854"><ele>594.8</ele></rtept><rtept lat="32.755478" lon="-16.799591"><ele>593.8</ele></rtept><rtept lat="32.755505" lon="-16.79918"><ele>590.4</ele></rtept><rtept lat="32.755688" lon="-16.798983"><ele>587.4</ele></rtept><rtept lat="32.755722" lon="-16.79881"><ele>584.4</ele></rtept><rtept lat="32.755764" lon="-16.799042"><ele>587.4</ele></rtept><rtept lat="32.755806" lon="-16.799093"><ele>589.4</ele></rtept><rtept lat="32.755924" lon="-16.798975"><ele>595.0</ele></rtept><rtept lat="32.756035" lon="-16.799044"><ele>598.4</ele></rtept><rtept lat="32.75612" lon="-16.799038"><ele>600.6</ele></rtept><rtept lat="32.756184" lon="-16.79897"><ele>604.2</ele></rtept><rtept lat="32.756546" lon="-16.799109"><ele>604.8</ele></rtept><rtept lat="32.756603" lon="-16.799152"><ele>604.0</ele></rtept><rtept lat="32.756664" lon="-16.799278"><ele>600.6</ele></rtept><rtept lat="32.75696" lon="-16.799452"><ele>589.0</ele></rtept><rtept lat="32.757023" lon="-16.799559"><ele>586.0</ele></rtept><rtept lat="32.757355" lon="-16.799923"><ele>573.0</ele></rtept><rtept lat="32.757572" lon="-16.800022"><ele>571.8</ele></rtept><rtept lat="32.757713" lon="-16.800133"><ele>570.8</ele></rtept><rtept lat="32.757824" lon="-16.800165"><ele>568.2</ele></rtept><rtept lat="32.757988" lon="-16.800352"><ele>562.0</ele></rtept><rtept lat="32.758236" lon="-16.800497"><ele>552.6</ele></rtept><rtept lat="32.75831" lon="-16.80046"><ele>546.6</ele></rtept><rtept lat="32.758373" lon="-16.800598"><ele>539.2</ele></rtept><rtept lat="32.75841" lon="-16.800533"><ele>534.8</ele></rtept><rtept lat="32.75855" lon="-16.80049"><ele>524.4</ele></rtept><rtept lat="32.758556" lon="-16.800549"><ele>521.8</ele></rtept><rtept lat="32.758514" lon="-16.800648"><ele>518.8</ele></rtept><rtept lat="32.75853" lon="-16.80072"><ele>516.6</ele></rtept><rtept lat="32.75866" lon="-16.800802"><ele>512.4</ele></rtept><rtept lat="32.758896" lon="-16.801098"><ele>495.6</ele></rtept><rtept lat="32.75916" lon="-16.801252"><ele>484.6</ele></rtept><rtept lat="32.759224" lon="-16.801334"><ele>481.2</ele></rtept><rtept lat="32.75927" lon="-16.8015"><ele>474.4</ele></rtept><rtept lat="32.759354" lon="-16.801277"><ele>465.4</ele></rtept><rtept lat="32.759354" lon="-16.801172"><ele>462.0</ele></rtept><rtept lat="32.759304" lon="-16.801006"><ele>456.6</ele></rtept><rtept lat="32.759777" lon="-16.801437"><ele>427.4</ele></rtept><rtept lat="32.75984" lon="-16.801373"><ele>422.6</ele></rtept><rtept lat="32.759876" lon="-16.801247"><ele>417.0</ele></rtept><rtept lat="32.75994" lon="-16.801208"><ele>413.0</ele></rtept><rtept lat="32.76007" lon="-16.801218"><ele>408.2</ele></rtept><rtept lat="32.760353" lon="-16.801392"><ele>395.8</ele></rtept><rtept lat="32.760513" lon="-16.801662"><ele>384.8</ele></rtept><rtept lat="32.760536" lon="-16.801752"><ele>383.0</ele></rtept><rtept lat="32.760517" lon="-16.801853"><ele>380.0</ele></rtept><rtept lat="32.76057" lon="-16.802105"><ele>376.2</ele></rtept><rtept lat="32.760612" lon="-16.802181"><ele>375.2</ele></rtept><rtept lat="32.76078" lon="-16.802164"><ele>372.0</ele></rtept><rtept lat="32.7609" lon="-16.80202"><ele>366.6</ele></rtept><rtept lat="32.761032" lon="-16.802088"><ele>360.0</ele></rtept><rtept lat="32.761158" lon="-16.80223"><ele>355.0</ele></rtept><rtept lat="32.76118" lon="-16.802366"><ele>352.2</ele></rtept><rtept lat="32.761135" lon="-16.802565"><ele>349.2</ele></rtept><rtept lat="32.76142" lon="-16.803036"><ele>341.8</ele></rtept><rtept lat="32.761494" lon="-16.803364"><ele>338.0</ele></rtept><rtept lat="32.76147" lon="-16.803537"><ele>336.4</ele></rtept><rtept lat="32.761486" lon="-16.803787"><ele>333.8</ele></rtept><rtept lat="32.761433" lon="-16.80383"><ele>331.6</ele></rtept><rtept lat="32.7614" lon="-16.803814"><ele>330.0</ele></rtept><rtept lat="32.761215" lon="-16.803862"><ele>322.2</ele></rtept><rtept lat="32.76123" lon="-16.804094"><ele>318.6</ele></rtept><rtept lat="32.761253" lon="-16.804188"><ele>317.6</ele></rtept><rtept lat="32.76141" lon="-16.804413"><ele>316.6</ele></rtept><rtept lat="32.76148" lon="-16.804377"><ele>316.0</ele></rtept><rtept lat="32.76159" lon="-16.804005"><ele>319.2</ele></rtept><rtept lat="32.761593" lon="-16.80364"><ele>320.2</ele></rtept><rtept lat="32.761845" lon="-16.802832"><ele>320.8</ele></rtept><rtept lat="32.76184" lon="-16.802612"><ele>321.2</ele></rtept><rtept lat="32.761536" lon="-16.802135"><ele>323.4</ele></rtept><rtept lat="32.761005" lon="-16.801672"><ele>323.8</ele></rtept><rtept lat="32.760925" lon="-16.801483"><ele>323.4</ele></rtept><rtept lat="32.760784" lon="-16.800919"><ele>323.2</ele></rtept><rtept lat="32.76061" lon="-16.800608"><ele>323.2</ele></rtept><rtept lat="32.76047" lon="-16.800495"><ele>323.6</ele></rtept><rtept lat="32.76024" lon="-16.80047"><ele>323.8</ele></rtept><rtept lat="32.7602" lon="-16.800316"><ele>324.0</ele></rtept><rtept lat="32.75994" lon="-16.799925"><ele>324.2</ele></rtept><rtept lat="32.75992" lon="-16.799776"><ele>324.4</ele></rtept><rtept lat="32.75979" lon="-16.799683"><ele>327.2</ele></rtept><rtept lat="32.759647" lon="-16.799297"><ele>331.6</ele></rtept><rtept lat="32.759487" lon="-16.799206"><ele>332.2</ele></rtept><rtept lat="32.759285" lon="-16.799023"><ele>332.8</ele></rtept><rtept lat="32.75933" lon="-16.79892"><ele>333.6</ele></rtept><rtept lat="32.759323" lon="-16.798637"><ele>334.2</ele></rtept><rtept lat="32.7591" lon="-16.798374"><ele>334.2</ele></rtept><rtept lat="32.75907" lon="-16.798271"><ele>334.0</ele></rtept><rtept lat="32.75928" lon="-16.798204"><ele>334.0</ele></rtept><rtept lat="32.759403" lon="-16.79799"><ele>333.4</ele></rtept><rtept lat="32.75956" lon="-16.797972"><ele>333.4</ele></rtept><rtept lat="32.7596" lon="-16.797937"><ele>333.4</ele></rtept><rtept lat="32.75971" lon="-16.797644"><ele>333.4</ele></rtept><rtept lat="32.759827" lon="-16.797552"><ele>334.2</ele></rtept><rtept lat="32.759895" lon="-16.797358"><ele>335.0</ele></rtept><rtept lat="32.76005" lon="-16.797203"><ele>335.6</ele></rtept><rtept lat="32.76014" lon="-16.797024"><ele>334.4</ele></rtept><rtept lat="32.760284" lon="-16.796852"><ele>334.6</ele></rtept><rtept lat="32.76026" lon="-16.796762"><ele>334.4</ele></rtept><rtept lat="32.76009" lon="-16.796577"><ele>334.6</ele></rtept><rtept lat="32.759846" lon="-16.796455"><ele>335.0</ele></rtept><rtept lat="32.75971" lon="-16.796425"><ele>333.8</ele></rtept><rtept lat="32.759705" lon="-16.796362"><ele>332.6</ele></rtept><rtept lat="32.759846" lon="-16.796316"><ele>333.2</ele></rtept><rtept lat="32.760036" lon="-16.796198"><ele>335.0</ele></rtept><rtept lat="32.760357" lon="-16.796099"><ele>335.4</ele></rtept><rtept lat="32.760406" lon="-16.796038"><ele>335.8</ele></rtept><rtept lat="32.76044" lon="-16.795862"><ele>336.2</ele></rtept><rtept lat="32.760586" lon="-16.795815"><ele>336.2</ele></rtept><rtept lat="32.76079" lon="-16.79587"><ele>337.2</ele></rtept><rtept lat="32.760937" lon="-16.795748"><ele>337.4</ele></rtept><rtept lat="32.761066" lon="-16.795582"><ele>337.0</ele></rtept><rtept lat="32.76134" lon="-16.795506"><ele>337.4</ele></rtept><rtept lat="32.761436" lon="-16.795427"><ele>337.0</ele></rtept><rtept lat="32.761486" lon="-16.794968"><ele>335.6</ele></rtept><rtept lat="32.761456" lon="-16.79477"><ele>335.4</ele></rtept><rtept lat="32.76125" lon="-16.794497"><ele>335.2</ele></rtept><rtept lat="32.761177" lon="-16.794138"><ele>335.8</ele></rtept><rtept lat="32.76118" lon="-16.793867"><ele>335.8</ele></rtept><rtept lat="32.761" lon="-16.793278"><ele>335.2</ele></rtept><rtept lat="32.76076" lon="-16.792967"><ele>327.4</ele></rtept><rtept lat="32.76078" lon="-16.792927"><ele>325.4</ele></rtept><rtept lat="32.761" lon="-16.792852"><ele>330.8</ele></rtept><rtept lat="32.76114" lon="-16.792683"><ele>333.8</ele></rtept><rtept lat="32.761032" lon="-16.792437"><ele>336.6</ele></rtept><rtept lat="32.76117" lon="-16.792395"><ele>337.2</ele></rtept><rtept lat="32.761253" lon="-16.792328"><ele>337.6</ele></rtept><rtept lat="32.761353" lon="-16.79205"><ele>337.2</ele></rtept><rtept lat="32.761333" lon="-16.79188"><ele>337.4</ele></rtept><rtept lat="32.761517" lon="-16.791737"><ele>338.4</ele></rtept><rtept lat="32.76159" lon="-16.791573"><ele>341.4</ele></rtept><rtept lat="32.761745" lon="-16.791517"><ele>340.8</ele></rtept><rtept lat="32.76188" lon="-16.79142"><ele>339.2</ele></rtept><rtept lat="32.762188" lon="-16.791363"><ele>337.8</ele></rtept><rtept lat="32.762497" lon="-16.791136"><ele>337.6</ele></rtept><rtept lat="32.762672" lon="-16.79091"><ele>337.2</ele></rtept><rtept lat="32.76288" lon="-16.790852"><ele>336.6</ele></rtept><rtept lat="32.76315" lon="-16.79083"><ele>336.2</ele></rtept><rtept lat="32.763252" lon="-16.790752"><ele>336.4</ele></rtept><rtept lat="32.76336" lon="-16.790617"><ele>336.6</ele></rtept><rtept lat="32.763462" lon="-16.790388"><ele>337.4</ele></rtept><rtept lat="32.763485" lon="-16.790155"><ele>339.2</ele></rtept><rtept lat="32.763466" lon="-16.790085"><ele>340.8</ele></rtept><rtept lat="32.763504" lon="-16.789827"><ele>343.2</ele></rtept><rtept lat="32.76335" lon="-16.78959"><ele>343.6</ele></rtept><rtept lat="32.763268" lon="-16.789312"><ele>342.6</ele></rtept><rtept lat="32.7631" lon="-16.789013"><ele>341.0</ele></rtept><rtept lat="32.762897" lon="-16.7889"><ele>340.6</ele></rtept><rtept lat="32.762848" lon="-16.7889"><ele>340.2</ele></rtept><rtept lat="32.762638" lon="-16.789217"><ele>338.6</ele></rtept><rtept lat="32.76252" lon="-16.789305"><ele>338.2</ele></rtept><rtept lat="32.76242" lon="-16.789267"><ele>338.0</ele></rtept><rtept lat="32.76228" lon="-16.78935"><ele>337.4</ele></rtept><rtept lat="32.76219" lon="-16.789352"><ele>337.0</ele></rtept><rtept lat="32.762016" lon="-16.78927"><ele>336.4</ele></rtept><rtept lat="32.761887" lon="-16.789364"><ele>335.4</ele></rtept><rtept lat="32.761826" lon="-16.789474"><ele>334.8</ele></rtept><rtept lat="32.761806" lon="-16.789604"><ele>334.0</ele></rtept><rtept lat="32.76176" lon="-16.789663"><ele>333.4</ele></rtept><rtept lat="32.761715" lon="-16.78967"><ele>333.4</ele></rtept><rtept lat="32.76157" lon="-16.789577"><ele>333.8</ele></rtept><rtept lat="32.76142" lon="-16.789598"><ele>332.2</ele></rtept><rtept lat="32.76135" lon="-16.789507"><ele>333.0</ele></rtept><rtept lat="32.761215" lon="-16.789541"><ele>334.0</ele></rtept><rtept lat="32.760822" lon="-16.789204"><ele>335.2</ele></rtept><rtept lat="32.760708" lon="-16.789173"><ele>335.6</ele></rtept><rtept lat="32.7606" lon="-16.788927"><ele>337.8</ele></rtept><rtept lat="32.76052" lon="-16.788853"><ele>338.2</ele></rtept><rtept lat="32.760166" lon="-16.789131"><ele>339.2</ele></rtept><rtept lat="32.7601" lon="-16.789112"><ele>338.6</ele></rtept><rtept lat="32.76003" lon="-16.789038"><ele>337.8</ele></rtept><rtept lat="32.75996" lon="-16.788692"><ele>335.0</ele></rtept><rtept lat="32.759853" lon="-16.788454"><ele>334.4</ele></rtept><rtept lat="32.759747" lon="-16.788471"><ele>335.4</ele></rtept><rtept lat="32.75958" lon="-16.788595"><ele>337.4</ele></rtept><rtept lat="32.75947" lon="-16.788584"><ele>337.6</ele></rtept><rtept lat="32.759377" lon="-16.788382"><ele>335.8</ele></rtept><rtept lat="32.759377" lon="-16.788174"><ele>335.6</ele></rtept><rtept lat="32.75922" lon="-16.787853"><ele>333.6</ele></rtept><rtept lat="32.759083" lon="-16.787846"><ele>333.2</ele></rtept><rtept lat="32.758953" lon="-16.787733"><ele>333.6</ele></rtept><rtept lat="32.758842" lon="-16.787687"><ele>334.6</ele></rtept><rtept lat="32.758766" lon="-16.78744"><ele>333.8</ele></rtept><rtept lat="32.75851" lon="-16.787283"><ele>334.8</ele></rtept><rtept lat="32.758453" lon="-16.787086"><ele>335.6</ele></rtept><rtept lat="32.758293" lon="-16.787037"><ele>336.8</ele></rtept><rtept lat="32.758186" lon="-16.786886"><ele>336.2</ele></rtept><rtept lat="32.75807" lon="-16.786812"><ele>337.2</ele></rtept><rtept lat="32.75808" lon="-16.786674"><ele>339.6</ele></rtept><rtept lat="32.758026" lon="-16.786482"><ele>338.8</ele></rtept><rtept lat="32.75801" lon="-16.786236"><ele>336.6</ele></rtept><rtept lat="32.75802" lon="-16.78608"><ele>336.2</ele></rtept><rtept lat="32.758087" lon="-16.785797"><ele>339.8</ele></rtept><rtept lat="32.758053" lon="-16.785738"><ele>340.6</ele></rtept><rtept lat="32.757896" lon="-16.785673"><ele>340.8</ele></rtept><rtept lat="32.757835" lon="-16.785587"><ele>340.6</ele></rtept><rtept lat="32.757816" lon="-16.785467"><ele>340.4</ele></rtept><rtept lat="32.757847" lon="-16.785156"><ele>339.4</ele></rtept><rtept lat="32.75734" lon="-16.784872"><ele>338.8</ele></rtept><rtept lat="32.757133" lon="-16.784622"><ele>339.6</ele></rtept><rtept lat="32.75704" lon="-16.784397"><ele>340.6</ele></rtept><rtept lat="32.75683" lon="-16.78426"><ele>342.6</ele></rtept><rtept lat="32.75681" lon="-16.784163"><ele>343.2</ele></rtept><rtept lat="32.75684" lon="-16.784004"><ele>344.4</ele></rtept><rtept lat="32.756824" lon="-16.783928"><ele>344.6</ele></rtept><rtept lat="32.75671" lon="-16.78384"><ele>344.6</ele></rtept><rtept lat="32.756695" lon="-16.783665"><ele>344.8</ele></rtept><rtept lat="32.75662" lon="-16.783487"><ele>345.4</ele></rtept><rtept lat="32.75642" lon="-16.783337"><ele>345.6</ele></rtept><rtept lat="32.75649" lon="-16.783077"><ele>346.0</ele></rtept><rtept lat="32.75643" lon="-16.782846"><ele>346.6</ele></rtept><rtept lat="32.756287" lon="-16.782722"><ele>346.6</ele></rtept><rtept lat="32.75577" lon="-16.782574"><ele>347.6</ele></rtept><rtept lat="32.755573" lon="-16.782215"><ele>347.4</ele></rtept><rtept lat="32.755394" lon="-16.781986"><ele>349.0</ele></rtept><rtept lat="32.75537" lon="-16.781868"><ele>348.2</ele></rtept><rtept lat="32.755302" lon="-16.781748"><ele>348.0</ele></rtept><rtept lat="32.7552" lon="-16.78163"><ele>348.6</ele></rtept><rtept lat="32.755184" lon="-16.781548"><ele>348.4</ele></rtept><rtept lat="32.755207" lon="-16.781485"><ele>348.4</ele></rtept><rtept lat="32.75547" lon="-16.781355"><ele>348.2</ele></rtept><rtept lat="32.755447" lon="-16.781143"><ele>347.6</ele></rtept><rtept lat="32.755592" lon="-16.78068"><ele>348.0</ele></rtept><rtept lat="32.75546" lon="-16.780502"><ele>347.0</ele></rtept><rtept lat="32.75546" lon="-16.780268"><ele>346.2</ele></rtept><rtept lat="32.75541" lon="-16.780138"><ele>346.4</ele></rtept><rtept lat="32.75508" lon="-16.780083"><ele>349.2</ele></rtept><rtept lat="32.754932" lon="-16.780006"><ele>350.6</ele></rtept><rtept lat="32.754803" lon="-16.779892"><ele>352.4</ele></rtept><rtept lat="32.754745" lon="-16.779705"><ele>352.2</ele></rtept><rtept lat="32.754753" lon="-16.779613"><ele>352.4</ele></rtept><rtept lat="32.754974" lon="-16.779207"><ele>354.0</ele></rtept><rtept lat="32.75495" lon="-16.779037"><ele>353.8</ele></rtept><rtept lat="32.75503" lon="-16.77895"><ele>353.8</ele></rtept><rtept lat="32.75504" lon="-16.778894"><ele>353.6</ele></rtept><rtept lat="32.75502" lon="-16.778736"><ele>353.2</ele></rtept><rtept lat="32.75489" lon="-16.778578"><ele>352.6</ele></rtept><rtept lat="32.75487" lon="-16.778496"><ele>352.4</ele></rtept><rtept lat="32.754887" lon="-16.778362"><ele>352.0</ele></rtept><rtept lat="32.755062" lon="-16.777914"><ele>348.6</ele></rtept><rtept lat="32.755062" lon="-16.777853"><ele>348.2</ele></rtept><rtept lat="32.755005" lon="-16.777763"><ele>348.2</ele></rtept><rtept lat="32.754852" lon="-16.777674"><ele>349.0</ele></rtept><rtept lat="32.754814" lon="-16.777529"><ele>349.4</ele></rtept><rtept lat="32.754864" lon="-16.777348"><ele>349.0</ele></rtept><rtept lat="32.755028" lon="-16.777147"><ele>348.8</ele></rtept><rtept lat="32.755085" lon="-16.776949"><ele>348.8</ele></rtept><rtept lat="32.755283" lon="-16.776506"><ele>346.8</ele></rtept><rtept lat="32.755486" lon="-16.776262"><ele>347.2</ele></rtept><rtept lat="32.755394" lon="-16.77594"><ele>346.0</ele></rtept><rtept lat="32.755386" lon="-16.775803"><ele>345.6</ele></rtept><rtept lat="32.755413" lon="-16.77573"><ele>345.4</ele></rtept><rtept lat="32.755566" lon="-16.775597"><ele>345.0</ele></rtept><rtept lat="32.75564" lon="-16.775436"><ele>344.6</ele></rtept><rtept lat="32.75561" lon="-16.774853"><ele>345.8</ele></rtept><rtept lat="32.75563" lon="-16.77459"><ele>345.4</ele></rtept><rtept lat="32.75571" lon="-16.77436"><ele>346.0</ele></rtept><rtept lat="32.755695" lon="-16.77377"><ele>346.0</ele></rtept><rtept lat="32.75572" lon="-16.773653"><ele>346.4635</ele></rtept><rtept lat="32.755722" lon="-16.773653"><ele>340.38</ele></rtept><rtept lat="32.75575" lon="-16.773485"><ele>341.85</ele></rtept><rtept lat="32.755756" lon="-16.773249"><ele>343.27</ele></rtept><rtept lat="32.75575" lon="-16.773087"><ele>343.89</ele></rtept><rtept lat="32.755726" lon="-16.772987"><ele>344.61</ele></rtept><rtept lat="32.75568" lon="-16.772848"><ele>346.69</ele></rtept><rtept lat="32.755608" lon="-16.772682"><ele>350.94</ele></rtept><rtept lat="32.755547" lon="-16.772518"><ele>355.26</ele></rtept><rtept lat="32.755505" lon="-16.772463"><ele>356.01</ele></rtept><rtept lat="32.75546" lon="-16.77243"><ele>357.13</ele></rtept><rtept lat="32.755405" lon="-16.772411"><ele>357.2</ele></rtept><rtept lat="32.75535" lon="-16.772358"><ele>356.31</ele></rtept><rtept lat="32.75529" lon="-16.772291"><ele>354.49</ele></rtept><rtept lat="32.755054" lon="-16.771917"><ele>356.93</ele></rtept><rtept lat="32.754986" lon="-16.771673"><ele>360.8</ele></rtept><rtept lat="32.754883" lon="-16.771425"><ele>365.05</ele></rtept><rtept lat="32.754723" lon="-16.771227"><ele>370.16</ele></rtept><rtept lat="32.75469" lon="-16.771156"><ele>371.66</ele></rtept><rtept lat="32.754696" lon="-16.771072"><ele>372.98</ele></rtept><rtept lat="32.75474" lon="-16.770994"><ele>374.13</ele></rtept><rtept lat="32.75486" lon="-16.77091"><ele>375.08</ele></rtept><rtept lat="32.75518" lon="-16.770737"><ele>373.69</ele></rtept><rtept lat="32.75528" lon="-16.770632"><ele>372.95</ele></rtept><rtept lat="32.755432" lon="-16.770342"><ele>371.83</ele></rtept><rtept lat="32.755466" lon="-16.77007"><ele>370.86</ele></rtept><rtept lat="32.755512" lon="-16.769997"><ele>370.65</ele></rtept><rtept lat="32.755516" lon="-16.769802"><ele>371.36</ele></rtept><rtept lat="32.755466" lon="-16.769735"><ele>372.25</ele></rtept><rtept lat="32.755295" lon="-16.769575"><ele>376.04</ele></rtept><rtept lat="32.755238" lon="-16.769476"><ele>377.94</ele></rtept><rtept lat="32.75518" lon="-16.769184"><ele>382.39</ele></rtept><rtept lat="32.755108" lon="-16.769098"><ele>384.15</ele></rtept><rtept lat="32.755043" lon="-16.769073"><ele>385.39</ele></rtept><rtept lat="32.754738" lon="-16.769016"><ele>392.98</ele></rtept><rtept lat="32.754642" lon="-16.768988"><ele>395.45</ele></rtept><rtept lat="32.754627" lon="-16.768896"><ele>397.25</ele></rtept><rtept lat="32.75468" lon="-16.768538"><ele>404.8</ele></rtept><rtept lat="32.754696" lon="-16.768202"><ele>414.59</ele></rtept><rtept lat="32.754726" lon="-16.768072"><ele>418.57</ele></rtept><rtept lat="32.754807" lon="-16.767958"><ele>422.1</ele></rtept><rtept lat="32.754913" lon="-16.767859"><ele>425.29</ele></rtept><rtept lat="32.755074" lon="-16.767757"><ele>429.23</ele></rtept><rtept lat="32.75518" lon="-16.767733"><ele>431.86</ele></rtept><rtept lat="32.755257" lon="-16.767626"><ele>435.32</ele></rtept><rtept lat="32.755283" lon="-16.767504"><ele>438.83</ele></rtept><rtept lat="32.755276" lon="-16.767296"><ele>444.89</ele></rtept><rtept lat="32.755318" lon="-16.76707"><ele>450.91</ele></rtept><rtept lat="32.755283" lon="-16.766954"><ele>453.74</ele></rtept><rtept lat="32.755142" lon="-16.766754"><ele>460.25</ele></rtept><rtept lat="32.755077" lon="-16.766695"><ele>462.61</ele></rtept><rtept lat="32.755074" lon="-16.766655"><ele>463.53</ele></rtept><rtept lat="32.755123" lon="-16.766638"><ele>464.89</ele></rtept><rtept lat="32.75515" lon="-16.766588"><ele>466.08</ele></rtept><rtept lat="32.75522" lon="-16.766582"><ele>467.75</ele></rtept><rtept lat="32.755245" lon="-16.766489"><ele>469.75</ele></rtept><rtept lat="32.755287" lon="-16.766277"><ele>473.72</ele></rtept><rtept lat="32.75535" lon="-16.7661"><ele>476.65</ele></rtept><rtept lat="32.75536" lon="-16.765911"><ele>479.46</ele></rtept><rtept lat="32.755333" lon="-16.765759"><ele>481.81</ele></rtept><rtept lat="32.75515" lon="-16.76516"><ele>493.77</ele></rtept><rtept lat="32.75499" lon="-16.76483"><ele>501.68</ele></rtept><rtept lat="32.754646" lon="-16.764338"><ele>509.71</ele></rtept><rtept lat="32.754612" lon="-16.764254"><ele>510.13</ele></rtept><rtept lat="32.75468" lon="-16.764236"><ele>513.89</ele></rtept><rtept lat="32.754696" lon="-16.764189"><ele>514.65</ele></rtept><rtept lat="32.754635" lon="-16.763983"><ele>512.22</ele></rtept><rtept lat="32.754494" lon="-16.763735"><ele>507.38</ele></rtept><rtept lat="32.754356" lon="-16.7636"><ele>502.79</ele></rtept><rtept lat="32.754314" lon="-16.763523"><ele>501.32</ele></rtept><rtept lat="32.754288" lon="-16.763252"><ele>497.21</ele></rtept><rtept lat="32.754223" lon="-16.763023"><ele>494.0</ele></rtept><rtept lat="32.75416" lon="-16.762545"><ele>487.84</ele></rtept><rtept lat="32.754166" lon="-16.762396"><ele>487.45</ele></rtept><rtept lat="32.75423" lon="-16.762196"><ele>487.97</ele></rtept><rtept lat="32.754246" lon="-16.762108"><ele>488.18</ele></rtept><rtept lat="32.754234" lon="-16.762014"><ele>488.28</ele></rtept><rtept lat="32.75419" lon="-16.761904"><ele>488.21</ele></rtept><rtept lat="32.754044" lon="-16.76169"><ele>487.43</ele></rtept><rtept lat="32.754017" lon="-16.761616"><ele>487.0</ele></rtept><rtept lat="32.754005" lon="-16.761513"><ele>486.53</ele></rtept><rtept lat="32.75402" lon="-16.76124"><ele>485.61</ele></rtept><rtept lat="32.753983" lon="-16.761028"><ele>484.08</ele></rtept><rtept lat="32.753986" lon="-16.760866"><ele>481.8</ele></rtept><rtept lat="32.753956" lon="-16.760695"><ele>478.35</ele></rtept><rtept lat="32.7539" lon="-16.760498"><ele>473.79</ele></rtept><rtept lat="32.753876" lon="-16.760359"><ele>470.4</ele></rtept><rtept lat="32.753902" lon="-16.760122"><ele>464.36</ele></rtept><rtept lat="32.753975" lon="-16.759878"><ele>457.73</ele></rtept><rtept lat="32.75402" lon="-16.7595"><ele>447.04</ele></rtept><rtept lat="32.754005" lon="-16.759245"><ele>441.08</ele></rtept><rtept lat="32.754055" lon="-16.75899"><ele>435.56</ele></rtept><rtept lat="32.75405" lon="-16.758907"><ele>433.93</ele></rtept><rtept lat="32.75404" lon="-16.758823"><ele>432.25</ele></rtept><rtept lat="32.753937" lon="-16.758593"><ele>427.16</ele></rtept><rtept lat="32.75394" lon="-16.75845"><ele>424.07</ele></rtept><rtept lat="32.753864" lon="-16.758343"><ele>420.77</ele></rtept><rtept lat="32.753674" lon="-16.758028"><ele>410.23</ele></rtept><rtept lat="32.753624" lon="-16.757875"><ele>404.41</ele></rtept><rtept lat="32.753647" lon="-16.757694"><ele>397.41</ele></rtept><rtept lat="32.753616" lon="-16.757532"><ele>391.27</ele></rtept><rtept lat="32.753727" lon="-16.757051"><ele>371.03</ele></rtept><rtept lat="32.753735" lon="-16.756973"><ele>368.2</ele></rtept><rtept lat="32.75364" lon="-16.756832"><ele>365.36</ele></rtept><rtept lat="32.753643" lon="-16.756742"><ele>365.84</ele></rtept><rtept lat="32.753674" lon="-16.756683"><ele>364.73</ele></rtept><rtept lat="32.753773" lon="-16.756607"><ele>361.64</ele></rtept><rtept lat="32.753925" lon="-16.756395"><ele>355.27</ele></rtept><rtept lat="32.754204" lon="-16.756042"><ele>352.2</ele></rtept><rtept lat="32.754345" lon="-16.755833"><ele>351.03</ele></rtept><rtept lat="32.75443" lon="-16.75564"><ele>350.88</ele></rtept><rtept lat="32.754475" lon="-16.75551"><ele>351.36</ele></rtept><rtept lat="32.75448" lon="-16.75534"><ele>352.27</ele></rtept><rtept lat="32.75459" lon="-16.755152"><ele>353.99</ele></rtept><rtept lat="32.75467" lon="-16.754704"><ele>358.67</ele></rtept><rtept lat="32.754814" lon="-16.754393"><ele>363.37</ele></rtept><rtept lat="32.754852" lon="-16.754255"><ele>365.53</ele></rtept><rtept lat="32.75484" lon="-16.754087"><ele>367.86</ele></rtept><rtept lat="32.75474" lon="-16.753635"><ele>371.22</ele></rtept><rtept lat="32.754772" lon="-16.753433"><ele>370.9</ele></rtept><rtept lat="32.75476" lon="-16.753395"><ele>370.69</ele></rtept><rtept lat="32.754753" lon="-16.753317"><ele>370.17</ele></rtept><rtept lat="32.75469" lon="-16.753145"><ele>368.58</ele></rtept><rtept lat="32.75468" lon="-16.753044"><ele>367.56</ele></rtept><rtept lat="32.75471" lon="-16.752958"><ele>366.51</ele></rtept><rtept lat="32.754665" lon="-16.752773"><ele>364.01</ele></rtept><rtept lat="32.754646" lon="-16.752584"><ele>361.3</ele></rtept><rtept lat="32.754574" lon="-16.752398"><ele>358.59</ele></rtept><rtept lat="32.754448" lon="-16.75192"><ele>352.76</ele></rtept><rtept lat="32.754448" lon="-16.751661"><ele>350.01</ele></rtept><rtept lat="32.754448" lon="-16.751661"><ele>350.01</ele></rtept><rtept lat="32.75446" lon="-16.75152"><ele>348.51</ele></rtept><rtept lat="32.754436" lon="-16.75143"><ele>347.53</ele></rtept><rtept lat="32.754417" lon="-16.751387"><ele>347.01</ele></rtept><rtept lat="32.754417" lon="-16.751278"><ele>345.88</ele></rtept><rtept lat="32.7544" lon="-16.751127"><ele>344.15</ele></rtept><rtept lat="32.75439" lon="-16.750624"><ele>339.34</ele></rtept><rtept lat="32.754402" lon="-16.750486"><ele>338.31</ele></rtept><rtept lat="32.754463" lon="-16.750355"><ele>336.1</ele></rtept><rtept lat="32.754467" lon="-16.750233"><ele>335.44</ele></rtept><rtept lat="32.754444" lon="-16.750076"><ele>335.05</ele></rtept><rtept lat="32.75439" lon="-16.749914"><ele>334.54</ele></rtept><rtept lat="32.75438" lon="-16.749561"><ele>332.44</ele></rtept><rtept lat="32.754353" lon="-16.749329"><ele>331.18</ele></rtept><rtept lat="32.754288" lon="-16.748951"><ele>329.42</ele></rtept><rtept lat="32.754227" lon="-16.74876"><ele>328.3</ele></rtept><rtept lat="32.75419" lon="-16.748577"><ele>327.11</ele></rtept><rtept lat="32.75415" lon="-16.748446"><ele>327.0</ele></rtept><rtept lat="32.754093" lon="-16.748386"><ele>327.25</ele></rtept><rtept lat="32.75405" lon="-16.748362"><ele>327.28</ele></rtept><rtept lat="32.75406" lon="-16.748087"><ele>327.76</ele></rtept><rtept lat="32.754093" lon="-16.747938"><ele>325.67</ele></rtept><rtept lat="32.75399" lon="-16.74779"><ele>319.75</ele></rtept><rtept lat="32.75399" lon="-16.74779"><ele>319.75</ele></rtept><rtept lat="32.753963" lon="-16.74772"><ele>317.03</ele></rtept><rtept lat="32.753952" lon="-16.747662"><ele>314.96</ele></rtept><rtept lat="32.75396" lon="-16.747593"><ele>312.86</ele></rtept><rtept lat="32.753994" lon="-16.747498"><ele>310.21</ele></rtept><rtept lat="32.754" lon="-16.747412"><ele>308.11</ele></rtept><rtept lat="32.753975" lon="-16.74732"><ele>305.71</ele></rtept><rtept lat="32.75395" lon="-16.747187"><ele>302.16</ele></rtept><rtept lat="32.75395" lon="-16.7471"><ele>299.59</ele></rtept><rtept lat="32.754013" lon="-16.746874"><ele>293.09</ele></rtept><rtept lat="32.75404" lon="-16.746527"><ele>286.71</ele></rtept><rtept lat="32.753983" lon="-16.746395"><ele>284.46</ele></rtept><rtept lat="32.753883" lon="-16.74644"><ele>286.57</ele></rtept><rtept lat="32.75379" lon="-16.746552"><ele>286.88</ele></rtept><rtept lat="32.753757" lon="-16.746647"><ele>286.81</ele></rtept><rtept lat="32.75365" lon="-16.74667"><ele>284.19</ele></rtept><rtept lat="32.753677" lon="-16.746578"><ele>284.61</ele></rtept><rtept lat="32.75367" lon="-16.746494"><ele>284.08</ele></rtept><rtept lat="32.753613" lon="-16.746174"><ele>281.42</ele></rtept><rtept lat="32.753613" lon="-16.746029"><ele>280.36</ele></rtept><rtept lat="32.753624" lon="-16.74595"><ele>279.72</ele></rtept><rtept lat="32.75376" lon="-16.745617"><ele>277.49</ele></rtept><rtept lat="32.753815" lon="-16.745378"><ele>273.62</ele></rtept><rtept lat="32.753807" lon="-16.745296"><ele>272.14</ele></rtept><rtept lat="32.75367" lon="-16.745161"><ele>267.73</ele></rtept><rtept lat="32.753605" lon="-16.745064"><ele>265.39</ele></rtept><rtept lat="32.75358" lon="-16.744932"><ele>263.15</ele></rtept><rtept lat="32.753513" lon="-16.744823"><ele>260.81</ele></rtept><rtept lat="32.75342" lon="-16.74463"><ele>256.72</ele></rtept><rtept lat="32.753365" lon="-16.744287"><ele>251.02</ele></rtept><rtept lat="32.753384" lon="-16.743956"><ele>245.0</ele></rtept><rtept lat="32.75343" lon="-16.743805"><ele>240.88</ele></rtept><rtept lat="32.753414" lon="-16.743713"><ele>239.44</ele></rtept><rtept lat="32.75329" lon="-16.743378"><ele>240.94</ele></rtept><rtept lat="32.753353" lon="-16.743172"><ele>243.26</ele></rtept><rtept lat="32.753334" lon="-16.743092"><ele>243.69</ele></rtept><rtept lat="32.75327" lon="-16.743006"><ele>244.49</ele></rtept><rtept lat="32.753204" lon="-16.742966"><ele>245.23</ele></rtept><rtept lat="32.75315" lon="-16.742954"><ele>245.84</ele></rtept><rtept lat="32.75302" lon="-16.742767"><ele>248.02</ele></rtept><rtept lat="32.752964" lon="-16.742628"><ele>249.2</ele></rtept><rtept lat="32.752926" lon="-16.742516"><ele>249.95</ele></rtept><rtept lat="32.75282" lon="-16.742443"><ele>250.26</ele></rtept><rtept lat="32.7527" lon="-16.7422"><ele>248.76</ele></rtept><rtept lat="32.752632" lon="-16.742188"><ele>247.98</ele></rtept><rtept lat="32.75255" lon="-16.742096"><ele>246.33</ele></rtept><rtept lat="32.752434" lon="-16.742079"><ele>244.31</ele></rtept><rtept lat="32.752415" lon="-16.742065"><ele>243.85</ele></rtept><rtept lat="32.752415" lon="-16.742065"><ele>243.85</ele></rtept><rtept lat="32.752354" lon="-16.74202"><ele>242.3</ele></rtept><rtept lat="32.752274" lon="-16.742027"><ele>240.37</ele></rtept><rtept lat="32.752224" lon="-16.741999"><ele>238.94</ele></rtept><rtept lat="32.75209" lon="-16.74188"><ele>234.24</ele></rtept><rtept lat="32.752018" lon="-16.741846"><ele>231.9</ele></rtept><rtept lat="32.751617" lon="-16.741772"><ele>218.88</ele></rtept><rtept lat="32.751095" lon="-16.741507"><ele>202.27</ele></rtept><rtept lat="32.750984" lon="-16.741468"><ele>199.19</ele></rtept><rtept lat="32.750793" lon="-16.741447"><ele>193.98</ele></rtept><rtept lat="32.75039" lon="-16.741232"><ele>183.48</ele></rtept><rtept lat="32.750244" lon="-16.741129"><ele>180.15</ele></rtept><rtept lat="32.74994" lon="-16.74107"><ele>174.34</ele></rtept><rtept lat="32.749825" lon="-16.741104"><ele>172.82</ele></rtept><rtept lat="32.749767" lon="-16.74108"><ele>172.31</ele></rtept><rtept lat="32.749733" lon="-16.741007"><ele>171.8</ele></rtept><rtept lat="32.7497" lon="-16.740993"><ele>171.58</ele></rtept><rtept lat="32.749462" lon="-16.740969"><ele>169.7</ele></rtept><rtept lat="32.74936" lon="-16.74103"><ele>168.06</ele></rtept><rtept lat="32.748844" lon="-16.741014"><ele>161.07</ele></rtept><rtept lat="32.74878" lon="-16.740982"><ele>160.45</ele></rtept><rtept lat="32.748646" lon="-16.740961"><ele>158.91</ele></rtept><rtept lat="32.748554" lon="-16.740894"><ele>157.95</ele></rtept><rtept lat="32.74775" lon="-16.737389"><ele>151.52</ele></rtept><rtept lat="32.747017" lon="-16.728254"><ele>114.82</ele></rtept><rtept lat="32.747017" lon="-16.728254"><ele>114.82</ele></rtept><rtept lat="32.746918" lon="-16.7283"><ele>115.99</ele></rtept><rtept lat="32.746777" lon="-16.728392"><ele>117.87</ele></rtept><rtept lat="32.74656" lon="-16.728817"><ele>121.16</ele></rtept><rtept lat="32.746452" lon="-16.728855"><ele>121.46</ele></rtept><rtept lat="32.74635" lon="-16.728825"><ele>122.88</ele></rtept><rtept lat="32.74623" lon="-16.72869"><ele>127.8</ele></rtept><rtept lat="32.746185" lon="-16.728619"><ele>130.36</ele></rtept><rtept lat="32.746166" lon="-16.728561"><ele>132.18</ele></rtept><rtept lat="32.74616" lon="-16.7285"><ele>133.76</ele></rtept><rtept lat="32.74616" lon="-16.728306"><ele>136.27</ele></rtept><rtept lat="32.74614" lon="-16.728235"><ele>136.6</ele></rtept><rtept lat="32.74611" lon="-16.728182"><ele>136.74</ele></rtept><rtept lat="32.745712" lon="-16.727806"><ele>138.48</ele></rtept><rtept lat="32.745644" lon="-16.727722"><ele>138.15</ele></rtept><rtept lat="32.745594" lon="-16.727634"><ele>137.46</ele></rtept><rtept lat="32.74556" lon="-16.727566"><ele>136.88</ele></rtept><rtept lat="32.74552" lon="-16.72743"><ele>135.88</ele></rtept><rtept lat="32.745506" lon="-16.727348"><ele>135.37</ele></rtept><rtept lat="32.7455" lon="-16.727215"><ele>134.9</ele></rtept><rtept lat="32.74551" lon="-16.72708"><ele>134.87</ele></rtept><rtept lat="32.745556" lon="-16.726982"><ele>134.84</ele></rtept><rtept lat="32.74573" lon="-16.726576"><ele>141.95</ele></rtept><rtept lat="32.74581" lon="-16.726427"><ele>143.12</ele></rtept><rtept lat="32.74613" lon="-16.726032"><ele>144.37</ele></rtept><rtept lat="32.746223" lon="-16.725874"><ele>143.77</ele></rtept><rtept lat="32.74627" lon="-16.725763"><ele>142.66</ele></rtept><rtept lat="32.74629" lon="-16.725693"><ele>141.64</ele></rtept><rtept lat="32.7463" lon="-16.725613"><ele>140.32</ele></rtept><rtept lat="32.746296" lon="-16.725496"><ele>138.08</ele></rtept><rtept lat="32.746048" lon="-16.725063"><ele>127.22</ele></rtept><rtept lat="32.746033" lon="-16.724997"><ele>127.05</ele></rtept><rtept lat="32.746033" lon="-16.724915"><ele>126.19</ele></rtept><rtept lat="32.74611" lon="-16.724344"><ele>126.24</ele></rtept><rtept lat="32.746223" lon="-16.723948"><ele>121.59</ele></rtept><rtept lat="32.74624" lon="-16.723913"><ele>120.89</ele></rtept><rtept lat="32.74655" lon="-16.723644"><ele>114.12</ele></rtept><rtept lat="32.746605" lon="-16.72357"><ele>113.08</ele></rtept><rtept lat="32.746674" lon="-16.723448"><ele>111.65</ele></rtept><rtept lat="32.746716" lon="-16.723316"><ele>110.41</ele></rtept><rtept lat="32.74674" lon="-16.723139"><ele>109.18</ele></rtept><rtept lat="32.74673" lon="-16.723022"><ele>108.62</ele></rtept><rtept lat="32.746696" lon="-16.722946"><ele>108.31</ele></rtept><rtept lat="32.746647" lon="-16.72289"><ele>108.07</ele></rtept><rtept lat="32.746593" lon="-16.722849"><ele>107.91</ele></rtept><rtept lat="32.74699" lon="-16.722067"><ele>107.91</ele></rtept><rtept lat="32.74721" lon="-16.715122"><ele>59.71</ele></rtept><rtept lat="32.751255" lon="-16.70857"><ele>140.01</ele></rtept><rtept lat="32.751324" lon="-16.708502"><ele>140.01</ele></rtept><rtept lat="32.75125" lon="-16.708397"><ele>141.64</ele></rtept><rtept lat="32.75108" lon="-16.708256"><ele>142.8</ele></rtept><rtept lat="32.75095" lon="-16.708092"><ele>143.85</ele></rtept><rtept lat="32.750748" lon="-16.70807"><ele>143.8</ele></rtept><rtept lat="32.750668" lon="-16.707987"><ele>143.39</ele></rtept><rtept lat="32.750538" lon="-16.707905"><ele>142.27</ele></rtept><rtept lat="32.750496" lon="-16.707863"><ele>141.69</ele></rtept><rtept lat="32.75023" lon="-16.707561"><ele>137.19</ele></rtept><rtept lat="32.749958" lon="-16.707352"><ele>128.91</ele></rtept><rtept lat="32.74987" lon="-16.707262"><ele>126.82</ele></rtept><rtept lat="32.749775" lon="-16.70722"><ele>125.2</ele></rtept><rtept lat="32.749775" lon="-16.70715"><ele>127.18</ele></rtept><rtept lat="32.749763" lon="-16.707092"><ele>128.14</ele></rtept><rtept lat="32.749737" lon="-16.707045"><ele>128.2</ele></rtept><rtept lat="32.7497" lon="-16.707003"><ele>127.93</ele></rtept><rtept lat="32.749397" lon="-16.70686"><ele>128.69</ele></rtept><rtept lat="32.7493" lon="-16.706821"><ele>130.78</ele></rtept><rtept lat="32.748837" lon="-16.706654"><ele>132.2</ele></rtept><rtept lat="32.748528" lon="-16.706562"><ele>135.51</ele></rtept><rtept lat="32.748367" lon="-16.706495"><ele>134.5</ele></rtept><rtept lat="32.748272" lon="-16.706442"><ele>133.6</ele></rtept><rtept lat="32.748177" lon="-16.706358"><ele>132.01</ele></rtept><rtept lat="32.748123" lon="-16.706348"><ele>131.43</ele></rtept><rtept lat="32.747917" lon="-16.706379"><ele>130.54</ele></rtept><rtept lat="32.74785" lon="-16.706379"><ele>130.38</ele></rtept><rtept lat="32.747726" lon="-16.706335"><ele>130.14</ele></rtept><rtept lat="32.747265" lon="-16.706022"><ele>131.73</ele></rtept><rtept lat="32.747265" lon="-16.706022"><ele>131.73</ele></rtept><rtept lat="32.747208" lon="-16.705976"><ele>132.51</ele></rtept><rtept lat="32.74714" lon="-16.7059"><ele>133.96</ele></rtept><rtept lat="32.74709" lon="-16.705797"><ele>135.9</ele></rtept><rtept lat="32.746807" lon="-16.70536"><ele>135.9</ele></rtept><rtept lat="32.748707" lon="-16.703411"><ele>100.84</ele></rtept><rtept lat="32.74791" lon="-16.700392"><ele>90.67</ele></rtept><rtept lat="32.74704" lon="-16.698214"><ele>68.93</ele></rtept><rtept lat="32.746986" lon="-16.698036"><ele>68.93</ele></rtept><rtept lat="32.747025" lon="-16.697933"><ele>67.73</ele></rtept><rtept lat="32.747227" lon="-16.697685"><ele>60.53</ele></rtept><rtept lat="32.74734" lon="-16.69759"><ele>57.26</ele></rtept><rtept lat="32.747395" lon="-16.697569"><ele>57.36</ele></rtept><rtept lat="32.74746" lon="-16.69756"><ele>56.96</ele></rtept><rtept lat="32.7475" lon="-16.69757"><ele>57.53</ele></rtept><rtept lat="32.74756" lon="-16.697618"><ele>60.32</ele></rtept><rtept lat="32.747604" lon="-16.697615"><ele>59.5</ele></rtept><rtept lat="32.747673" lon="-16.697628"><ele>58.84</ele></rtept><rtept lat="32.747818" lon="-16.697674"><ele>57.47</ele></rtept><rtept lat="32.7479" lon="-16.697718"><ele>57.01</ele></rtept><rtept lat="32.747982" lon="-16.697737"><ele>55.55</ele></rtept><rtept lat="32.748047" lon="-16.69785"><ele>58.9</ele></rtept><rtept lat="32.748096" lon="-16.697824"><ele>58.33</ele></rtept><rtept lat="32.74819" lon="-16.697742"><ele>54.7</ele></rtept><rtept lat="32.74841" lon="-16.69763"><ele>49.3</ele></rtept><rtept lat="32.748672" lon="-16.697527"><ele>42.58</ele></rtept><rtept lat="32.74873" lon="-16.697474"><ele>42.66</ele></rtept><rtept lat="32.748707" lon="-16.69744"><ele>41.7</ele></rtept><rtept lat="32.7487" lon="-16.697397"><ele>40.93</ele></rtept><rtept lat="32.7487" lon="-16.69729"><ele>40.31</ele></rtept><rtept lat="32.748642" lon="-16.69716"><ele>39.59</ele></rtept><rtept lat="32.748634" lon="-16.69703"><ele>39.38</ele></rtept><rtept lat="32.748646" lon="-16.696953"><ele>40.29</ele></rtept><rtept lat="32.74863" lon="-16.69678"><ele>42.31</ele></rtept><rtept lat="32.748596" lon="-16.696705"><ele>43.42</ele></rtept><rtept lat="32.748573" lon="-16.696592"><ele>47.01</ele></rtept><rtept lat="32.748528" lon="-16.696466"><ele>51.22</ele></rtept><rtept lat="32.748524" lon="-16.696314"><ele>55.34</ele></rtept><rtept lat="32.748486" lon="-16.696125"><ele>58.19</ele></rtept><rtept lat="32.748493" lon="-16.696117"><ele>58.36</ele></rtept><rtept lat="32.748703" lon="-16.696205"><ele>65.04</ele></rtept><rtept lat="32.7488" lon="-16.696205"><ele>67.83</ele></rtept><rtept lat="32.749176" lon="-16.696005"><ele>79.75</ele></rtept><rtept lat="32.74929" lon="-16.695902"><ele>83.33</ele></rtept><rtept lat="32.749386" lon="-16.695848"><ele>85.4</ele></rtept><rtept lat="32.75009" lon="-16.695747"><ele>91.81</ele></rtept><rtept lat="32.750248" lon="-16.695606"><ele>92.64</ele></rtept><rtept lat="32.75034" lon="-16.695498"><ele>93.06</ele></rtept><rtept lat="32.75043" lon="-16.695316"><ele>92.29</ele></rtept><rtept lat="32.75044" lon="-16.695152"><ele>92.77</ele></rtept><rtept lat="32.750397" lon="-16.694979"><ele>91.85</ele></rtept><rtept lat="32.750313" lon="-16.694769"><ele>83.84</ele></rtept><rtept lat="32.750336" lon="-16.694681"><ele>81.78</ele></rtept><rtept lat="32.750374" lon="-16.694647"><ele>82.32</ele></rtept><rtept lat="32.750412" lon="-16.694635"><ele>83.76</ele></rtept><rtept lat="32.750477" lon="-16.694582"><ele>79.93</ele></rtept><rtept lat="32.75051" lon="-16.694506"><ele>74.4</ele></rtept><rtept lat="32.750534" lon="-16.694418"><ele>67.32</ele></rtept><rtept lat="32.75047" lon="-16.69427"><ele>68.73</ele></rtept><rtept lat="32.750446" lon="-16.694166"><ele>69.64</ele></rtept><rtept lat="32.75044" lon="-16.694044"><ele>69.97</ele></rtept><rtept lat="32.75025" lon="-16.693834"><ele>78.35</ele></rtept><rtept lat="32.750217" lon="-16.693785"><ele>79.85</ele></rtept><rtept lat="32.75018" lon="-16.693787"><ele>80.79</ele></rtept><rtept lat="32.750057" lon="-16.693668"><ele>82.31</ele></rtept><rtept lat="32.74992" lon="-16.693624"><ele>82.47</ele></rtept><rtept lat="32.74976" lon="-16.69365"><ele>83.81</ele></rtept><rtept lat="32.74936" lon="-16.69366"><ele>85.46</ele></rtept><rtept lat="32.749245" lon="-16.693642"><ele>85.54</ele></rtept><rtept lat="32.749187" lon="-16.693596"><ele>85.32</ele></rtept><rtept lat="32.749023" lon="-16.693586"><ele>85.58</ele></rtept><rtept lat="32.74894" lon="-16.693548"><ele>86.3</ele></rtept><rtept lat="32.748817" lon="-16.69347"><ele>87.54</ele></rtept><rtept lat="32.74869" lon="-16.693428"><ele>88.94</ele></rtept><rtept lat="32.748627" lon="-16.693367"><ele>87.52</ele></rtept><rtept lat="32.74868" lon="-16.693174"><ele>85.31</ele></rtept><rtept lat="32.748734" lon="-16.693039"><ele>85.82</ele></rtept><rtept lat="32.748886" lon="-16.692722"><ele>88.09</ele></rtept><rtept lat="32.748917" lon="-16.692602"><ele>88.71</ele></rtept><rtept lat="32.748917" lon="-16.692516"><ele>89.12</ele></rtept><rtept lat="32.748955" lon="-16.69242"><ele>89.64</ele></rtept><rtept lat="32.748936" lon="-16.692312"><ele>90.27</ele></rtept><rtept lat="32.74897" lon="-16.692183"><ele>91.27</ele></rtept><rtept lat="32.74896" lon="-16.692081"><ele>92.1</ele></rtept><rtept lat="32.74894" lon="-16.692055"><ele>92.41</ele></rtept><rtept lat="32.748856" lon="-16.692062"><ele>93.31</ele></rtept><rtept lat="32.748806" lon="-16.692041"><ele>93.84</ele></rtept><rtept lat="32.748756" lon="-16.691978"><ele>94.58</ele></rtept><rtept lat="32.74871" lon="-16.691957"><ele>95.12</ele></rtept><rtept lat="32.748646" lon="-16.691977"><ele>95.8</ele></rtept><rtept lat="32.748554" lon="-16.691925"><ele>96.66</ele></rtept><rtept lat="32.74834" lon="-16.69174"><ele>97.94</ele></rtept><rtept lat="32.74819" lon="-16.691687"><ele>98.01</ele></rtept><rtept lat="32.747864" lon="-16.691689"><ele>97.22</ele></rtept><rtept lat="32.747646" lon="-16.691753"><ele>96.23</ele></rtept><rtept lat="32.747574" lon="-16.691751"><ele>95.84</ele></rtept><rtept lat="32.747513" lon="-16.69174"><ele>95.53</ele></rtept><rtept lat="32.74745" lon="-16.691675"><ele>95.23</ele></rtept><rtept lat="32.74726" lon="-16.691181"><ele>94.52</ele></rtept><rtept lat="32.7472" lon="-16.69104"><ele>94.12</ele></rtept><rtept lat="32.74715" lon="-16.690952"><ele>93.72</ele></rtept><rtept lat="32.74709" lon="-16.690878"><ele>93.66</ele></rtept><rtept lat="32.746998" lon="-16.690807"><ele>93.54</ele></rtept><rtept lat="32.746758" lon="-16.690672"><ele>91.64</ele></rtept><rtept lat="32.74667" lon="-16.690615"><ele>90.41</ele></rtept><rtept lat="32.74663" lon="-16.690601"><ele>89.87</ele></rtept><rtept lat="32.746628" lon="-16.690575"><ele>89.55</ele></rtept><rtept lat="32.74664" lon="-16.69054"><ele>89.09</ele></rtept><rtept lat="32.74657" lon="-16.690271"><ele>85.02</ele></rtept><rtept lat="32.746536" lon="-16.690289"><ele>84.35</ele></rtept><rtept lat="32.746525" lon="-16.690252"><ele>83.8</ele></rtept><rtept lat="32.74649" lon="-16.69027"><ele>83.19</ele></rtept><rtept lat="32.746433" lon="-16.690187"><ele>81.79</ele></rtept><rtept lat="32.746254" lon="-16.689829"><ele>78.11</ele></rtept><rtept lat="32.746204" lon="-16.689697"><ele>76.15</ele></rtept><rtept lat="32.74613" lon="-16.68956"><ele>73.65</ele></rtept><rtept lat="32.746113" lon="-16.689404"><ele>71.24</ele></rtept><rtept lat="32.746082" lon="-16.689344"><ele>70.12</ele></rtept><rtept lat="32.74604" lon="-16.68914"><ele>67.41</ele></rtept><rtept lat="32.746002" lon="-16.68904"><ele>66.08</ele></rtept><rtept lat="32.745934" lon="-16.688944"><ele>63.39</ele></rtept><rtept lat="32.745884" lon="-16.68869"><ele>54.64</ele></rtept><rtept lat="32.74588" lon="-16.688438"><ele>54.02</ele></rtept><rtept lat="32.745846" lon="-16.688284"><ele>51.92</ele></rtept><rtept lat="32.74585" lon="-16.688213"><ele>54.55</ele></rtept><rtept lat="32.74588" lon="-16.688082"><ele>59.07</ele></rtept><rtept lat="32.74594" lon="-16.687962"><ele>61.61</ele></rtept><rtept lat="32.74604" lon="-16.687878"><ele>64.81</ele></rtept><rtept lat="32.746063" lon="-16.687813"><ele>66.82</ele></rtept><rtept lat="32.746143" lon="-16.687716"><ele>68.4</ele></rtept><rtept lat="32.746292" lon="-16.687592"><ele>71.0</ele></rtept><rtept lat="32.746315" lon="-16.687582"><ele>71.55</ele></rtept><rtept lat="32.746315" lon="-16.687374"><ele>73.11</ele></rtept><rtept lat="32.74626" lon="-16.687181"><ele>75.66</ele></rtept><rtept lat="32.746113" lon="-16.68705"><ele>78.13</ele></rtept><rtept lat="32.745968" lon="-16.686764"><ele>79.03</ele></rtept><rtept lat="32.7459" lon="-16.686705"><ele>79.26</ele></rtept><rtept lat="32.74583" lon="-16.686693"><ele>79.36</ele></rtept><rtept lat="32.74568" lon="-16.686695"><ele>79.11</ele></rtept><rtept lat="32.745564" lon="-16.686657"><ele>78.55</ele></rtept><rtept lat="32.745377" lon="-16.686558"><ele>76.69</ele></rtept><rtept lat="32.745304" lon="-16.686527"><ele>75.8</ele></rtept><rtept lat="32.745255" lon="-16.68647"><ele>74.91</ele></rtept><rtept lat="32.74509" lon="-16.686346"><ele>72.46</ele></rtept><rtept lat="32.74495" lon="-16.686266"><ele>69.74</ele></rtept><rtept lat="32.744846" lon="-16.686226"><ele>67.39</ele></rtept><rtept lat="32.744816" lon="-16.686144"><ele>65.72</ele></rtept><rtept lat="32.74488" lon="-16.686071"><ele>66.17</ele></rtept><rtept lat="32.74489" lon="-16.686022"><ele>65.89</ele></rtept><rtept lat="32.74488" lon="-16.685946"><ele>65.78</ele></rtept><rtept lat="32.74491" lon="-16.685753"><ele>66.02</ele></rtept><rtept lat="32.744915" lon="-16.685616"><ele>66.42</ele></rtept><rtept lat="32.744904" lon="-16.685509"><ele>66.66</ele></rtept><rtept lat="32.74487" lon="-16.685413"><ele>66.78</ele></rtept><rtept lat="32.74487" lon="-16.68527"><ele>66.81</ele></rtept><rtept lat="32.744884" lon="-16.685184"><ele>66.8</ele></rtept><rtept lat="32.74482" lon="-16.68501"><ele>66.78</ele></rtept><rtept lat="32.74467" lon="-16.684715"><ele>66.27</ele></rtept><rtept lat="32.74451" lon="-16.684263"><ele>65.42</ele></rtept><rtept lat="32.74443" lon="-16.684128"><ele>65.15</ele></rtept><rtept lat="32.744434" lon="-16.683958"><ele>64.87</ele></rtept><rtept lat="32.744423" lon="-16.683907"><ele>64.78</ele></rtept><rtept lat="32.7444" lon="-16.68387"><ele>64.69</ele></rtept><rtept lat="32.74434" lon="-16.683853"><ele>64.54</ele></rtept><rtept lat="32.7443" lon="-16.683794"><ele>64.38</ele></rtept><rtept lat="32.744198" lon="-16.683708"><ele>64.09</ele></rtept><rtept lat="32.74418" lon="-16.683622"><ele>63.97</ele></rtept><rtept lat="32.744152" lon="-16.683567"><ele>63.91</ele></rtept><rtept lat="32.744072" lon="-16.683489"><ele>63.9</ele></rtept><rtept lat="32.74381" lon="-16.68327"><ele>63.38</ele></rtept><rtept lat="32.74376" lon="-16.6832"><ele>63.31</ele></rtept><rtept lat="32.739174" lon="-16.680506"><ele>83.77</ele></rtept><rtept lat="32.74362" lon="-16.686518"><ele>39.63</ele></rtept><rtept lat="32.743736" lon="-16.686481"><ele>39.63</ele></rtept><rtept lat="32.743748" lon="-16.686518"><ele>40.19</ele></rtept><rtept lat="32.74378" lon="-16.68654"><ele>40.88</ele></rtept><rtept lat="32.743923" lon="-16.686464"><ele>43.84</ele></rtept><rtept lat="32.744034" lon="-16.686443"><ele>46.04</ele></rtept><rtept lat="32.744175" lon="-16.68637"><ele>49.11</ele></rtept><rtept lat="32.744453" lon="-16.68629"><ele>57.26</ele></rtept><rtept lat="32.744667" lon="-16.686216"><ele>62.16</ele></rtept><rtept lat="32.744743" lon="-16.686136"><ele>63.9</ele></rtept><rtept lat="32.744816" lon="-16.686144"><ele>65.72</ele></rtept><rtept lat="32.744846" lon="-16.686226"><ele>67.39</ele></rtept><rtept lat="32.74495" lon="-16.686266"><ele>69.74</ele></rtept><rtept lat="32.74509" lon="-16.686346"><ele>72.46</ele></rtept><rtept lat="32.745255" lon="-16.68647"><ele>74.91</ele></rtept><rtept lat="32.745304" lon="-16.686527"><ele>75.8</ele></rtept><rtept lat="32.745377" lon="-16.686558"><ele>76.69</ele></rtept><rtept lat="32.745564" lon="-16.686657"><ele>78.55</ele></rtept><rtept lat="32.74568" lon="-16.686695"><ele>79.11</ele></rtept><rtept lat="32.74583" lon="-16.686693"><ele>79.36</ele></rtept><rtept lat="32.7459" lon="-16.686705"><ele>79.26</ele></rtept><rtept lat="32.745968" lon="-16.686764"><ele>79.03</ele></rtept><rtept lat="32.746113" lon="-16.68705"><ele>78.13</ele></rtept><rtept lat="32.74626" lon="-16.687181"><ele>75.66</ele></rtept><rtept lat="32.746315" lon="-16.687374"><ele>73.11</ele></rtept><rtept lat="32.746315" lon="-16.687582"><ele>71.55</ele></rtept><rtept lat="32.746292" lon="-16.687592"><ele>71.0</ele></rtept><rtept lat="32.746143" lon="-16.687716"><ele>68.4</ele></rtept><rtept lat="32.746063" lon="-16.687813"><ele>66.82</ele></rtept><rtept lat="32.74604" lon="-16.687878"><ele>64.81</ele></rtept><rtept lat="32.74594" lon="-16.687962"><ele>61.61</ele></rtept><rtept lat="32.74588" lon="-16.688082"><ele>59.07</ele></rtept><rtept lat="32.74585" lon="-16.688213"><ele>54.55</ele></rtept><rtept lat="32.745846" lon="-16.688284"><ele>51.92</ele></rtept><rtept lat="32.74588" lon="-16.688438"><ele>54.02</ele></rtept><rtept lat="32.745884" lon="-16.68869"><ele>54.64</ele></rtept><rtept lat="32.745934" lon="-16.688944"><ele>63.39</ele></rtept><rtept lat="32.746002" lon="-16.68904"><ele>66.08</ele></rtept><rtept lat="32.74604" lon="-16.68914"><ele>67.41</ele></rtept><rtept lat="32.746082" lon="-16.689344"><ele>70.12</ele></rtept><rtept lat="32.746113" lon="-16.689404"><ele>71.24</ele></rtept><rtept lat="32.74613" lon="-16.68956"><ele>73.65</ele></rtept><rtept lat="32.746204" lon="-16.689697"><ele>76.15</ele></rtept><rtept lat="32.746254" lon="-16.689829"><ele>78.11</ele></rtept><rtept lat="32.746433" lon="-16.690187"><ele>81.79</ele></rtept><rtept lat="32.74649" lon="-16.69027"><ele>83.19</ele></rtept><rtept lat="32.746525" lon="-16.690252"><ele>83.8</ele></rtept><rtept lat="32.746536" lon="-16.690289"><ele>84.35</ele></rtept><rtept lat="32.74657" lon="-16.690271"><ele>85.02</ele></rtept><rtept lat="32.74664" lon="-16.69054"><ele>89.09</ele></rtept><rtept lat="32.746628" lon="-16.690575"><ele>89.55</ele></rtept><rtept lat="32.74663" lon="-16.690601"><ele>89.87</ele></rtept><rtept lat="32.74667" lon="-16.690615"><ele>90.41</ele></rtept><rtept lat="32.746758" lon="-16.690672"><ele>91.64</ele></rtept><rtept lat="32.746998" lon="-16.690807"><ele>93.54</ele></rtept><rtept lat="32.74709" lon="-16.690878"><ele>93.66</ele></rtept><rtept lat="32.74715" lon="-16.690952"><ele>93.72</ele></rtept><rtept lat="32.7472" lon="-16.69104"><ele>94.12</ele></rtept><rtept lat="32.74726" lon="-16.691181"><ele>94.52</ele></rtept><rtept lat="32.74745" lon="-16.691675"><ele>95.23</ele></rtept><rtept lat="32.747513" lon="-16.69174"><ele>95.53</ele></rtept><rtept lat="32.747574" lon="-16.691751"><ele>95.84</ele></rtept><rtept lat="32.747646" lon="-16.691753"><ele>96.23</ele></rtept><rtept lat="32.747864" lon="-16.691689"><ele>97.22</ele></rtept><rtept lat="32.74819" lon="-16.691687"><ele>98.01</ele></rtept><rtept lat="32.74834" lon="-16.69174"><ele>97.94</ele></rtept><rtept lat="32.748554" lon="-16.691925"><ele>96.66</ele></rtept><rtept lat="32.748646" lon="-16.691977"><ele>95.8</ele></rtept><rtept lat="32.74871" lon="-16.691957"><ele>95.12</ele></rtept><rtept lat="32.748756" lon="-16.691978"><ele>94.58</ele></rtept><rtept lat="32.748806" lon="-16.692041"><ele>93.84</ele></rtept><rtept lat="32.748856" lon="-16.692062"><ele>93.31</ele></rtept><rtept lat="32.74894" lon="-16.692055"><ele>92.41</ele></rtept><rtept lat="32.74896" lon="-16.692081"><ele>92.1</ele></rtept><rtept lat="32.74897" lon="-16.692183"><ele>91.27</ele></rtept><rtept lat="32.748936" lon="-16.692312"><ele>90.27</ele></rtept><rtept lat="32.748955" lon="-16.69242"><ele>89.64</ele></rtept><rtept lat="32.748917" lon="-16.692516"><ele>89.12</ele></rtept><rtept lat="32.748917" lon="-16.692602"><ele>88.71</ele></rtept><rtept lat="32.748886" lon="-16.692722"><ele>88.09</ele></rtept><rtept lat="32.748734" lon="-16.693039"><ele>85.82</ele></rtept><rtept lat="32.74868" lon="-16.693174"><ele>85.31</ele></rtept><rtept lat="32.748627" lon="-16.693367"><ele>87.52</ele></rtept><rtept lat="32.74869" lon="-16.693428"><ele>88.94</ele></rtept><rtept lat="32.748817" lon="-16.69347"><ele>87.54</ele></rtept><rtept lat="32.74894" lon="-16.693548"><ele>86.3</ele></rtept><rtept lat="32.749023" lon="-16.693586"><ele>85.58</ele></rtept><rtept lat="32.749187" lon="-16.693596"><ele>85.32</ele></rtept><rtept lat="32.749245" lon="-16.693642"><ele>85.54</ele></rtept><rtept lat="32.74936" lon="-16.69366"><ele>85.46</ele></rtept><rtept lat="32.74976" lon="-16.69365"><ele>83.81</ele></rtept><rtept lat="32.74992" lon="-16.693624"><ele>82.47</ele></rtept><rtept lat="32.750057" lon="-16.693668"><ele>82.31</ele></rtept><rtept lat="32.75018" lon="-16.693787"><ele>80.79</ele></rtept><rtept lat="32.750217" lon="-16.693785"><ele>79.85</ele></rtept><rtept lat="32.75025" lon="-16.693834"><ele>78.35</ele></rtept><rtept lat="32.75044" lon="-16.694044"><ele>69.97</ele></rtept><rtept lat="32.750446" lon="-16.694166"><ele>69.64</ele></rtept><rtept lat="32.75047" lon="-16.69427"><ele>68.73</ele></rtept><rtept lat="32.750534" lon="-16.694418"><ele>67.32</ele></rtept><rtept lat="32.75051" lon="-16.694506"><ele>74.4</ele></rtept><rtept lat="32.750477" lon="-16.694582"><ele>79.93</ele></rtept><rtept lat="32.750412" lon="-16.694635"><ele>83.76</ele></rtept><rtept lat="32.750374" lon="-16.694647"><ele>82.32</ele></rtept><rtept lat="32.750336" lon="-16.694681"><ele>81.78</ele></rtept><rtept lat="32.750313" lon="-16.694769"><ele>83.84</ele></rtept><rtept lat="32.750397" lon="-16.694979"><ele>91.85</ele></rtept><rtept lat="32.75044" lon="-16.695152"><ele>92.77</ele></rtept><rtept lat="32.75043" lon="-16.695316"><ele>92.29</ele></rtept><rtept lat="32.75034" lon="-16.695498"><ele>93.06</ele></rtept><rtept lat="32.750248" lon="-16.695606"><ele>92.64</ele></rtept><rtept lat="32.75009" lon="-16.695747"><ele>91.81</ele></rtept><rtept lat="32.749386" lon="-16.695848"><ele>85.4</ele></rtept><rtept lat="32.74929" lon="-16.695902"><ele>83.33</ele></rtept><rtept lat="32.749176" lon="-16.696005"><ele>79.75</ele></rtept><rtept lat="32.7488" lon="-16.696205"><ele>67.83</ele></rtept><rtept lat="32.748703" lon="-16.696205"><ele>65.04</ele></rtept><rtept lat="32.748493" lon="-16.696117"><ele>58.36</ele></rtept><rtept lat="32.748486" lon="-16.696125"><ele>58.19</ele></rtept><rtept lat="32.748524" lon="-16.696314"><ele>55.34</ele></rtept><rtept lat="32.748528" lon="-16.696466"><ele>51.22</ele></rtept><rtept lat="32.748573" lon="-16.696592"><ele>47.01</ele></rtept><rtept lat="32.748596" lon="-16.696705"><ele>43.42</ele></rtept><rtept lat="32.74863" lon="-16.69678"><ele>42.31</ele></rtept><rtept lat="32.748646" lon="-16.696953"><ele>40.29</ele></rtept><rtept lat="32.748634" lon="-16.69703"><ele>39.38</ele></rtept><rtept lat="32.748642" lon="-16.69716"><ele>39.59</ele></rtept><rtept lat="32.7487" lon="-16.69729"><ele>40.31</ele></rtept><rtept lat="32.7487" lon="-16.697397"><ele>40.93</ele></rtept><rtept lat="32.748707" lon="-16.69744"><ele>41.7</ele></rtept><rtept lat="32.74873" lon="-16.697474"><ele>42.66</ele></rtept><rtept lat="32.748672" lon="-16.697527"><ele>42.58</ele></rtept><rtept lat="32.74841" lon="-16.69763"><ele>49.3</ele></rtept><rtept lat="32.74819" lon="-16.697742"><ele>54.7</ele></rtept><rtept lat="32.748096" lon="-16.697824"><ele>58.33</ele></rtept><rtept lat="32.748047" lon="-16.69785"><ele>58.9</ele></rtept><rtept lat="32.747982" lon="-16.697737"><ele>55.55</ele></rtept><rtept lat="32.7479" lon="-16.697718"><ele>57.01</ele></rtept><rtept lat="32.747818" lon="-16.697674"><ele>57.47</ele></rtept><rtept lat="32.747673" lon="-16.697628"><ele>58.84</ele></rtept><rtept lat="32.747604" lon="-16.697615"><ele>59.5</ele></rtept><rtept lat="32.74756" lon="-16.697618"><ele>60.32</ele></rtept><rtept lat="32.7475" lon="-16.69757"><ele>57.53</ele></rtept><rtept lat="32.74746" lon="-16.69756"><ele>56.96</ele></rtept><rtept lat="32.747395" lon="-16.697569"><ele>57.36</ele></rtept><rtept lat="32.74734" lon="-16.69759"><ele>57.26</ele></rtept><rtept lat="32.747227" lon="-16.697685"><ele>60.53</ele></rtept><rtept lat="32.747025" lon="-16.697933"><ele>67.73</ele></rtept><rtept lat="32.746986" lon="-16.698036"><ele>68.93</ele></rtept><rtept lat="32.746952" lon="-16.698042"><ele>67.22</ele></rtept><rtept lat="32.746887" lon="-16.698097"><ele>66.32</ele></rtept><rtept lat="32.74667" lon="-16.698345"><ele>68.67</ele></rtept><rtept lat="32.746407" lon="-16.69866"><ele>69.74</ele></rtept><rtept lat="32.74627" lon="-16.698757"><ele>70.49</ele></rtept><rtept lat="32.746212" lon="-16.698893"><ele>70.63</ele></rtept><rtept lat="32.746147" lon="-16.699097"><ele>69.52</ele></rtept><rtept lat="32.74605" lon="-16.699251"><ele>64.99</ele></rtept><rtept lat="32.746" lon="-16.699383"><ele>64.24</ele></rtept><rtept lat="32.745934" lon="-16.699593"><ele>63.67</ele></rtept><rtept lat="32.745853" lon="-16.699915"><ele>61.63</ele></rtept><rtept lat="32.745785" lon="-16.700014"><ele>60.78</ele></rtept><rtept lat="32.745785" lon="-16.700014"><ele>60.78</ele></rtept><rtept lat="32.74565" lon="-16.700209"><ele>59.1</ele></rtept><rtept lat="32.74556" lon="-16.7003"><ele>57.73</ele></rtept><rtept lat="32.745457" lon="-16.700348"><ele>56.04</ele></rtept><rtept lat="32.745132" lon="-16.700605"><ele>51.36</ele></rtept><rtept lat="32.744846" lon="-16.700647"><ele>47.82</ele></rtept><rtept lat="32.744667" lon="-16.700697"><ele>48.65</ele></rtept><rtept lat="32.744446" lon="-16.700665"><ele>54.9</ele></rtept><rtept lat="32.744125" lon="-16.700638"><ele>65.91</ele></rtept><rtept lat="32.74401" lon="-16.700657"><ele>69.87</ele></rtept><rtept lat="32.743908" lon="-16.700687"><ele>73.17</ele></rtept><rtept lat="32.74387" lon="-16.700714"><ele>73.91</ele></rtept><rtept lat="32.74385" lon="-16.700745"><ele>74.16</ele></rtept><rtept lat="32.743835" lon="-16.700802"><ele>74.59</ele></rtept><rtept lat="32.743828" lon="-16.700869"><ele>74.94</ele></rtept><rtept lat="32.74381" lon="-16.700861"><ele>75.02</ele></rtept><rtept lat="32.74379" lon="-16.700838"><ele>75.08</ele></rtept><rtept lat="32.74379" lon="-16.700762"><ele>75.4</ele></rtept><rtept lat="32.74371" lon="-16.70075"><ele>75.73</ele></rtept><rtept lat="32.74366" lon="-16.700785"><ele>75.75</ele></rtept><rtept lat="32.743546" lon="-16.700844"><ele>75.05</ele></rtept><rtept lat="32.743454" lon="-16.700876"><ele>74.04</ele></rtept><rtept lat="32.743366" lon="-16.70098"><ele>72.59</ele></rtept><rtept lat="32.743317" lon="-16.70099"><ele>71.98</ele></rtept><rtept lat="32.743263" lon="-16.701036"><ele>71.16</ele></rtept><rtept lat="32.74327" lon="-16.701096"><ele>71.41</ele></rtept><rtept lat="32.743267" lon="-16.70113"><ele>71.31</ele></rtept><rtept lat="32.74325" lon="-16.70116"><ele>70.98</ele></rtept><rtept lat="32.743225" lon="-16.701185"><ele>70.59</ele></rtept><rtept lat="32.743176" lon="-16.701199"><ele>69.88</ele></rtept><rtept lat="32.743145" lon="-16.70119"><ele>69.23</ele></rtept><rtept lat="32.74312" lon="-16.701172"><ele>68.49</ele></rtept><rtept lat="32.743023" lon="-16.7014"><ele>66.95</ele></rtept><rtept lat="32.7427" lon="-16.701832"><ele>63.13</ele></rtept><rtept lat="32.742474" lon="-16.70212"><ele>66.95</ele></rtept><rtept lat="32.74238" lon="-16.702225"><ele>67.75</ele></rtept><rtept lat="32.742275" lon="-16.702312"><ele>68.34</ele></rtept><rtept lat="32.74195" lon="-16.702524"><ele>69.97</ele></rtept><rtept lat="32.74171" lon="-16.702667"><ele>70.63</ele></rtept><rtept lat="32.74141" lon="-16.702814"><ele>70.35</ele></rtept><rtept lat="32.740585" lon="-16.703188"><ele>61.67</ele></rtept><rtept lat="32.740444" lon="-16.703262"><ele>59.48</ele></rtept><rtept lat="32.74035" lon="-16.703331"><ele>57.58</ele></rtept><rtept lat="32.740276" lon="-16.703402"><ele>55.85</ele></rtept><rtept lat="32.740185" lon="-16.703526"><ele>53.14</ele></rtept><rtept lat="32.740124" lon="-16.703644"><ele>50.94</ele></rtept><rtept lat="32.74008" lon="-16.703775"><ele>48.91</ele></rtept><rtept lat="32.740055" lon="-16.703913"><ele>47.17</ele></rtept><rtept lat="32.740055" lon="-16.704103"><ele>44.13</ele></rtept><rtept lat="32.74008" lon="-16.704256"><ele>41.34</ele></rtept><rtept lat="32.740128" lon="-16.704391"><ele>39.28</ele></rtept><rtept lat="32.740192" lon="-16.70452"><ele>39.59</ele></rtept><rtept lat="32.740273" lon="-16.704645"><ele>41.44</ele></rtept><rtept lat="32.740482" lon="-16.704952"><ele>36.5</ele></rtept><rtept lat="32.740604" lon="-16.705091"><ele>35.58</ele></rtept><rtept lat="32.74066" lon="-16.705149"><ele>35.16</ele></rtept><rtept lat="32.742634" lon="-16.706854"><ele>24.18</ele></rtept><rtept lat="32.742756" lon="-16.706991"><ele>24.57</ele></rtept><rtept lat="32.742813" lon="-16.707075"><ele>24.89</ele></rtept><rtept lat="32.74404" lon="-16.70886"><ele>29.58</ele></rtept><rtept lat="32.74408" lon="-16.708931"><ele>30.02</ele></rtept><rtept lat="32.744133" lon="-16.70906"><ele>31.23</ele></rtept><rtept lat="32.744167" lon="-16.70924"><ele>33.79</ele></rtept><rtept lat="32.744175" lon="-16.709412"><ele>36.68</ele></rtept><rtept lat="32.744167" lon="-16.709501"><ele>38.2</ele></rtept><rtept lat="32.744144" lon="-16.709604"><ele>39.99</ele></rtept><rtept lat="32.743893" lon="-16.71055"><ele>34.96</ele></rtept><rtept lat="32.744053" lon="-16.710611"><ele>36.4</ele></rtept><rtept lat="32.744102" lon="-16.71042"><ele>37.61</ele></rtept><rtept lat="32.744102" lon="-16.71042"><ele>37.61</ele></rtept><rtept lat="32.744053" lon="-16.710611"><ele>36.4</ele></rtept><rtept lat="32.743893" lon="-16.71055"><ele>34.96</ele></rtept><rtept lat="32.74375" lon="-16.711105"><ele>45.24</ele></rtept><rtept lat="32.743744" lon="-16.711222"><ele>46.8</ele></rtept><rtept lat="32.74375" lon="-16.711275"><ele>47.44</ele></rtept><rtept lat="32.743774" lon="-16.711363"><ele>48.54</ele></rtept><rtept lat="32.743816" lon="-16.71144"><ele>49.74</ele></rtept><rtept lat="32.74389" lon="-16.711514"><ele>51.09</ele></rtept><rtept lat="32.744705" lon="-16.712187"><ele>60.6</ele></rtept><rtept lat="32.745052" lon="-16.712456"><ele>65.36</ele></rtept><rtept lat="32.74562" lon="-16.712831"><ele>63.27</ele></rtept><rtept lat="32.74569" lon="-16.71291"><ele>62.85</ele></rtept><rtept lat="32.745743" lon="-16.713"><ele>62.35</ele></rtept><rtept lat="32.74577" lon="-16.713068"><ele>61.96</ele></rtept><rtept lat="32.745884" lon="-16.71368"><ele>61.06</ele></rtept><rtept lat="32.745937" lon="-16.713835"><ele>60.96</ele></rtept><rtept lat="32.745975" lon="-16.713903"><ele>61.16</ele></rtept><rtept lat="32.746017" lon="-16.713957"><ele>61.29</ele></rtept><rtept lat="32.74612" lon="-16.714064"><ele>61.52</ele></rtept><rtept lat="32.746525" lon="-16.714418"><ele>62.23</ele></rtept><rtept lat="32.746864" lon="-16.714539"><ele>64.21</ele></rtept><rtept lat="32.746906" lon="-16.714548"><ele>64.17</ele></rtept><rtept lat="32.746944" lon="-16.714573"><ele>63.92</ele></rtept><rtept lat="32.74697" lon="-16.714607"><ele>62.95</ele></rtept><rtept lat="32.746994" lon="-16.714651"><ele>61.85</ele></rtept><rtept lat="32.747" lon="-16.714705"><ele>60.72</ele></rtept><rtept lat="32.746998" lon="-16.71476"><ele>59.92</ele></rtept><rtept lat="32.74698" lon="-16.71481"><ele>59.42</ele></rtept><rtept lat="32.74695" lon="-16.71485"><ele>59.89</ele></rtept><rtept lat="32.746906" lon="-16.714876"><ele>60.85</ele></rtept><rtept lat="32.746674" lon="-16.71514"><ele>68.67</ele></rtept><rtept lat="32.746605" lon="-16.715256"><ele>70.17</ele></rtept><rtept lat="32.746548" lon="-16.715326"><ele>70.98</ele></rtept><rtept lat="32.746468" lon="-16.7154"><ele>71.48</ele></rtept><rtept lat="32.746414" lon="-16.71543"><ele>71.43</ele></rtept><rtept lat="32.746304" lon="-16.71547"><ele>70.88</ele></rtept><rtept lat="32.745747" lon="-16.715546"><ele>66.58</ele></rtept><rtept lat="32.745564" lon="-16.715588"><ele>65.4</ele></rtept><rtept lat="32.744843" lon="-16.715845"><ele>62.07</ele></rtept><rtept lat="32.74487" lon="-16.715755"><ele>61.44</ele></rtept><rtept lat="32.744904" lon="-16.715708"><ele>61.16</ele></rtept><rtept lat="32.744965" lon="-16.715649"><ele>60.78</ele></rtept><rtept lat="32.745525" lon="-16.715311"><ele>57.07</ele></rtept><rtept lat="32.745556" lon="-16.715273"><ele>56.78</ele></rtept><rtept lat="32.745567" lon="-16.71523"><ele>56.53</ele></rtept><rtept lat="32.74556" lon="-16.71519"><ele>56.27</ele></rtept><rtept lat="32.745533" lon="-16.715162"><ele>56.01</ele></rtept><rtept lat="32.745476" lon="-16.715134"><ele>55.48</ele></rtept><rtept lat="32.745033" lon="-16.715183"><ele>50.02</ele></rtept><rtept lat="32.74498" lon="-16.715176"><ele>49.13</ele></rtept><rtept lat="32.74493" lon="-16.715158"><ele>48.27</ele></rtept><rtept lat="32.74474" lon="-16.71506"><ele>44.81</ele></rtept><rtept lat="32.74455" lon="-16.714994"><ele>41.07</ele></rtept><rtept lat="32.74439" lon="-16.714972"><ele>37.75</ele></rtept><rtept lat="32.74431" lon="-16.714973"><ele>35.96</ele></rtept><rtept lat="32.743656" lon="-16.715115"><ele>19.59</ele></rtept><rtept lat="32.74357" lon="-16.715117"><ele>17.39</ele></rtept><rtept lat="32.74341" lon="-16.715097"><ele>12.61</ele></rtept><rtept lat="32.74335" lon="-16.715103"><ele>10.56</ele></rtept><rtept lat="32.743286" lon="-16.715124"><ele>8.4</ele></rtept><rtept lat="32.7432" lon="-16.715178"><ele>5.99</ele></rtept><rtept lat="32.74314" lon="-16.71523"><ele>4.64</ele></rtept><rtept lat="32.74314" lon="-16.715303"><ele>5.13</ele></rtept><rtept lat="32.74312" lon="-16.71537"><ele>4.21</ele></rtept><rtept lat="32.743088" lon="-16.715416"><ele>3.57</ele></rtept><rtept lat="32.743057" lon="-16.715439"><ele>2.8</ele></rtept><rtept lat="32.74301" lon="-16.715458"><ele>1.69</ele></rtept><rtept lat="32.74299" lon="-16.71545"><ele>1.32</ele></rtept><rtept lat="32.74302" lon="-16.715528"><ele>2.17</ele></rtept><rtept lat="32.743134" lon="-16.71544"><ele>6.15</ele></rtept><rtept lat="32.74314" lon="-16.715452"><ele>6.35</ele></rtept><rtept lat="32.743126" lon="-16.715464"><ele>6.2</ele></rtept><rtept lat="32.743122" lon="-16.71553"><ele>5.41</ele></rtept><rtept lat="32.743122" lon="-16.71553"><ele>5.41</ele></rtept><rtept lat="32.743126" lon="-16.715464"><ele>6.2</ele></rtept><rtept lat="32.74314" lon="-16.715452"><ele>6.35</ele></rtept><rtept lat="32.743134" lon="-16.71544"><ele>6.15</ele></rtept><rtept lat="32.74316" lon="-16.715376"><ele>6.96</ele></rtept><rtept lat="32.74333" lon="-16.715193"><ele>10.93</ele></rtept><rtept lat="32.743374" lon="-16.7152"><ele>12.86</ele></rtept><rtept lat="32.743427" lon="-16.715183"><ele>14.96</ele></rtept><rtept lat="32.7435" lon="-16.715187"><ele>17.77</ele></rtept><rtept lat="32.74361" lon="-16.715176"><ele>22.41</ele></rtept><rtept lat="32.743668" lon="-16.715265"><ele>26.25</ele></rtept><rtept lat="32.74367" lon="-16.715298"><ele>27.25</ele></rtept><rtept lat="32.743664" lon="-16.71546"><ele>32.07</ele></rtept><rtept lat="32.74367" lon="-16.71548"><ele>32.72</ele></rtept><rtept lat="32.743687" lon="-16.71549"><ele>33.37</ele></rtept><rtept lat="32.743732" lon="-16.715487"><ele>34.74</ele></rtept><rtept lat="32.743965" lon="-16.715395"><ele>42.36</ele></rtept><rtept lat="32.744007" lon="-16.71541"><ele>43.9</ele></rtept><rtept lat="32.744045" lon="-16.715506"><ele>46.7</ele></rtept><rtept lat="32.74406" lon="-16.715582"><ele>48.47</ele></rtept><rtept lat="32.74407" lon="-16.715658"><ele>50.16</ele></rtept><rtept lat="32.74406" lon="-16.71572"><ele>51.53</ele></rtept><rtept lat="32.743958" lon="-16.715965"><ele>54.02</ele></rtept><rtept lat="32.743958" lon="-16.716038"><ele>54.47</ele></rtept><rtept lat="32.74392" lon="-16.716045"><ele>53.8</ele></rtept><rtept lat="32.743866" lon="-16.716076"><ele>52.97</ele></rtept><rtept lat="32.743843" lon="-16.716108"><ele>52.73</ele></rtept><rtept lat="32.743828" lon="-16.716185"><ele>52.22</ele></rtept><rtept lat="32.743855" lon="-16.716236"><ele>52.61</ele></rtept><rtept lat="32.74381" lon="-16.71629"><ele>51.72</ele></rtept><rtept lat="32.74379" lon="-16.716328"><ele>51.37</ele></rtept><rtept lat="32.74376" lon="-16.716455"><ele>50.04</ele></rtept><rtept lat="32.74376" lon="-16.71652"><ele>49.32</ele></rtept><rtept lat="32.743774" lon="-16.71664"><ele>48.06</ele></rtept><rtept lat="32.743816" lon="-16.716797"><ele>46.07</ele></rtept><rtept lat="32.74402" lon="-16.717184"><ele>44.5</ele></rtept><rtept lat="32.744164" lon="-16.7175"><ele>50.06</ele></rtept><rtept lat="32.744194" lon="-16.717632"><ele>51.01</ele></rtept><rtept lat="32.744194" lon="-16.717724"><ele>52.03</ele></rtept><rtept lat="32.74416" lon="-16.718096"><ele>53.42</ele></rtept><rtept lat="32.744064" lon="-16.71837"><ele>56.46</ele></rtept><rtept lat="32.74395" lon="-16.718771"><ele>56.45</ele></rtept><rtept lat="32.74392" lon="-16.718925"><ele>56.79</ele></rtept><rtept lat="32.743885" lon="-16.719173"><ele>57.09</ele></rtept><rtept lat="32.743874" lon="-16.719423"><ele>57.14</ele></rtept><rtept lat="32.74388" lon="-16.719616"><ele>57.33</ele></rtept><rtept lat="32.743896" lon="-16.719788"><ele>57.55</ele></rtept><rtept lat="32.743984" lon="-16.720425"><ele>57.74</ele></rtept><rtept lat="32.743984" lon="-16.720425"><ele>57.74</ele></rtept><rtept lat="32.744102" lon="-16.721195"><ele>59.0</ele></rtept><rtept lat="32.744106" lon="-16.721287"><ele>59.18</ele></rtept><rtept lat="32.744095" lon="-16.721563"><ele>59.78</ele></rtept><rtept lat="32.744045" lon="-16.722021"><ele>61.05</ele></rtept><rtept lat="32.744" lon="-16.722342"><ele>61.42</ele></rtept><rtept lat="32.743946" lon="-16.72254"><ele>61.71</ele></rtept><rtept lat="32.743614" lon="-16.723593"><ele>60.97</ele></rtept><rtept lat="32.743584" lon="-16.723719"><ele>59.72</ele></rtept><rtept lat="32.74357" lon="-16.723904"><ele>58.41</ele></rtept><rtept lat="32.74357" lon="-16.723997"><ele>58.22</ele></rtept><rtept lat="32.74359" lon="-16.724138"><ele>58.02</ele></rtept><rtept lat="32.743774" lon="-16.72482"><ele>56.97</ele></rtept><rtept lat="32.743816" lon="-16.725044"><ele>56.49</ele></rtept><rtept lat="32.743835" lon="-16.725204"><ele>57.01</ele></rtept><rtept lat="32.743877" lon="-16.725603"><ele>57.98</ele></rtept><rtept lat="32.743904" lon="-16.725994"><ele>59.62</ele></rtept><rtept lat="32.743904" lon="-16.7261"><ele>59.76</ele></rtept><rtept lat="32.743874" lon="-16.726694"><ele>60.54</ele></rtept><rtept lat="32.743835" lon="-16.726942"><ele>60.2</ele></rtept><rtept lat="32.743484" lon="-16.728344"><ele>58.13</ele></rtept><rtept lat="32.74347" lon="-16.728546"><ele>57.61</ele></rtept><rtept lat="32.743484" lon="-16.728743"><ele>56.86</ele></rtept><rtept lat="32.743526" lon="-16.728966"><ele>55.61</ele></rtept><rtept lat="32.743614" lon="-16.729303"><ele>52.74</ele></rtept><rtept lat="32.744083" lon="-16.73062"><ele>35.5</ele></rtept><rtept lat="32.744137" lon="-16.730839"><ele>33.91</ele></rtept><rtept lat="32.74415" lon="-16.731"><ele>35.7</ele></rtept><rtept lat="32.74412" lon="-16.731173"><ele>36.65</ele></rtept><rtept lat="32.74407" lon="-16.731304"><ele>36.36</ele></rtept><rtept lat="32.744034" lon="-16.731361"><ele>36.26</ele></rtept><rtept lat="32.74392" lon="-16.731485"><ele>36.95</ele></rtept><rtept lat="32.74359" lon="-16.731785"><ele>34.71</ele></rtept><rtept lat="32.74361" lon="-16.73182"><ele>35.49</ele></rtept><rtept lat="32.74356" lon="-16.731876"><ele>36.17</ele></rtept><rtept lat="32.743507" lon="-16.731953"><ele>37.29</ele></rtept><rtept lat="32.743477" lon="-16.73203"><ele>38.28</ele></rtept><rtept lat="32.74346" lon="-16.732088"><ele>38.85</ele></rtept><rtept lat="32.743423" lon="-16.732162"><ele>39.51</ele></rtept><rtept lat="32.743366" lon="-16.732218"><ele>40.25</ele></rtept><rtept lat="32.743298" lon="-16.732244"><ele>41.08</ele></rtept><rtept lat="32.743145" lon="-16.732231"><ele>42.34</ele></rtept><rtept lat="32.743076" lon="-16.73224"><ele>42.83</ele></rtept><rtept lat="32.742996" lon="-16.73226"><ele>43.71</ele></rtept><rtept lat="32.742973" lon="-16.732172"><ele>41.91</ele></rtept><rtept lat="32.74264" lon="-16.7323"><ele>42.45</ele></rtept><rtept lat="32.74215" lon="-16.732449"><ele>38.37</ele></rtept><rtept lat="32.742" lon="-16.732533"><ele>39.5</ele></rtept><rtept lat="32.74174" lon="-16.732777"><ele>39.93</ele></rtept><rtept lat="32.74146" lon="-16.73307"><ele>39.52</ele></rtept><rtept lat="32.74139" lon="-16.733164"><ele>39.22</ele></rtept><rtept lat="32.74131" lon="-16.73333"><ele>38.79</ele></rtept><rtept lat="32.74129" lon="-16.73339"><ele>38.66</ele></rtept><rtept lat="32.741276" lon="-16.733486"><ele>38.54</ele></rtept><rtept lat="32.74128" lon="-16.733664"><ele>38.46</ele></rtept><rtept lat="32.741318" lon="-16.733816"><ele>38.57</ele></rtept><rtept lat="32.74138" lon="-16.733938"><ele>38.72</ele></rtept><rtept lat="32.741413" lon="-16.73399"><ele>38.76</ele></rtept><rtept lat="32.741516" lon="-16.734112"><ele>38.88</ele></rtept><rtept lat="32.741783" lon="-16.73435"><ele>40.84</ele></rtept><rtept lat="32.741886" lon="-16.734465"><ele>41.97</ele></rtept><rtept lat="32.74194" lon="-16.734547"><ele>42.71</ele></rtept><rtept lat="32.74201" lon="-16.734697"><ele>44.3</ele></rtept><rtept lat="32.74204" lon="-16.734795"><ele>45.87</ele></rtept><rtept lat="32.742073" lon="-16.734968"><ele>50.56</ele></rtept><rtept lat="32.74221" lon="-16.735779"><ele>60.35</ele></rtept><rtept lat="32.7422" lon="-16.736065"><ele>60.16</ele></rtept><rtept lat="32.74219" lon="-16.736149"><ele>60.3</ele></rtept><rtept lat="32.74217" lon="-16.736265"><ele>60.75</ele></rtept><rtept lat="32.742134" lon="-16.736336"><ele>60.44</ele></rtept><rtept lat="32.74212" lon="-16.73641"><ele>60.55</ele></rtept><rtept lat="32.74212" lon="-16.73649"><ele>61.08</ele></rtept><rtept lat="32.74213" lon="-16.736563"><ele>61.89</ele></rtept><rtept lat="32.742157" lon="-16.736628"><ele>62.74</ele></rtept><rtept lat="32.742195" lon="-16.736685"><ele>63.6</ele></rtept><rtept lat="32.742245" lon="-16.73673"><ele>64.23</ele></rtept><rtept lat="32.742134" lon="-16.736713"><ele>63.64</ele></rtept><rtept lat="32.742046" lon="-16.736727"><ele>63.53</ele></rtept><rtept lat="32.74201" lon="-16.736748"><ele>63.43</ele></rtept><rtept lat="32.741913" lon="-16.73683"><ele>64.06</ele></rtept><rtept lat="32.741917" lon="-16.736866"><ele>64.67</ele></rtept><rtept lat="32.741962" lon="-16.73687"><ele>64.76</ele></rtept><rtept lat="32.741924" lon="-16.736988"><ele>66.18</ele></rtept><rtept lat="32.741913" lon="-16.73707"><ele>66.27</ele></rtept><rtept lat="32.741943" lon="-16.737307"><ele>65.8</ele></rtept><rtept lat="32.741894" lon="-16.73732"><ele>64.93</ele></rtept><rtept lat="32.741917" lon="-16.737486"><ele>63.34</ele></rtept><rtept lat="32.741634" lon="-16.737461"><ele>60.26</ele></rtept><rtept lat="32.741512" lon="-16.737465"><ele>58.94</ele></rtept><rtept lat="32.741165" lon="-16.737495"><ele>55.4</ele></rtept><rtept lat="32.74115" lon="-16.73768"><ele>52.74</ele></rtept><rtept lat="32.741123" lon="-16.737799"><ele>50.52</ele></rtept><rtept lat="32.7411" lon="-16.737852"><ele>49.5</ele></rtept><rtept lat="32.740734" lon="-16.738544"><ele>41.5</ele></rtept><rtept lat="32.740685" lon="-16.738607"><ele>41.48</ele></rtept><rtept lat="32.740616" lon="-16.738636"><ele>41.38</ele></rtept><rtept lat="32.740547" lon="-16.73863"><ele>41.22</ele></rtept><rtept lat="32.740376" lon="-16.738575"><ele>40.57</ele></rtept><rtept lat="32.740314" lon="-16.738564"><ele>40.39</ele></rtept><rtept lat="32.740242" lon="-16.738571"><ele>40.08</ele></rtept><rtept lat="32.740177" lon="-16.738611"><ele>39.67</ele></rtept><rtept lat="32.74013" lon="-16.738659"><ele>39.11</ele></rtept><rtept lat="32.7401" lon="-16.7387"><ele>38.51</ele></rtept><rtept lat="32.740093" lon="-16.738743"><ele>37.95</ele></rtept><rtept lat="32.739994" lon="-16.738714"><ele>37.66</ele></rtept><rtept lat="32.73945" lon="-16.738503"><ele>37.3</ele></rtept><rtept lat="32.739353" lon="-16.738384"><ele>36.26</ele></rtept><rtept lat="32.739285" lon="-16.738321"><ele>34.88</ele></rtept><rtept lat="32.739204" lon="-16.738276"><ele>33.36</ele></rtept><rtept lat="32.739117" lon="-16.738241"><ele>31.7</ele></rtept><rtept lat="32.73899" lon="-16.73821"><ele>29.98</ele></rtept><rtept lat="32.7386" lon="-16.738138"><ele>23.49</ele></rtept><rtept lat="32.738537" lon="-16.738113"><ele>22.54</ele></rtept><rtept lat="32.738438" lon="-16.738039"><ele>21.22</ele></rtept><rtept lat="32.738403" lon="-16.738003"><ele>20.79</ele></rtept><rtept lat="32.73828" lon="-16.737825"><ele>19.02</ele></rtept><rtept lat="32.738216" lon="-16.73778"><ele>18.17</ele></rtept></rte></gpx>